[     248ms] [WARNING] Carbon for IBM Products (WARNING): Component "InterstitialScreen" enabled via feature flags. This component has not yet completed its review process. @ https://w3.ibm.com/assets/index-CGOK6XBv.js:908
[     248ms] [WARNING] Carbon for IBM Products (WARNING): Component "InterstitialScreenView" enabled via feature flags. This component has not yet completed its review process. @ https://w3.ibm.com/assets/index-CGOK6XBv.js:908
[     248ms] [WARNING] Carbon for IBM Products (WARNING): Component "InterstitialScreenViewModule" enabled via feature flags. This component has not yet completed its review process. @ https://w3.ibm.com/assets/index-CGOK6XBv.js:908
[     249ms] [WARNING] Carbon for IBM Products (WARNING): Component "Coachmark" enabled via feature flags. This component has not yet completed its review process. @ https://w3.ibm.com/assets/index-CGOK6XBv.js:908
[     249ms] [WARNING] Carbon for IBM Products (WARNING): Component "CoachmarkBeacon" enabled via feature flags. This component has not yet completed its review process. @ https://w3.ibm.com/assets/index-CGOK6XBv.js:908
[     249ms] [WARNING] Carbon for IBM Products (WARNING): Component "CoachmarkButton" enabled via feature flags. This component has not yet completed its review process. @ https://w3.ibm.com/assets/index-CGOK6XBv.js:908
[     249ms] [WARNING] Carbon for IBM Products (WARNING): Component "CoachmarkOverlayElement" enabled via feature flags. This component has not yet completed its review process. @ https://w3.ibm.com/assets/index-CGOK6XBv.js:908
[     249ms] [WARNING] Carbon for IBM Products (WARNING): Component "CoachmarkOverlayElements" enabled via feature flags. This component has not yet completed its review process. @ https://w3.ibm.com/assets/index-CGOK6XBv.js:908
[     249ms] [WARNING] Carbon for IBM Products (WARNING): Component "Guidebanner" enabled via feature flags. This component has not yet completed its review process. @ https://w3.ibm.com/assets/index-CGOK6XBv.js:908
[     249ms] [WARNING] Carbon for IBM Products (WARNING): Component "GuidebannerElement" enabled via feature flags. This component has not yet completed its review process. @ https://w3.ibm.com/assets/index-CGOK6XBv.js:908
[     250ms] [WARNING] Carbon for IBM Products (WARNING): Component "InlineTip" enabled via feature flags. This component has not yet completed its review process. @ https://w3.ibm.com/assets/index-CGOK6XBv.js:908
[     255ms] [WARNING] An error occurred! For more details, see the full error text at https://go.apollo.dev/c/err#%7B%22version%22%3A%223.14.1%22%2C%22message%22%3A103%2C%22args%22%3A%5B%22useLazyQuery%22%2C%22onCompleted%22%2C%22If%20your%20%60onCompleted%60%20callback%20sets%20local%20state%2C%20switch%20to%20use%20derived%20state%20using%20%60data%60%20returned%20from%20the%20hook%20instead.%20Use%20%60useEffect%60%20to%20perform%20side-effects%20as%20a%20result%20of%20updates%20to%20%60data%60.%22%5D%7D @ https://w3.ibm.com/assets/index-CGOK6XBv.js:193
[     255ms] [WARNING] An error occurred! For more details, see the full error text at https://go.apollo.dev/c/err#%7B%22version%22%3A%223.14.1%22%2C%22message%22%3A103%2C%22args%22%3A%5B%22useLazyQuery%22%2C%22onError%22%2C%22If%20your%20%60onError%60%20callback%20sets%20local%20state%2C%20switch%20to%20use%20derived%20state%20using%20%60data%60%2C%20%60error%60%20or%20%60errors%60%20returned%20from%20the%20hook%20instead.%20Use%20%60useEffect%60%20if%20you%20need%20to%20perform%20side-effects%20as%20a%20result%20of%20updates%20to%20%60data%60%2C%20%60error%60%20or%20%60errors%60.%22%5D%7D @ https://w3.ibm.com/assets/index-CGOK6XBv.js:193
[     261ms] [WARNING] An error occurred! For more details, see the full error text at https://go.apollo.dev/c/err#%7B%22version%22%3A%223.14.1%22%2C%22message%22%3A103%2C%22args%22%3A%5B%22useLazyQuery%22%2C%22onCompleted%22%2C%22If%20your%20%60onCompleted%60%20callback%20sets%20local%20state%2C%20switch%20to%20use%20derived%20state%20using%20%60data%60%20returned%20from%20the%20hook%20instead.%20Use%20%60useEffect%60%20to%20perform%20side-effects%20as%20a%20result%20of%20updates%20to%20%60data%60.%22%5D%7D @ https://w3.ibm.com/assets/index-CGOK6XBv.js:193
[     261ms] [WARNING] An error occurred! For more details, see the full error text at https://go.apollo.dev/c/err#%7B%22version%22%3A%223.14.1%22%2C%22message%22%3A103%2C%22args%22%3A%5B%22useLazyQuery%22%2C%22onError%22%2C%22If%20your%20%60onError%60%20callback%20sets%20local%20state%2C%20switch%20to%20use%20derived%20state%20using%20%60data%60%2C%20%60error%60%20or%20%60errors%60%20returned%20from%20the%20hook%20instead.%20Use%20%60useEffect%60%20if%20you%20need%20to%20perform%20side-effects%20as%20a%20result%20of%20updates%20to%20%60data%60%2C%20%60error%60%20or%20%60errors%60.%22%5D%7D @ https://w3.ibm.com/assets/index-CGOK6XBv.js:193
[     261ms] [WARNING] An error occurred! For more details, see the full error text at https://go.apollo.dev/c/err#%7B%22version%22%3A%223.14.1%22%2C%22message%22%3A103%2C%22args%22%3A%5B%22useLazyQuery%22%2C%22variables%22%2C%22Pass%20all%20%60variables%60%20to%20the%20returned%20%60execute%60%20function%20instead.%22%5D%7D @ https://w3.ibm.com/assets/index-CGOK6XBv.js:193
[     261ms] [WARNING] An error occurred! For more details, see the full error text at https://go.apollo.dev/c/err#%7B%22version%22%3A%223.14.1%22%2C%22message%22%3A103%2C%22args%22%3A%5B%22useLazyQuery%22%2C%22onCompleted%22%2C%22If%20your%20%60onCompleted%60%20callback%20sets%20local%20state%2C%20switch%20to%20use%20derived%20state%20using%20%60data%60%20returned%20from%20the%20hook%20instead.%20Use%20%60useEffect%60%20to%20perform%20side-effects%20as%20a%20result%20of%20updates%20to%20%60data%60.%22%5D%7D @ https://w3.ibm.com/assets/index-CGOK6XBv.js:193
[     265ms] [WARNING] No `HydrateFallback` element provided to render during initial hydration @ https://w3.ibm.com/assets/index-CGOK6XBv.js:49
[   10227ms] [LOG] Download the Apollo DevTools for a better development experience: %s https://chrome.google.com/webstore/detail/apollo-client-developer-t/jdkknkkbebbapilgoeccciglkfbmbnfm @ https://w3.ibm.com/assets/index-CGOK6XBv.js:193
[   19380ms] [INFO] %c BeeHeard %c 5771 color: white; background: blue;  @ :0
[   19380ms] [INFO] %c BeeHeard Initialized (w3) %c color: white; background: blue;  @ https://w3.ibm.com/assets/index-CGOK6XBv.js:890
[   20271ms] [ERROR] error asserting authenticated environment, timeout of 10000ms exceeded @ https://w3.ibm.com/assets/index-CGOK6XBv.js:3806
[   26684ms] [WARNING] Carbon for IBM Products (WARNING): Component "InterstitialScreen" enabled via feature flags. This component has not yet completed its review process. @ https://w3.ibm.com/assets/index-CGOK6XBv.js:908
[   26684ms] [WARNING] Carbon for IBM Products (WARNING): Component "InterstitialScreenView" enabled via feature flags. This component has not yet completed its review process. @ https://w3.ibm.com/assets/index-CGOK6XBv.js:908
[   26685ms] [WARNING] Carbon for IBM Products (WARNING): Component "InterstitialScreenViewModule" enabled via feature flags. This component has not yet completed its review process. @ https://w3.ibm.com/assets/index-CGOK6XBv.js:908
[   26685ms] [WARNING] Carbon for IBM Products (WARNING): Component "Coachmark" enabled via feature flags. This component has not yet completed its review process. @ https://w3.ibm.com/assets/index-CGOK6XBv.js:908
[   26685ms] [WARNING] Carbon for IBM Products (WARNING): Component "CoachmarkBeacon" enabled via feature flags. This component has not yet completed its review process. @ https://w3.ibm.com/assets/index-CGOK6XBv.js:908
[   26685ms] [WARNING] Carbon for IBM Products (WARNING): Component "CoachmarkButton" enabled via feature flags. This component has not yet completed its review process. @ https://w3.ibm.com/assets/index-CGOK6XBv.js:908
[   26685ms] [WARNING] Carbon for IBM Products (WARNING): Component "CoachmarkOverlayElement" enabled via feature flags. This component has not yet completed its review process. @ https://w3.ibm.com/assets/index-CGOK6XBv.js:908
[   26685ms] [WARNING] Carbon for IBM Products (WARNING): Component "CoachmarkOverlayElements" enabled via feature flags. This component has not yet completed its review process. @ https://w3.ibm.com/assets/index-CGOK6XBv.js:908
[   26685ms] [WARNING] Carbon for IBM Products (WARNING): Component "Guidebanner" enabled via feature flags. This component has not yet completed its review process. @ https://w3.ibm.com/assets/index-CGOK6XBv.js:908
[   26686ms] [WARNING] Carbon for IBM Products (WARNING): Component "GuidebannerElement" enabled via feature flags. This component has not yet completed its review process. @ https://w3.ibm.com/assets/index-CGOK6XBv.js:908
[   26686ms] [WARNING] Carbon for IBM Products (WARNING): Component "InlineTip" enabled via feature flags. This component has not yet completed its review process. @ https://w3.ibm.com/assets/index-CGOK6XBv.js:908
[   26688ms] [WARNING] An error occurred! For more details, see the full error text at https://go.apollo.dev/c/err#%7B%22version%22%3A%223.14.1%22%2C%22message%22%3A103%2C%22args%22%3A%5B%22useLazyQuery%22%2C%22onCompleted%22%2C%22If%20your%20%60onCompleted%60%20callback%20sets%20local%20state%2C%20switch%20to%20use%20derived%20state%20using%20%60data%60%20returned%20from%20the%20hook%20instead.%20Use%20%60useEffect%60%20to%20perform%20side-effects%20as%20a%20result%20of%20updates%20to%20%60data%60.%22%5D%7D @ https://w3.ibm.com/assets/index-CGOK6XBv.js:193
[   26688ms] [WARNING] An error occurred! For more details, see the full error text at https://go.apollo.dev/c/err#%7B%22version%22%3A%223.14.1%22%2C%22message%22%3A103%2C%22args%22%3A%5B%22useLazyQuery%22%2C%22onError%22%2C%22If%20your%20%60onError%60%20callback%20sets%20local%20state%2C%20switch%20to%20use%20derived%20state%20using%20%60data%60%2C%20%60error%60%20or%20%60errors%60%20returned%20from%20the%20hook%20instead.%20Use%20%60useEffect%60%20if%20you%20need%20to%20perform%20side-effects%20as%20a%20result%20of%20updates%20to%20%60data%60%2C%20%60error%60%20or%20%60errors%60.%22%5D%7D @ https://w3.ibm.com/assets/index-CGOK6XBv.js:193
[   26690ms] [WARNING] An error occurred! For more details, see the full error text at https://go.apollo.dev/c/err#%7B%22version%22%3A%223.14.1%22%2C%22message%22%3A103%2C%22args%22%3A%5B%22useLazyQuery%22%2C%22onCompleted%22%2C%22If%20your%20%60onCompleted%60%20callback%20sets%20local%20state%2C%20switch%20to%20use%20derived%20state%20using%20%60data%60%20returned%20from%20the%20hook%20instead.%20Use%20%60useEffect%60%20to%20perform%20side-effects%20as%20a%20result%20of%20updates%20to%20%60data%60.%22%5D%7D @ https://w3.ibm.com/assets/index-CGOK6XBv.js:193
[   26690ms] [WARNING] An error occurred! For more details, see the full error text at https://go.apollo.dev/c/err#%7B%22version%22%3A%223.14.1%22%2C%22message%22%3A103%2C%22args%22%3A%5B%22useLazyQuery%22%2C%22onError%22%2C%22If%20your%20%60onError%60%20callback%20sets%20local%20state%2C%20switch%20to%20use%20derived%20state%20using%20%60data%60%2C%20%60error%60%20or%20%60errors%60%20returned%20from%20the%20hook%20instead.%20Use%20%60useEffect%60%20if%20you%20need%20to%20perform%20side-effects%20as%20a%20result%20of%20updates%20to%20%60data%60%2C%20%60error%60%20or%20%60errors%60.%22%5D%7D @ https://w3.ibm.com/assets/index-CGOK6XBv.js:193
[   26690ms] [WARNING] An error occurred! For more details, see the full error text at https://go.apollo.dev/c/err#%7B%22version%22%3A%223.14.1%22%2C%22message%22%3A103%2C%22args%22%3A%5B%22useLazyQuery%22%2C%22variables%22%2C%22Pass%20all%20%60variables%60%20to%20the%20returned%20%60execute%60%20function%20instead.%22%5D%7D @ https://w3.ibm.com/assets/index-CGOK6XBv.js:193
[   26690ms] [WARNING] An error occurred! For more details, see the full error text at https://go.apollo.dev/c/err#%7B%22version%22%3A%223.14.1%22%2C%22message%22%3A103%2C%22args%22%3A%5B%22useLazyQuery%22%2C%22onCompleted%22%2C%22If%20your%20%60onCompleted%60%20callback%20sets%20local%20state%2C%20switch%20to%20use%20derived%20state%20using%20%60data%60%20returned%20from%20the%20hook%20instead.%20Use%20%60useEffect%60%20to%20perform%20side-effects%20as%20a%20result%20of%20updates%20to%20%60data%60.%22%5D%7D @ https://w3.ibm.com/assets/index-CGOK6XBv.js:193
[   26691ms] [WARNING] No `HydrateFallback` element provided to render during initial hydration @ https://w3.ibm.com/assets/index-CGOK6XBv.js:49
[   27151ms] [INFO] %c BeeHeard %c 117 color: white; background: blue;  @ :0
[   27151ms] [INFO] %c BeeHeard Initialized (w3) %c color: white; background: blue;  @ https://w3.ibm.com/assets/index-CGOK6XBv.js:890
[   27414ms] [INFO] %c BeeHeard %c 103 color: white; background: blue;  @ :0
[   27414ms] [INFO] %c BeeHeard Initialized (w3) %c color: white; background: blue;  @ https://w3.ibm.com/assets/index-CGOK6XBv.js:890
[   36657ms] [LOG] Download the Apollo DevTools for a better development experience: %s https://chrome.google.com/webstore/detail/apollo-client-developer-t/jdkknkkbebbapilgoeccciglkfbmbnfm @ https://w3.ibm.com/assets/index-CGOK6XBv.js:193
[  172148ms] [WARNING] An error occurred! For more details, see the full error text at https://go.apollo.dev/c/err#%7B%22version%22%3A%223.14.1%22%2C%22message%22%3A103%2C%22args%22%3A%5B%22useLazyQuery%22%2C%22variables%22%2C%22Pass%20all%20%60variables%60%20to%20the%20returned%20%60execute%60%20function%20instead.%22%5D%7D @ https://w3.ibm.com/assets/index-CGOK6XBv.js:193
[  172148ms] [WARNING] An error occurred! For more details, see the full error text at https://go.apollo.dev/c/err#%7B%22version%22%3A%223.14.1%22%2C%22message%22%3A103%2C%22args%22%3A%5B%22useLazyQuery%22%2C%22onCompleted%22%2C%22If%20your%20%60onCompleted%60%20callback%20sets%20local%20state%2C%20switch%20to%20use%20derived%20state%20using%20%60data%60%20returned%20from%20the%20hook%20instead.%20Use%20%60useEffect%60%20to%20perform%20side-effects%20as%20a%20result%20of%20updates%20to%20%60data%60.%22%5D%7D @ https://w3.ibm.com/assets/index-CGOK6XBv.js:193
[  172148ms] [WARNING] An error occurred! For more details, see the full error text at https://go.apollo.dev/c/err#%7B%22version%22%3A%223.14.1%22%2C%22message%22%3A103%2C%22args%22%3A%5B%22useLazyQuery%22%2C%22onError%22%2C%22If%20your%20%60onError%60%20callback%20sets%20local%20state%2C%20switch%20to%20use%20derived%20state%20using%20%60data%60%2C%20%60error%60%20or%20%60errors%60%20returned%20from%20the%20hook%20instead.%20Use%20%60useEffect%60%20if%20you%20need%20to%20perform%20side-effects%20as%20a%20result%20of%20updates%20to%20%60data%60%2C%20%60error%60%20or%20%60errors%60.%22%5D%7D @ https://w3.ibm.com/assets/index-CGOK6XBv.js:193
[  172149ms] [WARNING] An error occurred! For more details, see the full error text at https://go.apollo.dev/c/err#%7B%22version%22%3A%223.14.1%22%2C%22message%22%3A103%2C%22args%22%3A%5B%22useLazyQuery%22%2C%22variables%22%2C%22Pass%20all%20%60variables%60%20to%20the%20returned%20%60execute%60%20function%20instead.%22%5D%7D @ https://w3.ibm.com/assets/index-CGOK6XBv.js:193
[  172155ms] [WARNING] An error occurred! For more details, see the full error text at https://go.apollo.dev/c/err#%7B%22version%22%3A%223.14.1%22%2C%22message%22%3A103%2C%22args%22%3A%5B%22useLazyQuery%22%2C%22variables%22%2C%22Pass%20all%20%60variables%60%20to%20the%20returned%20%60execute%60%20function%20instead.%22%5D%7D @ https://w3.ibm.com/assets/index-CGOK6XBv.js:193
[  172161ms] [WARNING] An error occurred! For more details, see the full error text at https://go.apollo.dev/c/err#%7B%22version%22%3A%223.14.1%22%2C%22message%22%3A103%2C%22args%22%3A%5B%22useLazyQuery%22%2C%22variables%22%2C%22Pass%20all%20%60variables%60%20to%20the%20returned%20%60execute%60%20function%20instead.%22%5D%7D @ https://w3.ibm.com/assets/index-CGOK6XBv.js:193
[  172167ms] [WARNING] An error occurred! For more details, see the full error text at https://go.apollo.dev/c/err#%7B%22version%22%3A%223.14.1%22%2C%22message%22%3A103%2C%22args%22%3A%5B%22useLazyQuery%22%2C%22variables%22%2C%22Pass%20all%20%60variables%60%20to%20the%20returned%20%60execute%60%20function%20instead.%22%5D%7D @ https://w3.ibm.com/assets/index-CGOK6XBv.js:193
[  172173ms] [WARNING] An error occurred! For more details, see the full error text at https://go.apollo.dev/c/err#%7B%22version%22%3A%223.14.1%22%2C%22message%22%3A103%2C%22args%22%3A%5B%22useLazyQuery%22%2C%22variables%22%2C%22Pass%20all%20%60variables%60%20to%20the%20returned%20%60execute%60%20function%20instead.%22%5D%7D @ https://w3.ibm.com/assets/index-CGOK6XBv.js:193
[  172179ms] [WARNING] An error occurred! For more details, see the full error text at https://go.apollo.dev/c/err#%7B%22version%22%3A%223.14.1%22%2C%22message%22%3A103%2C%22args%22%3A%5B%22useLazyQuery%22%2C%22variables%22%2C%22Pass%20all%20%60variables%60%20to%20the%20returned%20%60execute%60%20function%20instead.%22%5D%7D @ https://w3.ibm.com/assets/index-CGOK6XBv.js:193
[  172179ms] [WARNING] An error occurred! For more details, see the full error text at https://go.apollo.dev/c/err#%7B%22version%22%3A%223.14.1%22%2C%22message%22%3A103%2C%22args%22%3A%5B%22useQuery%22%2C%22onCompleted%22%2C%22If%20your%20%60onCompleted%60%20callback%20sets%20local%20state%2C%20switch%20to%20use%20derived%20state%20using%20%60data%60%20returned%20from%20the%20hook%20instead.%20Use%20%60useEffect%60%20to%20perform%20side-effects%20as%20a%20result%20of%20updates%20to%20%60data%60.%22%5D%7D @ https://w3.ibm.com/assets/index-CGOK6XBv.js:193
[  172180ms] [WARNING] An error occurred! For more details, see the full error text at https://go.apollo.dev/c/err#%7B%22version%22%3A%223.14.1%22%2C%22message%22%3A103%2C%22args%22%3A%5B%22useQuery%22%2C%22onCompleted%22%2C%22If%20your%20%60onCompleted%60%20callback%20sets%20local%20state%2C%20switch%20to%20use%20derived%20state%20using%20%60data%60%20returned%20from%20the%20hook%20instead.%20Use%20%60useEffect%60%20to%20perform%20side-effects%20as%20a%20result%20of%20updates%20to%20%60data%60.%22%5D%7D @ https://w3.ibm.com/assets/index-CGOK6XBv.js:193
[  172180ms] [WARNING] An error occurred! For more details, see the full error text at https://go.apollo.dev/c/err#%7B%22version%22%3A%223.14.1%22%2C%22message%22%3A103%2C%22args%22%3A%5B%22useQuery%22%2C%22onError%22%2C%22If%20your%20%60onError%60%20callback%20sets%20local%20state%2C%20switch%20to%20use%20derived%20state%20using%20%60data%60%2C%20%60error%60%20or%20%60errors%60%20returned%20from%20the%20hook%20instead.%20Use%20%60useEffect%60%20if%20you%20need%20to%20perform%20side-effects%20as%20a%20result%20of%20updates%20to%20%60data%60%2C%20%60error%60%20or%20%60errors%60.%22%5D%7D @ https://w3.ibm.com/assets/index-CGOK6XBv.js:193
[  172181ms] [WARNING] An error occurred! For more details, see the full error text at https://go.apollo.dev/c/err#%7B%22version%22%3A%223.14.1%22%2C%22message%22%3A103%2C%22args%22%3A%5B%22useLazyQuery%22%2C%22variables%22%2C%22Pass%20all%20%60variables%60%20to%20the%20returned%20%60execute%60%20function%20instead.%22%5D%7D @ https://w3.ibm.com/assets/index-CGOK6XBv.js:193
[  172181ms] [WARNING] An error occurred! For more details, see the full error text at https://go.apollo.dev/c/err#%7B%22version%22%3A%223.14.1%22%2C%22message%22%3A103%2C%22args%22%3A%5B%22useLazyQuery%22%2C%22variables%22%2C%22Pass%20all%20%60variables%60%20to%20the%20returned%20%60execute%60%20function%20instead.%22%5D%7D @ https://w3.ibm.com/assets/index-CGOK6XBv.js:193
[  172182ms] [WARNING] An error occurred! For more details, see the full error text at https://go.apollo.dev/c/err#%7B%22version%22%3A%223.14.1%22%2C%22message%22%3A103%2C%22args%22%3A%5B%22useLazyQuery%22%2C%22variables%22%2C%22Pass%20all%20%60variables%60%20to%20the%20returned%20%60execute%60%20function%20instead.%22%5D%7D @ https://w3.ibm.com/assets/index-CGOK6XBv.js:193
[  172195ms] [WARNING] An error occurred! For more details, see the full error text at https://go.apollo.dev/c/err#%7B%22version%22%3A%223.14.1%22%2C%22message%22%3A103%2C%22args%22%3A%5B%22useLazyQuery%22%2C%22variables%22%2C%22Pass%20all%20%60variables%60%20to%20the%20returned%20%60execute%60%20function%20instead.%22%5D%7D @ https://w3.ibm.com/assets/index-CGOK6XBv.js:193
[  172218ms] [WARNING] An error occurred! For more details, see the full error text at https://go.apollo.dev/c/err#%7B%22version%22%3A%223.14.1%22%2C%22message%22%3A103%2C%22args%22%3A%5B%22useLazyQuery.execute%22%2C%22onError%22%2C%22Please%20remove%20this%20option.%22%5D%7D @ https://w3.ibm.com/assets/index-CGOK6XBv.js:193
[  172231ms] [WARNING] An error occurred! For more details, see the full error text at https://go.apollo.dev/c/err#%7B%22version%22%3A%223.14.1%22%2C%22message%22%3A103%2C%22args%22%3A%5B%22useLazyQuery.execute%22%2C%22notifyOnNetworkStatusChange%22%2C%22Please%20pass%20the%20option%20to%20the%20%60useLazyQuery%60%20hook%20instead.%22%5D%7D @ https://w3.ibm.com/assets/index-CGOK6XBv.js:193
[  172248ms] [WARNING] An error occurred! For more details, see the full error text at https://go.apollo.dev/c/err#%7B%22version%22%3A%223.14.1%22%2C%22message%22%3A103%2C%22args%22%3A%5B%22useLazyQuery.execute%22%2C%22onCompleted%22%2C%22Please%20remove%20this%20option.%22%5D%7D @ https://w3.ibm.com/assets/index-CGOK6XBv.js:193
[  172248ms] [WARNING] An error occurred! For more details, see the full error text at https://go.apollo.dev/c/err#%7B%22version%22%3A%223.14.1%22%2C%22message%22%3A103%2C%22args%22%3A%5B%22useLazyQuery.execute%22%2C%22onError%22%2C%22Please%20remove%20this%20option.%22%5D%7D @ https://w3.ibm.com/assets/index-CGOK6XBv.js:193
[  172248ms] [WARNING] An error occurred! For more details, see the full error text at https://go.apollo.dev/c/err#%7B%22version%22%3A%223.14.1%22%2C%22message%22%3A103%2C%22args%22%3A%5B%22useLazyQuery.execute%22%2C%22fetchPolicy%22%2C%22Please%20pass%20the%20option%20to%20the%20%60useLazyQuery%60%20hook%20instead.%22%5D%7D @ https://w3.ibm.com/assets/index-CGOK6XBv.js:193
[  172248ms] [WARNING] An error occurred! For more details, see the full error text at https://go.apollo.dev/c/err#%7B%22version%22%3A%223.14.1%22%2C%22message%22%3A103%2C%22args%22%3A%5B%22useLazyQuery.execute%22%2C%22errorPolicy%22%2C%22Please%20pass%20the%20option%20to%20the%20%60useLazyQuery%60%20hook%20instead.%22%5D%7D @ https://w3.ibm.com/assets/index-CGOK6XBv.js:193
[  202340ms] [ERROR] Failed to load resource: net::ERR_TIMED_OUT @ https://mail-check.w3-globals.dal.app.cirrus.ibm.com/check/ask-ibm-context/mproctor@ibm.com:0
[  202341ms] [ERROR] TypeError: Failed to fetch
    at checkAskIBMContext (https://w3.ibm.com/assets/index-CGOK6XBv.js:4150:4869)
    at https://w3.ibm.com/assets/index-CGOK6XBv.js:4150:7682
    at Qj (https://w3.ibm.com/assets/index-CGOK6XBv.js:41:26723)
    at Hk (https://w3.ibm.com/assets/index-CGOK6XBv.js:41:46763)
    at Wk (https://w3.ibm.com/assets/index-CGOK6XBv.js:41:45456)
    at Pk (https://w3.ibm.com/assets/index-CGOK6XBv.js:41:44414)
    at Ek (https://w3.ibm.com/assets/index-CGOK6XBv.js:41:40664)
    at jg (https://w3.ibm.com/assets/index-CGOK6XBv.js:39:3536)
    at https://w3.ibm.com/assets/index-CGOK6XBv.js:41:37744 @ https://w3.ibm.com/assets/index-CGOK6XBv.js:4149
[  202341ms] [ERROR] Failed to load resource: net::ERR_TIMED_OUT @ https://mail-check.w3-globals.dal.app.cirrus.ibm.com/check/campaigns/device-refresh/mproctor@ibm.com:0
[  202341ms] [ERROR] TypeError: Failed to fetch
    at checkIsRefreshAvailableForUser (https://w3.ibm.com/assets/index-CGOK6XBv.js:4150:5258)
    at https://w3.ibm.com/assets/index-CGOK6XBv.js:4150:7689
    at Qj (https://w3.ibm.com/assets/index-CGOK6XBv.js:41:26723)
    at Hk (https://w3.ibm.com/assets/index-CGOK6XBv.js:41:46763)
    at Wk (https://w3.ibm.com/assets/index-CGOK6XBv.js:41:45456)
    at Pk (https://w3.ibm.com/assets/index-CGOK6XBv.js:41:44414)
    at Ek (https://w3.ibm.com/assets/index-CGOK6XBv.js:41:40664)
    at jg (https://w3.ibm.com/assets/index-CGOK6XBv.js:39:3536)
    at https://w3.ibm.com/assets/index-CGOK6XBv.js:41:37744 @ https://w3.ibm.com/assets/index-CGOK6XBv.js:4149
[  202341ms] [ERROR] Failed to load resource: net::ERR_TIMED_OUT @ https://mail-check.w3-globals.dal.app.cirrus.ibm.com/check/campaigns/lists/mproctor@ibm.com:0
[  202341ms] [ERROR] TypeError: Failed to fetch
    at checkUserEmailCampaignList (https://w3.ibm.com/assets/index-CGOK6XBv.js:4150:5060)
    at https://w3.ibm.com/assets/index-CGOK6XBv.js:4150:7696
    at Qj (https://w3.ibm.com/assets/index-CGOK6XBv.js:41:26723)
    at Hk (https://w3.ibm.com/assets/index-CGOK6XBv.js:41:46763)
    at Wk (https://w3.ibm.com/assets/index-CGOK6XBv.js:41:45456)
    at Pk (https://w3.ibm.com/assets/index-CGOK6XBv.js:41:44414)
    at Ek (https://w3.ibm.com/assets/index-CGOK6XBv.js:41:40664)
    at jg (https://w3.ibm.com/assets/index-CGOK6XBv.js:39:3536)
    at https://w3.ibm.com/assets/index-CGOK6XBv.js:41:37744 @ https://w3.ibm.com/assets/index-CGOK6XBv.js:4149
[  202341ms] [ERROR] Failed to load resource: net::ERR_TIMED_OUT @ https://mail-check.w3-globals.dal.app.cirrus.ibm.com/check/yourlearning/mproctor@ibm.com:0
[  202341ms] [ERROR] TypeError: Failed to fetch
    at tt (https://w3.ibm.com/assets/index-CGOK6XBv.js:4150:4465)
    at https://w3.ibm.com/assets/index-CGOK6XBv.js:4150:7675
    at Qj (https://w3.ibm.com/assets/index-CGOK6XBv.js:41:26723)
    at Hk (https://w3.ibm.com/assets/index-CGOK6XBv.js:41:46763)
    at Wk (https://w3.ibm.com/assets/index-CGOK6XBv.js:41:45456)
    at Pk (https://w3.ibm.com/assets/index-CGOK6XBv.js:41:44414)
    at Ek (https://w3.ibm.com/assets/index-CGOK6XBv.js:41:40664)
    at jg (https://w3.ibm.com/assets/index-CGOK6XBv.js:39:3536)
    at https://w3.ibm.com/assets/index-CGOK6XBv.js:41:37744 @ https://w3.ibm.com/assets/index-CGOK6XBv.js:4149
[  202341ms] [ERROR] Failed to load resource: net::ERR_TIMED_OUT @ https://mail-check.w3-globals.dal.app.cirrus.ibm.com/check/ask-ibm/mproctor@ibm.com:0
[  202341ms] [ERROR] TypeError: Failed to fetch
    at checkCanViewAskIBMGen2 (https://w3.ibm.com/assets/index-CGOK6XBv.js:4150:5463)
    at https://w3.ibm.com/assets/index-CGOK6XBv.js:4150:7703
    at Qj (https://w3.ibm.com/assets/index-CGOK6XBv.js:41:26723)
    at Hk (https://w3.ibm.com/assets/index-CGOK6XBv.js:41:46763)
    at Wk (https://w3.ibm.com/assets/index-CGOK6XBv.js:41:45456)
    at Pk (https://w3.ibm.com/assets/index-CGOK6XBv.js:41:44414)
    at Ek (https://w3.ibm.com/assets/index-CGOK6XBv.js:41:40664)
    at jg (https://w3.ibm.com/assets/index-CGOK6XBv.js:39:3536)
    at https://w3.ibm.com/assets/index-CGOK6XBv.js:41:37744 @ https://w3.ibm.com/assets/index-CGOK6XBv.js:4149
[  202341ms] [ERROR] Failed to load resource: net::ERR_TIMED_OUT @ https://mail-check.w3-globals.dal.app.cirrus.ibm.com/check/passkeys/mproctor@ibm.com:0
[  202341ms] [ERROR] TypeError: Failed to fetch
    at checkPasskeysList (https://w3.ibm.com/assets/index-CGOK6XBv.js:4150:5633)
    at https://w3.ibm.com/assets/index-CGOK6XBv.js:4150:7710
    at Qj (https://w3.ibm.com/assets/index-CGOK6XBv.js:41:26723)
    at Hk (https://w3.ibm.com/assets/index-CGOK6XBv.js:41:46763)
    at Wk (https://w3.ibm.com/assets/index-CGOK6XBv.js:41:45456)
    at Pk (https://w3.ibm.com/assets/index-CGOK6XBv.js:41:44414)
    at Ek (https://w3.ibm.com/assets/index-CGOK6XBv.js:41:40664)
    at jg (https://w3.ibm.com/assets/index-CGOK6XBv.js:39:3536)
    at https://w3.ibm.com/assets/index-CGOK6XBv.js:41:37744 @ https://w3.ibm.com/assets/index-CGOK6XBv.js:4149
[  202454ms] [ERROR] Failed to load resource: net::ERR_TIMED_OUT @ https://w3-graph-w3-graph.w3-globals.dal.app.cirrus.ibm.com/graphql?client-tracking-id=w3-web-carbon&op=applicationSearch:0
[  202461ms] [ERROR] Failed to load resource: net::ERR_TIMED_OUT @ https://w3-ui-unified-profile-proxy.w3-ui.dal.app.cirrus.ibm.com/up-api-proxy/v3/image/125985866?def=avatar&date=1783680252972?def=none:0
[  202461ms] [ERROR] Failed to load resource: net::ERR_TIMED_OUT @ https://w3-graph-w3-graph.w3-globals.dal.app.cirrus.ibm.com/graphql?client-tracking-id=w3-web-carbon&op=KnowledgeGraphQuery:0
[  202464ms] [ERROR] Failed to load resource: net::ERR_TIMED_OUT @ https://w3-graph-w3-graph.w3-globals.dal.app.cirrus.ibm.com/graphql?client-tracking-id=w3-web-carbon&op=getAppRecommendations:0
[  202581ms] [ERROR] Failed to load resource: net::ERR_TIMED_OUT @ https://w3-graph-w3-graph.w3-globals.dal.app.cirrus.ibm.com/graphql?client-tracking-id=w3-web-carbon&op=getUserLiveProfiledCampaigns:0
[  202633ms] [ERROR] Failed to load resource: net::ERR_TIMED_OUT @ https://beeheard.beeheard.dal.app.cirrus.ibm.com/survey/projectconfig/YiK2WdyC.js:0
[  206778ms] [WARNING] An error occurred! For more details, see the full error text at https://go.apollo.dev/c/err#%7B%22version%22%3A%223.14.1%22%2C%22message%22%3A103%2C%22args%22%3A%5B%22useLazyQuery%22%2C%22variables%22%2C%22Pass%20all%20%60variables%60%20to%20the%20returned%20%60execute%60%20function%20instead.%22%5D%7D @ https://w3.ibm.com/assets/index-CGOK6XBv.js:193
[  226861ms] [WARNING] An error occurred! For more details, see the full error text at https://go.apollo.dev/c/err#%7B%22version%22%3A%223.14.1%22%2C%22message%22%3A103%2C%22args%22%3A%5B%22useLazyQuery%22%2C%22variables%22%2C%22Pass%20all%20%60variables%60%20to%20the%20returned%20%60execute%60%20function%20instead.%22%5D%7D @ https://w3.ibm.com/assets/index-CGOK6XBv.js:193
[  369336ms] [WARNING] An error occurred! For more details, see the full error text at https://go.apollo.dev/c/err#%7B%22version%22%3A%223.14.1%22%2C%22message%22%3A103%2C%22args%22%3A%5B%22useLazyQuery%22%2C%22variables%22%2C%22Pass%20all%20%60variables%60%20to%20the%20returned%20%60execute%60%20function%20instead.%22%5D%7D @ https://w3.ibm.com/assets/index-CGOK6XBv.js:193
[ 1140792ms] [ERROR] Failed to load resource: net::ERR_TIMED_OUT @ https://w3-graph-w3-graph.w3-globals.dal.app.cirrus.ibm.com/graphql?client-tracking-id=w3-web-carbon&op=ToolsWithSupportIdQuery:0
[ 1140793ms] [ERROR] Received Error fetching tools with supportId Failed to fetch @ https://w3.ibm.com/assets/index-CGOK6XBv.js:1944
[ 6437838ms] [ERROR] Failed to load resource: net::ERR_TIMED_OUT @ https://w3-graph-w3-graph.w3-globals.dal.app.cirrus.ibm.com/graphql?client-tracking-id=w3-web-carbon&op=getRapidResults:0
[ 6437896ms] [ERROR] Failed to load resource: net::ERR_TIMED_OUT @ https://w3-graph-w3-graph.w3-globals.dal.app.cirrus.ibm.com/graphql?client-tracking-id=w3-web-carbon&op=getRapidResults:0
[ 6438615ms] [ERROR] Failed to load resource: net::ERR_TIMED_OUT @ https://w3-graph-w3-graph.w3-globals.dal.app.cirrus.ibm.com/graphql?client-tracking-id=w3-web-carbon&op=searchPeopleAndBluepages:0
[ 6451288ms] [INFO] %c BeeHeard %c 103 color: white; background: blue;  @ :0
[ 6451289ms] [INFO] %c BeeHeard Initialized (w3) %c color: white; background: blue;  @ https://w3.ibm.com/assets/index-CGOK6XBv.js:890
[ 7146590ms] [WARNING] An error occurred! For more details, see the full error text at https://go.apollo.dev/c/err#%7B%22version%22%3A%223.14.1%22%2C%22message%22%3A103%2C%22args%22%3A%5B%22useLazyQuery%22%2C%22variables%22%2C%22Pass%20all%20%60variables%60%20to%20the%20returned%20%60execute%60%20function%20instead.%22%5D%7D @ https://w3.ibm.com/assets/index-CGOK6XBv.js:193
[ 7161137ms] [WARNING] An error occurred! For more details, see the full error text at https://go.apollo.dev/c/err#%7B%22version%22%3A%223.14.1%22%2C%22message%22%3A103%2C%22args%22%3A%5B%22useLazyQuery%22%2C%22variables%22%2C%22Pass%20all%20%60variables%60%20to%20the%20returned%20%60execute%60%20function%20instead.%22%5D%7D @ https://w3.ibm.com/assets/index-CGOK6XBv.js:193
[ 7161138ms] [WARNING] An error occurred! For more details, see the full error text at https://go.apollo.dev/c/err#%7B%22version%22%3A%223.14.1%22%2C%22message%22%3A103%2C%22args%22%3A%5B%22useLazyQuery%22%2C%22variables%22%2C%22Pass%20all%20%60variables%60%20to%20the%20returned%20%60execute%60%20function%20instead.%22%5D%7D @ https://w3.ibm.com/assets/index-CGOK6XBv.js:193
[ 7167940ms] [INFO] %c BeeHeard %c 318 color: white; background: blue;  @ :0
[ 7167940ms] [INFO] %c BeeHeard Initialized (w3) %c color: white; background: blue;  @ https://w3.ibm.com/assets/index-CGOK6XBv.js:890
[ 7191364ms] [ERROR] Failed to load resource: net::ERR_TIMED_OUT @ https://w3-graph-w3-graph.w3-globals.dal.app.cirrus.ibm.com/graphql?client-tracking-id=w3-web-carbon&op=AllRecentActivities:0
[ 7191373ms] [ERROR] Failed to load resource: net::ERR_TIMED_OUT @ https://w3-graph-w3-graph.w3-globals.dal.app.cirrus.ibm.com/graphql?client-tracking-id=w3-web-carbon&op=getSupportArticle:0
[ 7191387ms] [ERROR] Failed to load resource: net::ERR_TIMED_OUT @ https://w3-graph-w3-graph.w3-globals.dal.app.cirrus.ibm.com/graphql?client-tracking-id=w3-web-carbon&op=getAskITServiceHealth:0
[ 7212260ms] [ERROR] Error encountered refreshing auth token: timeout of 10000ms exceeded @ https://w3.ibm.com/assets/index-CGOK6XBv.js:3806
[ 7229453ms] [WARNING] Carbon for IBM Products (WARNING): Component "InterstitialScreen" enabled via feature flags. This component has not yet completed its review process. @ https://w3.ibm.com/assets/index-CGOK6XBv.js:908
[ 7229454ms] [WARNING] Carbon for IBM Products (WARNING): Component "InterstitialScreenView" enabled via feature flags. This component has not yet completed its review process. @ https://w3.ibm.com/assets/index-CGOK6XBv.js:908
[ 7229454ms] [WARNING] Carbon for IBM Products (WARNING): Component "InterstitialScreenViewModule" enabled via feature flags. This component has not yet completed its review process. @ https://w3.ibm.com/assets/index-CGOK6XBv.js:908
[ 7229454ms] [WARNING] Carbon for IBM Products (WARNING): Component "Coachmark" enabled via feature flags. This component has not yet completed its review process. @ https://w3.ibm.com/assets/index-CGOK6XBv.js:908
[ 7229454ms] [WARNING] Carbon for IBM Products (WARNING): Component "CoachmarkBeacon" enabled via feature flags. This component has not yet completed its review process. @ https://w3.ibm.com/assets/index-CGOK6XBv.js:908
[ 7229454ms] [WARNING] Carbon for IBM Products (WARNING): Component "CoachmarkButton" enabled via feature flags. This component has not yet completed its review process. @ https://w3.ibm.com/assets/index-CGOK6XBv.js:908
[ 7229454ms] [WARNING] Carbon for IBM Products (WARNING): Component "CoachmarkOverlayElement" enabled via feature flags. This component has not yet completed its review process. @ https://w3.ibm.com/assets/index-CGOK6XBv.js:908
[ 7229454ms] [WARNING] Carbon for IBM Products (WARNING): Component "CoachmarkOverlayElements" enabled via feature flags. This component has not yet completed its review process. @ https://w3.ibm.com/assets/index-CGOK6XBv.js:908
[ 7229455ms] [WARNING] Carbon for IBM Products (WARNING): Component "Guidebanner" enabled via feature flags. This component has not yet completed its review process. @ https://w3.ibm.com/assets/index-CGOK6XBv.js:908
[ 7229455ms] [WARNING] Carbon for IBM Products (WARNING): Component "GuidebannerElement" enabled via feature flags. This component has not yet completed its review process. @ https://w3.ibm.com/assets/index-CGOK6XBv.js:908
[ 7229455ms] [WARNING] Carbon for IBM Products (WARNING): Component "InlineTip" enabled via feature flags. This component has not yet completed its review process. @ https://w3.ibm.com/assets/index-CGOK6XBv.js:908
[ 7229458ms] [WARNING] An error occurred! For more details, see the full error text at https://go.apollo.dev/c/err#%7B%22version%22%3A%223.14.1%22%2C%22message%22%3A103%2C%22args%22%3A%5B%22useLazyQuery%22%2C%22onCompleted%22%2C%22If%20your%20%60onCompleted%60%20callback%20sets%20local%20state%2C%20switch%20to%20use%20derived%20state%20using%20%60data%60%20returned%20from%20the%20hook%20instead.%20Use%20%60useEffect%60%20to%20perform%20side-effects%20as%20a%20result%20of%20updates%20to%20%60data%60.%22%5D%7D @ https://w3.ibm.com/assets/index-CGOK6XBv.js:193
[ 7229458ms] [WARNING] An error occurred! For more details, see the full error text at https://go.apollo.dev/c/err#%7B%22version%22%3A%223.14.1%22%2C%22message%22%3A103%2C%22args%22%3A%5B%22useLazyQuery%22%2C%22onError%22%2C%22If%20your%20%60onError%60%20callback%20sets%20local%20state%2C%20switch%20to%20use%20derived%20state%20using%20%60data%60%2C%20%60error%60%20or%20%60errors%60%20returned%20from%20the%20hook%20instead.%20Use%20%60useEffect%60%20if%20you%20need%20to%20perform%20side-effects%20as%20a%20result%20of%20updates%20to%20%60data%60%2C%20%60error%60%20or%20%60errors%60.%22%5D%7D @ https://w3.ibm.com/assets/index-CGOK6XBv.js:193
[ 7229462ms] [WARNING] An error occurred! For more details, see the full error text at https://go.apollo.dev/c/err#%7B%22version%22%3A%223.14.1%22%2C%22message%22%3A103%2C%22args%22%3A%5B%22useLazyQuery%22%2C%22onCompleted%22%2C%22If%20your%20%60onCompleted%60%20callback%20sets%20local%20state%2C%20switch%20to%20use%20derived%20state%20using%20%60data%60%20returned%20from%20the%20hook%20instead.%20Use%20%60useEffect%60%20to%20perform%20side-effects%20as%20a%20result%20of%20updates%20to%20%60data%60.%22%5D%7D @ https://w3.ibm.com/assets/index-CGOK6XBv.js:193
[ 7229462ms] [WARNING] An error occurred! For more details, see the full error text at https://go.apollo.dev/c/err#%7B%22version%22%3A%223.14.1%22%2C%22message%22%3A103%2C%22args%22%3A%5B%22useLazyQuery%22%2C%22onError%22%2C%22If%20your%20%60onError%60%20callback%20sets%20local%20state%2C%20switch%20to%20use%20derived%20state%20using%20%60data%60%2C%20%60error%60%20or%20%60errors%60%20returned%20from%20the%20hook%20instead.%20Use%20%60useEffect%60%20if%20you%20need%20to%20perform%20side-effects%20as%20a%20result%20of%20updates%20to%20%60data%60%2C%20%60error%60%20or%20%60errors%60.%22%5D%7D @ https://w3.ibm.com/assets/index-CGOK6XBv.js:193
[ 7229462ms] [WARNING] An error occurred! For more details, see the full error text at https://go.apollo.dev/c/err#%7B%22version%22%3A%223.14.1%22%2C%22message%22%3A103%2C%22args%22%3A%5B%22useLazyQuery%22%2C%22variables%22%2C%22Pass%20all%20%60variables%60%20to%20the%20returned%20%60execute%60%20function%20instead.%22%5D%7D @ https://w3.ibm.com/assets/index-CGOK6XBv.js:193
[ 7229462ms] [WARNING] An error occurred! For more details, see the full error text at https://go.apollo.dev/c/err#%7B%22version%22%3A%223.14.1%22%2C%22message%22%3A103%2C%22args%22%3A%5B%22useLazyQuery%22%2C%22onCompleted%22%2C%22If%20your%20%60onCompleted%60%20callback%20sets%20local%20state%2C%20switch%20to%20use%20derived%20state%20using%20%60data%60%20returned%20from%20the%20hook%20instead.%20Use%20%60useEffect%60%20to%20perform%20side-effects%20as%20a%20result%20of%20updates%20to%20%60data%60.%22%5D%7D @ https://w3.ibm.com/assets/index-CGOK6XBv.js:193
[ 7229465ms] [WARNING] No `HydrateFallback` element provided to render during initial hydration @ https://w3.ibm.com/assets/index-CGOK6XBv.js:49
[ 7239441ms] [LOG] Download the Apollo DevTools for a better development experience: %s https://chrome.google.com/webstore/detail/apollo-client-developer-t/jdkknkkbebbapilgoeccciglkfbmbnfm @ https://w3.ibm.com/assets/index-CGOK6XBv.js:193
[ 7253455ms] [INFO] %c BeeHeard %c 368 color: white; background: blue;  @ :0
[ 7253456ms] [INFO] %c BeeHeard Initialized (w3) %c color: white; background: blue;  @ https://w3.ibm.com/assets/index-CGOK6XBv.js:890
[ 7253712ms] [INFO] %c BeeHeard %c 295 color: white; background: blue;  @ :0
[ 7253712ms] [INFO] %c BeeHeard Initialized (w3) %c color: white; background: blue;  @ https://w3.ibm.com/assets/index-CGOK6XBv.js:890
[ 7259816ms] [ERROR] Failed to load resource: net::ERR_TIMED_OUT @ https://w3-graph-w3-graph.w3-globals.dal.app.cirrus.ibm.com/graphql?client-tracking-id=w3-web-carbon&op=appLevelAskIBM:0
[ 7259820ms] [ERROR] Failed to load resource: net::ERR_TIMED_OUT @ https://w3-graph-w3-graph.w3-globals.dal.app.cirrus.ibm.com/graphql?client-tracking-id=w3-web-carbon&op=AppLevelHkeyQuery:0
[ 7259822ms] [ERROR] Failed to load resource: net::ERR_TIMED_OUT @ https://w3-graph-w3-graph.w3-globals.dal.app.cirrus.ibm.com/graphql?client-tracking-id=w3-web-carbon&op=AppLevelQuery:0
[ 7259822ms] [ERROR] Unexpected fatal error fetching app level query: Failed to fetch @ https://w3.ibm.com/assets/index-CGOK6XBv.js:4149
[ 7299873ms] [ERROR] Failed to load resource: net::ERR_TIMED_OUT @ https://w3.ibm.com/assets/IBMPlexSans-Light-Latin1-CdSW_1MM.woff2:0
[ 8791799ms] [WARNING] Carbon for IBM Products (WARNING): Component "InterstitialScreen" enabled via feature flags. This component has not yet completed its review process. @ https://w3.ibm.com/assets/index-CGOK6XBv.js:908
[ 8791799ms] [WARNING] Carbon for IBM Products (WARNING): Component "InterstitialScreenView" enabled via feature flags. This component has not yet completed its review process. @ https://w3.ibm.com/assets/index-CGOK6XBv.js:908
[ 8791799ms] [WARNING] Carbon for IBM Products (WARNING): Component "InterstitialScreenViewModule" enabled via feature flags. This component has not yet completed its review process. @ https://w3.ibm.com/assets/index-CGOK6XBv.js:908
[ 8791799ms] [WARNING] Carbon for IBM Products (WARNING): Component "Coachmark" enabled via feature flags. This component has not yet completed its review process. @ https://w3.ibm.com/assets/index-CGOK6XBv.js:908
[ 8791799ms] [WARNING] Carbon for IBM Products (WARNING): Component "CoachmarkBeacon" enabled via feature flags. This component has not yet completed its review process. @ https://w3.ibm.com/assets/index-CGOK6XBv.js:908
[ 8791799ms] [WARNING] Carbon for IBM Products (WARNING): Component "CoachmarkButton" enabled via feature flags. This component has not yet completed its review process. @ https://w3.ibm.com/assets/index-CGOK6XBv.js:908
[ 8791800ms] [WARNING] Carbon for IBM Products (WARNING): Component "CoachmarkOverlayElement" enabled via feature flags. This component has not yet completed its review process. @ https://w3.ibm.com/assets/index-CGOK6XBv.js:908
[ 8791800ms] [WARNING] Carbon for IBM Products (WARNING): Component "CoachmarkOverlayElements" enabled via feature flags. This component has not yet completed its review process. @ https://w3.ibm.com/assets/index-CGOK6XBv.js:908
[ 8791800ms] [WARNING] Carbon for IBM Products (WARNING): Component "Guidebanner" enabled via feature flags. This component has not yet completed its review process. @ https://w3.ibm.com/assets/index-CGOK6XBv.js:908
[ 8791800ms] [WARNING] Carbon for IBM Products (WARNING): Component "GuidebannerElement" enabled via feature flags. This component has not yet completed its review process. @ https://w3.ibm.com/assets/index-CGOK6XBv.js:908
[ 8791800ms] [WARNING] Carbon for IBM Products (WARNING): Component "InlineTip" enabled via feature flags. This component has not yet completed its review process. @ https://w3.ibm.com/assets/index-CGOK6XBv.js:908
[ 8791804ms] [WARNING] An error occurred! For more details, see the full error text at https://go.apollo.dev/c/err#%7B%22version%22%3A%223.14.1%22%2C%22message%22%3A103%2C%22args%22%3A%5B%22useLazyQuery%22%2C%22onCompleted%22%2C%22If%20your%20%60onCompleted%60%20callback%20sets%20local%20state%2C%20switch%20to%20use%20derived%20state%20using%20%60data%60%20returned%20from%20the%20hook%20instead.%20Use%20%60useEffect%60%20to%20perform%20side-effects%20as%20a%20result%20of%20updates%20to%20%60data%60.%22%5D%7D @ https://w3.ibm.com/assets/index-CGOK6XBv.js:193
[ 8791804ms] [WARNING] An error occurred! For more details, see the full error text at https://go.apollo.dev/c/err#%7B%22version%22%3A%223.14.1%22%2C%22message%22%3A103%2C%22args%22%3A%5B%22useLazyQuery%22%2C%22onError%22%2C%22If%20your%20%60onError%60%20callback%20sets%20local%20state%2C%20switch%20to%20use%20derived%20state%20using%20%60data%60%2C%20%60error%60%20or%20%60errors%60%20returned%20from%20the%20hook%20instead.%20Use%20%60useEffect%60%20if%20you%20need%20to%20perform%20side-effects%20as%20a%20result%20of%20updates%20to%20%60data%60%2C%20%60error%60%20or%20%60errors%60.%22%5D%7D @ https://w3.ibm.com/assets/index-CGOK6XBv.js:193
[ 8791807ms] [WARNING] An error occurred! For more details, see the full error text at https://go.apollo.dev/c/err#%7B%22version%22%3A%223.14.1%22%2C%22message%22%3A103%2C%22args%22%3A%5B%22useLazyQuery%22%2C%22onCompleted%22%2C%22If%20your%20%60onCompleted%60%20callback%20sets%20local%20state%2C%20switch%20to%20use%20derived%20state%20using%20%60data%60%20returned%20from%20the%20hook%20instead.%20Use%20%60useEffect%60%20to%20perform%20side-effects%20as%20a%20result%20of%20updates%20to%20%60data%60.%22%5D%7D @ https://w3.ibm.com/assets/index-CGOK6XBv.js:193
[ 8791807ms] [WARNING] An error occurred! For more details, see the full error text at https://go.apollo.dev/c/err#%7B%22version%22%3A%223.14.1%22%2C%22message%22%3A103%2C%22args%22%3A%5B%22useLazyQuery%22%2C%22onError%22%2C%22If%20your%20%60onError%60%20callback%20sets%20local%20state%2C%20switch%20to%20use%20derived%20state%20using%20%60data%60%2C%20%60error%60%20or%20%60errors%60%20returned%20from%20the%20hook%20instead.%20Use%20%60useEffect%60%20if%20you%20need%20to%20perform%20side-effects%20as%20a%20result%20of%20updates%20to%20%60data%60%2C%20%60error%60%20or%20%60errors%60.%22%5D%7D @ https://w3.ibm.com/assets/index-CGOK6XBv.js:193
[ 8791808ms] [WARNING] An error occurred! For more details, see the full error text at https://go.apollo.dev/c/err#%7B%22version%22%3A%223.14.1%22%2C%22message%22%3A103%2C%22args%22%3A%5B%22useLazyQuery%22%2C%22variables%22%2C%22Pass%20all%20%60variables%60%20to%20the%20returned%20%60execute%60%20function%20instead.%22%5D%7D @ https://w3.ibm.com/assets/index-CGOK6XBv.js:193
[ 8791808ms] [WARNING] An error occurred! For more details, see the full error text at https://go.apollo.dev/c/err#%7B%22version%22%3A%223.14.1%22%2C%22message%22%3A103%2C%22args%22%3A%5B%22useLazyQuery%22%2C%22onCompleted%22%2C%22If%20your%20%60onCompleted%60%20callback%20sets%20local%20state%2C%20switch%20to%20use%20derived%20state%20using%20%60data%60%20returned%20from%20the%20hook%20instead.%20Use%20%60useEffect%60%20to%20perform%20side-effects%20as%20a%20result%20of%20updates%20to%20%60data%60.%22%5D%7D @ https://w3.ibm.com/assets/index-CGOK6XBv.js:193
[ 8791810ms] [WARNING] No `HydrateFallback` element provided to render during initial hydration @ https://w3.ibm.com/assets/index-CGOK6XBv.js:49
[ 8792709ms] [INFO] %c BeeHeard %c 216 color: white; background: blue;  @ :0
[ 8792710ms] [INFO] %c BeeHeard Initialized (w3) %c color: white; background: blue;  @ https://w3.ibm.com/assets/index-CGOK6XBv.js:890
[ 8792711ms] [INFO] %c BeeHeard %c 228 color: white; background: blue;  @ :0
[ 8792712ms] [INFO] %c BeeHeard Initialized (w3) %c color: white; background: blue;  @ https://w3.ibm.com/assets/index-CGOK6XBv.js:890
[ 8801785ms] [LOG] Download the Apollo DevTools for a better development experience: %s https://chrome.google.com/webstore/detail/apollo-client-developer-t/jdkknkkbebbapilgoeccciglkfbmbnfm @ https://w3.ibm.com/assets/index-CGOK6XBv.js:193
[ 8859528ms] [WARNING] An error occurred! For more details, see the full error text at https://go.apollo.dev/c/err#%7B%22version%22%3A%223.14.1%22%2C%22message%22%3A103%2C%22args%22%3A%5B%22useLazyQuery%22%2C%22variables%22%2C%22Pass%20all%20%60variables%60%20to%20the%20returned%20%60execute%60%20function%20instead.%22%5D%7D @ https://w3.ibm.com/assets/index-CGOK6XBv.js:193
[ 8859528ms] [WARNING] An error occurred! For more details, see the full error text at https://go.apollo.dev/c/err#%7B%22version%22%3A%223.14.1%22%2C%22message%22%3A103%2C%22args%22%3A%5B%22useLazyQuery%22%2C%22onCompleted%22%2C%22If%20your%20%60onCompleted%60%20callback%20sets%20local%20state%2C%20switch%20to%20use%20derived%20state%20using%20%60data%60%20returned%20from%20the%20hook%20instead.%20Use%20%60useEffect%60%20to%20perform%20side-effects%20as%20a%20result%20of%20updates%20to%20%60data%60.%22%5D%7D @ https://w3.ibm.com/assets/index-CGOK6XBv.js:193
[ 8859528ms] [WARNING] An error occurred! For more details, see the full error text at https://go.apollo.dev/c/err#%7B%22version%22%3A%223.14.1%22%2C%22message%22%3A103%2C%22args%22%3A%5B%22useLazyQuery%22%2C%22onError%22%2C%22If%20your%20%60onError%60%20callback%20sets%20local%20state%2C%20switch%20to%20use%20derived%20state%20using%20%60data%60%2C%20%60error%60%20or%20%60errors%60%20returned%20from%20the%20hook%20instead.%20Use%20%60useEffect%60%20if%20you%20need%20to%20perform%20side-effects%20as%20a%20result%20of%20updates%20to%20%60data%60%2C%20%60error%60%20or%20%60errors%60.%22%5D%7D @ https://w3.ibm.com/assets/index-CGOK6XBv.js:193
[ 8859530ms] [WARNING] An error occurred! For more details, see the full error text at https://go.apollo.dev/c/err#%7B%22version%22%3A%223.14.1%22%2C%22message%22%3A103%2C%22args%22%3A%5B%22useLazyQuery%22%2C%22variables%22%2C%22Pass%20all%20%60variables%60%20to%20the%20returned%20%60execute%60%20function%20instead.%22%5D%7D @ https://w3.ibm.com/assets/index-CGOK6XBv.js:193
[ 8859556ms] [WARNING] An error occurred! For more details, see the full error text at https://go.apollo.dev/c/err#%7B%22version%22%3A%223.14.1%22%2C%22message%22%3A103%2C%22args%22%3A%5B%22useLazyQuery%22%2C%22variables%22%2C%22Pass%20all%20%60variables%60%20to%20the%20returned%20%60execute%60%20function%20instead.%22%5D%7D @ https://w3.ibm.com/assets/index-CGOK6XBv.js:193
[ 8859572ms] [WARNING] An error occurred! For more details, see the full error text at https://go.apollo.dev/c/err#%7B%22version%22%3A%223.14.1%22%2C%22message%22%3A103%2C%22args%22%3A%5B%22useLazyQuery%22%2C%22variables%22%2C%22Pass%20all%20%60variables%60%20to%20the%20returned%20%60execute%60%20function%20instead.%22%5D%7D @ https://w3.ibm.com/assets/index-CGOK6XBv.js:193
[ 8859614ms] [WARNING] An error occurred! For more details, see the full error text at https://go.apollo.dev/c/err#%7B%22version%22%3A%223.14.1%22%2C%22message%22%3A103%2C%22args%22%3A%5B%22useLazyQuery%22%2C%22variables%22%2C%22Pass%20all%20%60variables%60%20to%20the%20returned%20%60execute%60%20function%20instead.%22%5D%7D @ https://w3.ibm.com/assets/index-CGOK6XBv.js:193
[ 8859628ms] [WARNING] An error occurred! For more details, see the full error text at https://go.apollo.dev/c/err#%7B%22version%22%3A%223.14.1%22%2C%22message%22%3A103%2C%22args%22%3A%5B%22useLazyQuery%22%2C%22variables%22%2C%22Pass%20all%20%60variables%60%20to%20the%20returned%20%60execute%60%20function%20instead.%22%5D%7D @ https://w3.ibm.com/assets/index-CGOK6XBv.js:193
[ 8859655ms] [WARNING] An error occurred! For more details, see the full error text at https://go.apollo.dev/c/err#%7B%22version%22%3A%223.14.1%22%2C%22message%22%3A103%2C%22args%22%3A%5B%22useLazyQuery%22%2C%22variables%22%2C%22Pass%20all%20%60variables%60%20to%20the%20returned%20%60execute%60%20function%20instead.%22%5D%7D @ https://w3.ibm.com/assets/index-CGOK6XBv.js:193
[ 8859656ms] [WARNING] An error occurred! For more details, see the full error text at https://go.apollo.dev/c/err#%7B%22version%22%3A%223.14.1%22%2C%22message%22%3A103%2C%22args%22%3A%5B%22useQuery%22%2C%22onCompleted%22%2C%22If%20your%20%60onCompleted%60%20callback%20sets%20local%20state%2C%20switch%20to%20use%20derived%20state%20using%20%60data%60%20returned%20from%20the%20hook%20instead.%20Use%20%60useEffect%60%20to%20perform%20side-effects%20as%20a%20result%20of%20updates%20to%20%60data%60.%22%5D%7D @ https://w3.ibm.com/assets/index-CGOK6XBv.js:193
[ 8859660ms] [WARNING] An error occurred! For more details, see the full error text at https://go.apollo.dev/c/err#%7B%22version%22%3A%223.14.1%22%2C%22message%22%3A103%2C%22args%22%3A%5B%22useQuery%22%2C%22onCompleted%22%2C%22If%20your%20%60onCompleted%60%20callback%20sets%20local%20state%2C%20switch%20to%20use%20derived%20state%20using%20%60data%60%20returned%20from%20the%20hook%20instead.%20Use%20%60useEffect%60%20to%20perform%20side-effects%20as%20a%20result%20of%20updates%20to%20%60data%60.%22%5D%7D @ https://w3.ibm.com/assets/index-CGOK6XBv.js:193
[ 8859660ms] [WARNING] An error occurred! For more details, see the full error text at https://go.apollo.dev/c/err#%7B%22version%22%3A%223.14.1%22%2C%22message%22%3A103%2C%22args%22%3A%5B%22useQuery%22%2C%22onError%22%2C%22If%20your%20%60onError%60%20callback%20sets%20local%20state%2C%20switch%20to%20use%20derived%20state%20using%20%60data%60%2C%20%60error%60%20or%20%60errors%60%20returned%20from%20the%20hook%20instead.%20Use%20%60useEffect%60%20if%20you%20need%20to%20perform%20side-effects%20as%20a%20result%20of%20updates%20to%20%60data%60%2C%20%60error%60%20or%20%60errors%60.%22%5D%7D @ https://w3.ibm.com/assets/index-CGOK6XBv.js:193
[ 8859664ms] [WARNING] An error occurred! For more details, see the full error text at https://go.apollo.dev/c/err#%7B%22version%22%3A%223.14.1%22%2C%22message%22%3A103%2C%22args%22%3A%5B%22useLazyQuery%22%2C%22variables%22%2C%22Pass%20all%20%60variables%60%20to%20the%20returned%20%60execute%60%20function%20instead.%22%5D%7D @ https://w3.ibm.com/assets/index-CGOK6XBv.js:193
[ 8859670ms] [WARNING] An error occurred! For more details, see the full error text at https://go.apollo.dev/c/err#%7B%22version%22%3A%223.14.1%22%2C%22message%22%3A103%2C%22args%22%3A%5B%22useLazyQuery%22%2C%22variables%22%2C%22Pass%20all%20%60variables%60%20to%20the%20returned%20%60execute%60%20function%20instead.%22%5D%7D @ https://w3.ibm.com/assets/index-CGOK6XBv.js:193
[ 8859672ms] [WARNING] An error occurred! For more details, see the full error text at https://go.apollo.dev/c/err#%7B%22version%22%3A%223.14.1%22%2C%22message%22%3A103%2C%22args%22%3A%5B%22useLazyQuery%22%2C%22variables%22%2C%22Pass%20all%20%60variables%60%20to%20the%20returned%20%60execute%60%20function%20instead.%22%5D%7D @ https://w3.ibm.com/assets/index-CGOK6XBv.js:193
[ 8859715ms] [LOG] undefined @ https://w3.ibm.com/assets/index-C-cTVSOj.js:11
[ 8859717ms] [WARNING] An error occurred! For more details, see the full error text at https://go.apollo.dev/c/err#%7B%22version%22%3A%223.14.1%22%2C%22message%22%3A103%2C%22args%22%3A%5B%22useLazyQuery%22%2C%22variables%22%2C%22Pass%20all%20%60variables%60%20to%20the%20returned%20%60execute%60%20function%20instead.%22%5D%7D @ https://w3.ibm.com/assets/index-CGOK6XBv.js:193
[ 8859730ms] [WARNING] An error occurred! For more details, see the full error text at https://go.apollo.dev/c/err#%7B%22version%22%3A%223.14.1%22%2C%22message%22%3A103%2C%22args%22%3A%5B%22useQuery%22%2C%22onCompleted%22%2C%22If%20your%20%60onCompleted%60%20callback%20sets%20local%20state%2C%20switch%20to%20use%20derived%20state%20using%20%60data%60%20returned%20from%20the%20hook%20instead.%20Use%20%60useEffect%60%20to%20perform%20side-effects%20as%20a%20result%20of%20updates%20to%20%60data%60.%22%5D%7D @ https://w3.ibm.com/assets/index-CGOK6XBv.js:193
[ 8859756ms] [WARNING] An error occurred! For more details, see the full error text at https://go.apollo.dev/c/err#%7B%22version%22%3A%223.14.1%22%2C%22message%22%3A103%2C%22args%22%3A%5B%22useLazyQuery%22%2C%22variables%22%2C%22Pass%20all%20%60variables%60%20to%20the%20returned%20%60execute%60%20function%20instead.%22%5D%7D @ https://w3.ibm.com/assets/index-CGOK6XBv.js:193
[ 8859829ms] [WARNING] An error occurred! For more details, see the full error text at https://go.apollo.dev/c/err#%7B%22version%22%3A%223.14.1%22%2C%22message%22%3A103%2C%22args%22%3A%5B%22useLazyQuery.execute%22%2C%22errorPolicy%22%2C%22Please%20pass%20the%20option%20to%20the%20%60useLazyQuery%60%20hook%20instead.%22%5D%7D @ https://w3.ibm.com/assets/index-CGOK6XBv.js:193
[ 8859835ms] [LOG] undefined @ https://w3.ibm.com/assets/index-C-cTVSOj.js:11
[ 8859856ms] [LOG] undefined @ https://w3.ibm.com/assets/index-C-cTVSOj.js:11
[ 8865559ms] [LOG] undefined @ https://w3.ibm.com/assets/index-C-cTVSOj.js:11
[ 8867016ms] [LOG] undefined @ https://w3.ibm.com/assets/index-C-cTVSOj.js:11
[ 8867109ms] [LOG] undefined @ https://w3.ibm.com/assets/index-C-cTVSOj.js:11
[ 8867118ms] [LOG] undefined @ https://w3.ibm.com/assets/index-C-cTVSOj.js:11
[ 8869734ms] Failed to register a ServiceWorker for scope ('https://w3.ibm.com/') with script ('https://w3.ibm.com/sw.js'): An unknown error occurred when fetching the script.
[ 8881514ms] [LOG] undefined @ https://w3.ibm.com/assets/index-C-cTVSOj.js:11
[ 8881556ms] [LOG] undefined @ https://w3.ibm.com/assets/index-C-cTVSOj.js:11
[ 8881573ms] [LOG] undefined @ https://w3.ibm.com/assets/index-C-cTVSOj.js:11
[ 8881606ms] [WARNING] An error occurred! For more details, see the full error text at https://go.apollo.dev/c/err#%7B%22version%22%3A%223.14.1%22%2C%22message%22%3A103%2C%22args%22%3A%5B%22useLazyQuery.execute%22%2C%22errorPolicy%22%2C%22Please%20pass%20the%20option%20to%20the%20%60useLazyQuery%60%20hook%20instead.%22%5D%7D @ https://w3.ibm.com/assets/index-CGOK6XBv.js:193
[ 8881617ms] [LOG] undefined @ https://w3.ibm.com/assets/index-C-cTVSOj.js:11
[ 8881641ms] [LOG] undefined @ https://w3.ibm.com/assets/index-C-cTVSOj.js:11
[ 8885706ms] [LOG] undefined @ https://w3.ibm.com/assets/index-C-cTVSOj.js:11
[ 8885717ms] [LOG] undefined @ https://w3.ibm.com/assets/index-C-cTVSOj.js:11
[ 8885743ms] [LOG] undefined @ https://w3.ibm.com/assets/index-C-cTVSOj.js:11
[ 8885754ms] [LOG] undefined @ https://w3.ibm.com/assets/index-C-cTVSOj.js:11
[ 8892155ms] [LOG] undefined @ https://w3.ibm.com/assets/index-C-cTVSOj.js:11
[ 8892184ms] [LOG] undefined @ https://w3.ibm.com/assets/index-C-cTVSOj.js:11
[ 8892349ms] [LOG] undefined @ https://w3.ibm.com/assets/index-C-cTVSOj.js:11
[ 8958720ms] [LOG] undefined @ https://w3.ibm.com/assets/index-C-cTVSOj.js:11
[ 8958828ms] [LOG] undefined @ https://w3.ibm.com/assets/index-C-cTVSOj.js:11
[ 8958848ms] [LOG] undefined @ https://w3.ibm.com/assets/index-C-cTVSOj.js:11
[ 8959428ms] [INFO] %c BeeHeard %c 278 color: white; background: blue;  @ :0
[ 8959428ms] [INFO] %c BeeHeard Initialized (w3) %c color: white; background: blue;  @ https://w3.ibm.com/assets/index-CGOK6XBv.js:890
[ 8959444ms] [LOG] undefined @ https://w3.ibm.com/assets/index-C-cTVSOj.js:11
[ 8959449ms] [LOG] undefined @ https://w3.ibm.com/assets/index-C-cTVSOj.js:11
[ 8959474ms] [LOG] undefined @ https://w3.ibm.com/assets/index-C-cTVSOj.js:11
[ 8959481ms] [LOG] undefined @ https://w3.ibm.com/assets/index-C-cTVSOj.js:11
[ 8966485ms] [LOG] undefined @ https://w3.ibm.com/assets/index-C-cTVSOj.js:11
[ 8966586ms] [LOG] undefined @ https://w3.ibm.com/assets/index-C-cTVSOj.js:11
[ 8966590ms] [LOG] undefined @ https://w3.ibm.com/assets/index-C-cTVSOj.js:11
[ 8966761ms] [LOG] undefined @ https://w3.ibm.com/assets/index-C-cTVSOj.js:11
[ 8966764ms] [LOG] undefined @ https://w3.ibm.com/assets/index-C-cTVSOj.js:11
[ 8967450ms] [LOG] undefined @ https://w3.ibm.com/assets/index-C-cTVSOj.js:11
[ 8979487ms] [WARNING] An error occurred! For more details, see the full error text at https://go.apollo.dev/c/err#%7B%22version%22%3A%223.14.1%22%2C%22message%22%3A103%2C%22args%22%3A%5B%22useLazyQuery.execute%22%2C%22onCompleted%22%2C%22Please%20remove%20this%20option.%22%5D%7D @ https://w3.ibm.com/assets/index-CGOK6XBv.js:193
[ 8979487ms] [WARNING] An error occurred! For more details, see the full error text at https://go.apollo.dev/c/err#%7B%22version%22%3A%223.14.1%22%2C%22message%22%3A103%2C%22args%22%3A%5B%22useLazyQuery.execute%22%2C%22onError%22%2C%22Please%20remove%20this%20option.%22%5D%7D @ https://w3.ibm.com/assets/index-CGOK6XBv.js:193
[ 8979487ms] [WARNING] An error occurred! For more details, see the full error text at https://go.apollo.dev/c/err#%7B%22version%22%3A%223.14.1%22%2C%22message%22%3A103%2C%22args%22%3A%5B%22useLazyQuery.execute%22%2C%22errorPolicy%22%2C%22Please%20pass%20the%20option%20to%20the%20%60useLazyQuery%60%20hook%20instead.%22%5D%7D @ https://w3.ibm.com/assets/index-CGOK6XBv.js:193
[ 8986979ms] [LOG] undefined @ https://w3.ibm.com/assets/index-C-cTVSOj.js:11
[ 8988390ms] [WARNING] An error occurred! For more details, see the full error text at https://go.apollo.dev/c/err#%7B%22version%22%3A%223.14.1%22%2C%22message%22%3A103%2C%22args%22%3A%5B%22useQuery%22%2C%22onCompleted%22%2C%22If%20your%20%60onCompleted%60%20callback%20sets%20local%20state%2C%20switch%20to%20use%20derived%20state%20using%20%60data%60%20returned%20from%20the%20hook%20instead.%20Use%20%60useEffect%60%20to%20perform%20side-effects%20as%20a%20result%20of%20updates%20to%20%60data%60.%22%5D%7D @ https://w3.ibm.com/assets/index-CGOK6XBv.js:193
[ 8990557ms] [LOG] undefined @ https://w3.ibm.com/assets/index-C-cTVSOj.js:11
[ 8990562ms] [LOG] undefined @ https://w3.ibm.com/assets/index-C-cTVSOj.js:11
[ 9033007ms] [ERROR] Failed to load resource: net::ERR_TIMED_OUT @ https://w3-ui-unified-profile-proxy.w3-ui.dal.app.cirrus.ibm.com/up-api-proxy/v3/image/4A1250897?def=none:0
[ 9040366ms] [LOG] undefined @ https://w3.ibm.com/assets/index-C-cTVSOj.js:11
[ 9557959ms] [ERROR] Failed to load resource: net::ERR_CONNECTION_RESET @ https://w3-ui-unified-profile-proxy.w3-ui.dal.app.cirrus.ibm.com/up-api-proxy/v3/image/515125897?def=none:0
[14361973ms] [ERROR] Failed to load resource: net::ERR_NAME_NOT_RESOLVED @ https://w3-graph-w3-graph.w3-globals.dal.app.cirrus.ibm.com/graphql?client-tracking-id=w3-web-carbon&op=getUserNotifications:0
[14363476ms] [LOG] undefined @ https://w3.ibm.com/assets/index-C-cTVSOj.js:11
[14363597ms] [ERROR] Failed to load resource: net::ERR_NAME_NOT_RESOLVED @ https://w3-authorization-service.w3-globals.dal.app.cirrus.ibm.com/v1/validate/tokenexp/1783696205:0
[15239661ms] [ERROR] Failed to load resource: net::ERR_NAME_NOT_RESOLVED @ https://w3-graph-w3-graph.w3-globals.dal.app.cirrus.ibm.com/graphql?client-tracking-id=w3-web-carbon&op=getUserNotifications:0
[15270808ms] [ERROR] Failed to load resource: net::ERR_NAME_NOT_RESOLVED @ https://w3-authorization-service.w3-globals.dal.app.cirrus.ibm.com/v1/validate/tokenexp/1783696205:0
[15389777ms] [ERROR] Failed to load resource: net::ERR_NAME_NOT_RESOLVED @ https://w3-graph-w3-graph.w3-globals.dal.app.cirrus.ibm.com/graphql?client-tracking-id=w3-web-carbon&op=getUserNotifications:0
[15451671ms] [ERROR] Failed to load resource: net::ERR_NAME_NOT_RESOLVED @ https://w3-authorization-service.w3-globals.dal.app.cirrus.ibm.com/v1/validate/tokenexp/1783696205:0
[15539974ms] [ERROR] Failed to load resource: net::ERR_NAME_NOT_RESOLVED @ https://w3-graph-w3-graph.w3-globals.dal.app.cirrus.ibm.com/graphql?client-tracking-id=w3-web-carbon&op=getUserNotifications:0
[15630806ms] [ERROR] Failed to load resource: net::ERR_NAME_NOT_RESOLVED @ https://w3-authorization-service.w3-globals.dal.app.cirrus.ibm.com/v1/validate/tokenexp/1783696205:0
[15690089ms] [ERROR] Failed to load resource: net::ERR_NAME_NOT_RESOLVED @ https://w3-graph-w3-graph.w3-globals.dal.app.cirrus.ibm.com/graphql?client-tracking-id=w3-web-carbon&op=getUserNotifications:0
[15810676ms] [ERROR] Failed to load resource: net::ERR_NAME_NOT_RESOLVED @ https://w3-authorization-service.w3-globals.dal.app.cirrus.ibm.com/v1/validate/tokenexp/1783696205:0
[15840193ms] [ERROR] Failed to load resource: net::ERR_NAME_NOT_RESOLVED @ https://w3-graph-w3-graph.w3-globals.dal.app.cirrus.ibm.com/graphql?client-tracking-id=w3-web-carbon&op=getUserNotifications:0
[15991010ms] [ERROR] Failed to load resource: net::ERR_NAME_NOT_RESOLVED @ https://w3-graph-w3-graph.w3-globals.dal.app.cirrus.ibm.com/graphql?client-tracking-id=w3-web-carbon&op=getUserNotifications:0
[15991119ms] [ERROR] Failed to load resource: net::ERR_NAME_NOT_RESOLVED @ https://w3-authorization-service.w3-globals.dal.app.cirrus.ibm.com/v1/validate/tokenexp/1783696205:0
[16141109ms] [ERROR] Failed to load resource: net::ERR_NAME_NOT_RESOLVED @ https://w3-graph-w3-graph.w3-globals.dal.app.cirrus.ibm.com/graphql?client-tracking-id=w3-web-carbon&op=getUserNotifications:0
[16170669ms] [ERROR] Failed to load resource: net::ERR_NAME_NOT_RESOLVED @ https://w3-authorization-service.w3-globals.dal.app.cirrus.ibm.com/v1/validate/tokenexp/1783696205:0
[16291237ms] [ERROR] Failed to load resource: net::ERR_NAME_NOT_RESOLVED @ https://w3-graph-w3-graph.w3-globals.dal.app.cirrus.ibm.com/graphql?client-tracking-id=w3-web-carbon&op=getUserNotifications:0
[16350649ms] [ERROR] Failed to load resource: net::ERR_NAME_NOT_RESOLVED @ https://w3-authorization-service.w3-globals.dal.app.cirrus.ibm.com/v1/validate/tokenexp/1783696205:0
[16441331ms] [ERROR] Failed to load resource: net::ERR_NAME_NOT_RESOLVED @ https://w3-graph-w3-graph.w3-globals.dal.app.cirrus.ibm.com/graphql?client-tracking-id=w3-web-carbon&op=getUserNotifications:0
[16530667ms] [ERROR] Failed to load resource: net::ERR_NAME_NOT_RESOLVED @ https://w3-authorization-service.w3-globals.dal.app.cirrus.ibm.com/v1/validate/tokenexp/1783696205:0
[16591426ms] [ERROR] Failed to load resource: net::ERR_NAME_NOT_RESOLVED @ https://w3-graph-w3-graph.w3-globals.dal.app.cirrus.ibm.com/graphql?client-tracking-id=w3-web-carbon&op=getUserNotifications:0
[16710664ms] [ERROR] Failed to load resource: net::ERR_NAME_NOT_RESOLVED @ https://w3-authorization-service.w3-globals.dal.app.cirrus.ibm.com/v1/validate/tokenexp/1783696205:0
[16741518ms] [ERROR] Failed to load resource: net::ERR_NAME_NOT_RESOLVED @ https://w3-graph-w3-graph.w3-globals.dal.app.cirrus.ibm.com/graphql?client-tracking-id=w3-web-carbon&op=getUserNotifications:0
[16890653ms] [ERROR] Failed to load resource: net::ERR_NAME_NOT_RESOLVED @ https://w3-authorization-service.w3-globals.dal.app.cirrus.ibm.com/v1/validate/tokenexp/1783696205:0
[16891617ms] [ERROR] Failed to load resource: net::ERR_NAME_NOT_RESOLVED @ https://w3-graph-w3-graph.w3-globals.dal.app.cirrus.ibm.com/graphql?client-tracking-id=w3-web-carbon&op=getUserNotifications:0
[17041738ms] [ERROR] Failed to load resource: net::ERR_NAME_NOT_RESOLVED @ https://w3-graph-w3-graph.w3-globals.dal.app.cirrus.ibm.com/graphql?client-tracking-id=w3-web-carbon&op=getUserNotifications:0
[17070659ms] [ERROR] Failed to load resource: net::ERR_NAME_NOT_RESOLVED @ https://w3-authorization-service.w3-globals.dal.app.cirrus.ibm.com/v1/validate/tokenexp/1783696205:0
[17191835ms] [ERROR] Failed to load resource: net::ERR_NAME_NOT_RESOLVED @ https://w3-graph-w3-graph.w3-globals.dal.app.cirrus.ibm.com/graphql?client-tracking-id=w3-web-carbon&op=getUserNotifications:0
[17250655ms] [ERROR] Failed to load resource: net::ERR_NAME_NOT_RESOLVED @ https://w3-authorization-service.w3-globals.dal.app.cirrus.ibm.com/v1/validate/tokenexp/1783696205:0
[17341933ms] [ERROR] Failed to load resource: net::ERR_NAME_NOT_RESOLVED @ https://w3-graph-w3-graph.w3-globals.dal.app.cirrus.ibm.com/graphql?client-tracking-id=w3-web-carbon&op=getUserNotifications:0
[17430666ms] [ERROR] Failed to load resource: net::ERR_NAME_NOT_RESOLVED @ https://w3-authorization-service.w3-globals.dal.app.cirrus.ibm.com/v1/validate/tokenexp/1783696205:0
[17492036ms] [ERROR] Failed to load resource: net::ERR_NAME_NOT_RESOLVED @ https://w3-graph-w3-graph.w3-globals.dal.app.cirrus.ibm.com/graphql?client-tracking-id=w3-web-carbon&op=getUserNotifications:0
[17610664ms] [ERROR] Failed to load resource: net::ERR_NAME_NOT_RESOLVED @ https://w3-authorization-service.w3-globals.dal.app.cirrus.ibm.com/v1/validate/tokenexp/1783696205:0
[17642128ms] [ERROR] Failed to load resource: net::ERR_NAME_NOT_RESOLVED @ https://w3-graph-w3-graph.w3-globals.dal.app.cirrus.ibm.com/graphql?client-tracking-id=w3-web-carbon&op=getUserNotifications:0
[17790658ms] [ERROR] Failed to load resource: net::ERR_NAME_NOT_RESOLVED @ https://w3-authorization-service.w3-globals.dal.app.cirrus.ibm.com/v1/validate/tokenexp/1783696205:0
[17792228ms] [ERROR] Failed to load resource: net::ERR_NAME_NOT_RESOLVED @ https://w3-graph-w3-graph.w3-globals.dal.app.cirrus.ibm.com/graphql?client-tracking-id=w3-web-carbon&op=getUserNotifications:0
[17942330ms] [ERROR] Failed to load resource: net::ERR_NAME_NOT_RESOLVED @ https://w3-graph-w3-graph.w3-globals.dal.app.cirrus.ibm.com/graphql?client-tracking-id=w3-web-carbon&op=getUserNotifications:0
[17970658ms] [ERROR] Failed to load resource: net::ERR_NAME_NOT_RESOLVED @ https://w3-authorization-service.w3-globals.dal.app.cirrus.ibm.com/v1/validate/tokenexp/1783696205:0
[18092426ms] [ERROR] Failed to load resource: net::ERR_NAME_NOT_RESOLVED @ https://w3-graph-w3-graph.w3-globals.dal.app.cirrus.ibm.com/graphql?client-tracking-id=w3-web-carbon&op=getUserNotifications:0
[18150654ms] [ERROR] Failed to load resource: net::ERR_NAME_NOT_RESOLVED @ https://w3-authorization-service.w3-globals.dal.app.cirrus.ibm.com/v1/validate/tokenexp/1783696205:0
[18242520ms] [ERROR] Failed to load resource: net::ERR_NAME_NOT_RESOLVED @ https://w3-graph-w3-graph.w3-globals.dal.app.cirrus.ibm.com/graphql?client-tracking-id=w3-web-carbon&op=getUserNotifications:0
[18330658ms] [ERROR] Failed to load resource: net::ERR_NAME_NOT_RESOLVED @ https://w3-authorization-service.w3-globals.dal.app.cirrus.ibm.com/v1/validate/tokenexp/1783696205:0
[18392609ms] [ERROR] Failed to load resource: net::ERR_NAME_NOT_RESOLVED @ https://w3-graph-w3-graph.w3-globals.dal.app.cirrus.ibm.com/graphql?client-tracking-id=w3-web-carbon&op=getUserNotifications:0
[18510662ms] [ERROR] Failed to load resource: net::ERR_NAME_NOT_RESOLVED @ https://w3-authorization-service.w3-globals.dal.app.cirrus.ibm.com/v1/validate/tokenexp/1783696205:0
[18542719ms] [ERROR] Failed to load resource: net::ERR_NAME_NOT_RESOLVED @ https://w3-graph-w3-graph.w3-globals.dal.app.cirrus.ibm.com/graphql?client-tracking-id=w3-web-carbon&op=getUserNotifications:0
[18690658ms] [ERROR] Failed to load resource: net::ERR_NAME_NOT_RESOLVED @ https://w3-authorization-service.w3-globals.dal.app.cirrus.ibm.com/v1/validate/tokenexp/1783696205:0
[18692819ms] [ERROR] Failed to load resource: net::ERR_NAME_NOT_RESOLVED @ https://w3-graph-w3-graph.w3-globals.dal.app.cirrus.ibm.com/graphql?client-tracking-id=w3-web-carbon&op=getUserNotifications:0
[18842959ms] [ERROR] Failed to load resource: net::ERR_NAME_NOT_RESOLVED @ https://w3-graph-w3-graph.w3-globals.dal.app.cirrus.ibm.com/graphql?client-tracking-id=w3-web-carbon&op=getUserNotifications:0
[18870680ms] [ERROR] Failed to load resource: net::ERR_NAME_NOT_RESOLVED @ https://w3-authorization-service.w3-globals.dal.app.cirrus.ibm.com/v1/validate/tokenexp/1783696205:0
[18993057ms] [ERROR] Failed to load resource: net::ERR_NAME_NOT_RESOLVED @ https://w3-graph-w3-graph.w3-globals.dal.app.cirrus.ibm.com/graphql?client-tracking-id=w3-web-carbon&op=getUserNotifications:0
[19050655ms] [ERROR] Failed to load resource: net::ERR_NAME_NOT_RESOLVED @ https://w3-authorization-service.w3-globals.dal.app.cirrus.ibm.com/v1/validate/tokenexp/1783696205:0
[19143149ms] [ERROR] Failed to load resource: net::ERR_NAME_NOT_RESOLVED @ https://w3-graph-w3-graph.w3-globals.dal.app.cirrus.ibm.com/graphql?client-tracking-id=w3-web-carbon&op=getUserNotifications:0
[19230692ms] [ERROR] Failed to load resource: net::ERR_NAME_NOT_RESOLVED @ https://w3-authorization-service.w3-globals.dal.app.cirrus.ibm.com/v1/validate/tokenexp/1783696205:0
[19293244ms] [ERROR] Failed to load resource: net::ERR_NAME_NOT_RESOLVED @ https://w3-graph-w3-graph.w3-globals.dal.app.cirrus.ibm.com/graphql?client-tracking-id=w3-web-carbon&op=getUserNotifications:0
[19410676ms] [ERROR] Failed to load resource: net::ERR_NAME_NOT_RESOLVED @ https://w3-authorization-service.w3-globals.dal.app.cirrus.ibm.com/v1/validate/tokenexp/1783696205:0
[19443344ms] [ERROR] Failed to load resource: net::ERR_NAME_NOT_RESOLVED @ https://w3-graph-w3-graph.w3-globals.dal.app.cirrus.ibm.com/graphql?client-tracking-id=w3-web-carbon&op=getUserNotifications:0
[19590702ms] [ERROR] Failed to load resource: net::ERR_NAME_NOT_RESOLVED @ https://w3-authorization-service.w3-globals.dal.app.cirrus.ibm.com/v1/validate/tokenexp/1783696205:0
[19593486ms] [ERROR] Failed to load resource: net::ERR_NAME_NOT_RESOLVED @ https://w3-graph-w3-graph.w3-globals.dal.app.cirrus.ibm.com/graphql?client-tracking-id=w3-web-carbon&op=getUserNotifications:0
[19743585ms] [ERROR] Failed to load resource: net::ERR_NAME_NOT_RESOLVED @ https://w3-graph-w3-graph.w3-globals.dal.app.cirrus.ibm.com/graphql?client-tracking-id=w3-web-carbon&op=getUserNotifications:0
[19770712ms] [ERROR] Failed to load resource: net::ERR_NAME_NOT_RESOLVED @ https://w3-authorization-service.w3-globals.dal.app.cirrus.ibm.com/v1/validate/tokenexp/1783696205:0
[19893689ms] [ERROR] Failed to load resource: net::ERR_NAME_NOT_RESOLVED @ https://w3-graph-w3-graph.w3-globals.dal.app.cirrus.ibm.com/graphql?client-tracking-id=w3-web-carbon&op=getUserNotifications:0
[19950713ms] [ERROR] Failed to load resource: net::ERR_NAME_NOT_RESOLVED @ https://w3-authorization-service.w3-globals.dal.app.cirrus.ibm.com/v1/validate/tokenexp/1783696205:0
[20043789ms] [ERROR] Failed to load resource: net::ERR_NAME_NOT_RESOLVED @ https://w3-graph-w3-graph.w3-globals.dal.app.cirrus.ibm.com/graphql?client-tracking-id=w3-web-carbon&op=getUserNotifications:0
[20130716ms] [ERROR] Failed to load resource: net::ERR_NAME_NOT_RESOLVED @ https://w3-authorization-service.w3-globals.dal.app.cirrus.ibm.com/v1/validate/tokenexp/1783696205:0
[20194063ms] [ERROR] Failed to load resource: net::ERR_NAME_NOT_RESOLVED @ https://w3-graph-w3-graph.w3-globals.dal.app.cirrus.ibm.com/graphql?client-tracking-id=w3-web-carbon&op=getUserNotifications:0
[20310718ms] [ERROR] Failed to load resource: net::ERR_NAME_NOT_RESOLVED @ https://w3-authorization-service.w3-globals.dal.app.cirrus.ibm.com/v1/validate/tokenexp/1783696205:0
[20344160ms] [ERROR] Failed to load resource: net::ERR_NAME_NOT_RESOLVED @ https://w3-graph-w3-graph.w3-globals.dal.app.cirrus.ibm.com/graphql?client-tracking-id=w3-web-carbon&op=getUserNotifications:0
[20490731ms] [ERROR] Failed to load resource: net::ERR_NAME_NOT_RESOLVED @ https://w3-authorization-service.w3-globals.dal.app.cirrus.ibm.com/v1/validate/tokenexp/1783696205:0
[20494253ms] [ERROR] Failed to load resource: net::ERR_NAME_NOT_RESOLVED @ https://w3-graph-w3-graph.w3-globals.dal.app.cirrus.ibm.com/graphql?client-tracking-id=w3-web-carbon&op=getUserNotifications:0
[20644345ms] [ERROR] Failed to load resource: net::ERR_NAME_NOT_RESOLVED @ https://w3-graph-w3-graph.w3-globals.dal.app.cirrus.ibm.com/graphql?client-tracking-id=w3-web-carbon&op=getUserNotifications:0
[20670706ms] [ERROR] Failed to load resource: net::ERR_NAME_NOT_RESOLVED @ https://w3-authorization-service.w3-globals.dal.app.cirrus.ibm.com/v1/validate/tokenexp/1783696205:0
[20794433ms] [ERROR] Failed to load resource: net::ERR_NAME_NOT_RESOLVED @ https://w3-graph-w3-graph.w3-globals.dal.app.cirrus.ibm.com/graphql?client-tracking-id=w3-web-carbon&op=getUserNotifications:0
[20850733ms] [ERROR] Failed to load resource: net::ERR_NAME_NOT_RESOLVED @ https://w3-authorization-service.w3-globals.dal.app.cirrus.ibm.com/v1/validate/tokenexp/1783696205:0
[20944518ms] [ERROR] Failed to load resource: net::ERR_NAME_NOT_RESOLVED @ https://w3-graph-w3-graph.w3-globals.dal.app.cirrus.ibm.com/graphql?client-tracking-id=w3-web-carbon&op=getUserNotifications:0
[21030738ms] [ERROR] Failed to load resource: net::ERR_NAME_NOT_RESOLVED @ https://w3-authorization-service.w3-globals.dal.app.cirrus.ibm.com/v1/validate/tokenexp/1783696205:0
[21094625ms] [ERROR] Failed to load resource: net::ERR_NAME_NOT_RESOLVED @ https://w3-graph-w3-graph.w3-globals.dal.app.cirrus.ibm.com/graphql?client-tracking-id=w3-web-carbon&op=getUserNotifications:0
[21210731ms] [ERROR] Failed to load resource: net::ERR_NAME_NOT_RESOLVED @ https://w3-authorization-service.w3-globals.dal.app.cirrus.ibm.com/v1/validate/tokenexp/1783696205:0
[21244717ms] [ERROR] Failed to load resource: net::ERR_NAME_NOT_RESOLVED @ https://w3-graph-w3-graph.w3-globals.dal.app.cirrus.ibm.com/graphql?client-tracking-id=w3-web-carbon&op=getUserNotifications:0
[21390751ms] [ERROR] Failed to load resource: net::ERR_NAME_NOT_RESOLVED @ https://w3-authorization-service.w3-globals.dal.app.cirrus.ibm.com/v1/validate/tokenexp/1783696205:0
[21394816ms] [ERROR] Failed to load resource: net::ERR_NAME_NOT_RESOLVED @ https://w3-graph-w3-graph.w3-globals.dal.app.cirrus.ibm.com/graphql?client-tracking-id=w3-web-carbon&op=getUserNotifications:0
[21544902ms] [ERROR] Failed to load resource: net::ERR_NAME_NOT_RESOLVED @ https://w3-graph-w3-graph.w3-globals.dal.app.cirrus.ibm.com/graphql?client-tracking-id=w3-web-carbon&op=getUserNotifications:0
[21570739ms] [ERROR] Failed to load resource: net::ERR_NAME_NOT_RESOLVED @ https://w3-authorization-service.w3-globals.dal.app.cirrus.ibm.com/v1/validate/tokenexp/1783696205:0
[21695036ms] [ERROR] Failed to load resource: net::ERR_NAME_NOT_RESOLVED @ https://w3-graph-w3-graph.w3-globals.dal.app.cirrus.ibm.com/graphql?client-tracking-id=w3-web-carbon&op=getUserNotifications:0
[21750743ms] [ERROR] Failed to load resource: net::ERR_NAME_NOT_RESOLVED @ https://w3-authorization-service.w3-globals.dal.app.cirrus.ibm.com/v1/validate/tokenexp/1783696205:0
[21845150ms] [ERROR] Failed to load resource: net::ERR_NAME_NOT_RESOLVED @ https://w3-graph-w3-graph.w3-globals.dal.app.cirrus.ibm.com/graphql?client-tracking-id=w3-web-carbon&op=getUserNotifications:0
[21930781ms] [ERROR] Failed to load resource: net::ERR_NAME_NOT_RESOLVED @ https://w3-authorization-service.w3-globals.dal.app.cirrus.ibm.com/v1/validate/tokenexp/1783696205:0
[21995241ms] [ERROR] Failed to load resource: net::ERR_NAME_NOT_RESOLVED @ https://w3-graph-w3-graph.w3-globals.dal.app.cirrus.ibm.com/graphql?client-tracking-id=w3-web-carbon&op=getUserNotifications:0
[22110738ms] [ERROR] Failed to load resource: net::ERR_NAME_NOT_RESOLVED @ https://w3-authorization-service.w3-globals.dal.app.cirrus.ibm.com/v1/validate/tokenexp/1783696205:0
[22145331ms] [ERROR] Failed to load resource: net::ERR_NAME_NOT_RESOLVED @ https://w3-graph-w3-graph.w3-globals.dal.app.cirrus.ibm.com/graphql?client-tracking-id=w3-web-carbon&op=getUserNotifications:0
[22290755ms] [ERROR] Failed to load resource: net::ERR_NAME_NOT_RESOLVED @ https://w3-authorization-service.w3-globals.dal.app.cirrus.ibm.com/v1/validate/tokenexp/1783696205:0
[22295446ms] [ERROR] Failed to load resource: net::ERR_NAME_NOT_RESOLVED @ https://w3-graph-w3-graph.w3-globals.dal.app.cirrus.ibm.com/graphql?client-tracking-id=w3-web-carbon&op=getUserNotifications:0
[24415226ms] [ERROR] Failed to load resource: net::ERR_NAME_NOT_RESOLVED @ https://w3-graph-w3-graph.w3-globals.dal.app.cirrus.ibm.com/graphql?client-tracking-id=w3-web-carbon&op=getUserNotifications:0
[24440670ms] [ERROR] Failed to load resource: net::ERR_NAME_NOT_RESOLVED @ https://w3-authorization-service.w3-globals.dal.app.cirrus.ibm.com/v1/validate/tokenexp/1783696205:0
[24565378ms] [ERROR] Failed to load resource: net::ERR_NAME_NOT_RESOLVED @ https://w3-graph-w3-graph.w3-globals.dal.app.cirrus.ibm.com/graphql?client-tracking-id=w3-web-carbon&op=getUserNotifications:0
[24620350ms] [ERROR] Failed to load resource: net::ERR_NAME_NOT_RESOLVED @ https://w3-authorization-service.w3-globals.dal.app.cirrus.ibm.com/v1/validate/tokenexp/1783696205:0
[24715446ms] [ERROR] Failed to load resource: net::ERR_NAME_NOT_RESOLVED @ https://w3-graph-w3-graph.w3-globals.dal.app.cirrus.ibm.com/graphql?client-tracking-id=w3-web-carbon&op=getUserNotifications:0
[24800247ms] [ERROR] Failed to load resource: net::ERR_NAME_NOT_RESOLVED @ https://w3-authorization-service.w3-globals.dal.app.cirrus.ibm.com/v1/validate/tokenexp/1783696205:0
[24865597ms] [ERROR] Failed to load resource: net::ERR_NAME_NOT_RESOLVED @ https://w3-graph-w3-graph.w3-globals.dal.app.cirrus.ibm.com/graphql?client-tracking-id=w3-web-carbon&op=getUserNotifications:0
[24980313ms] [ERROR] Failed to load resource: net::ERR_NAME_NOT_RESOLVED @ https://w3-authorization-service.w3-globals.dal.app.cirrus.ibm.com/v1/validate/tokenexp/1783696205:0
[25015720ms] [ERROR] Failed to load resource: net::ERR_NAME_NOT_RESOLVED @ https://w3-graph-w3-graph.w3-globals.dal.app.cirrus.ibm.com/graphql?client-tracking-id=w3-web-carbon&op=getUserNotifications:0
[25160263ms] [ERROR] Failed to load resource: net::ERR_NAME_NOT_RESOLVED @ https://w3-authorization-service.w3-globals.dal.app.cirrus.ibm.com/v1/validate/tokenexp/1783696205:0
[25165811ms] [ERROR] Failed to load resource: net::ERR_NAME_NOT_RESOLVED @ https://w3-graph-w3-graph.w3-globals.dal.app.cirrus.ibm.com/graphql?client-tracking-id=w3-web-carbon&op=getUserNotifications:0
[25315910ms] [ERROR] Failed to load resource: net::ERR_NAME_NOT_RESOLVED @ https://w3-graph-w3-graph.w3-globals.dal.app.cirrus.ibm.com/graphql?client-tracking-id=w3-web-carbon&op=getUserNotifications:0
[25340293ms] [ERROR] Failed to load resource: net::ERR_NAME_NOT_RESOLVED @ https://w3-authorization-service.w3-globals.dal.app.cirrus.ibm.com/v1/validate/tokenexp/1783696205:0
[25465976ms] [ERROR] Failed to load resource: net::ERR_NAME_NOT_RESOLVED @ https://w3-graph-w3-graph.w3-globals.dal.app.cirrus.ibm.com/graphql?client-tracking-id=w3-web-carbon&op=getUserNotifications:0
[25520247ms] [ERROR] Failed to load resource: net::ERR_NAME_NOT_RESOLVED @ https://w3-authorization-service.w3-globals.dal.app.cirrus.ibm.com/v1/validate/tokenexp/1783696205:0
[25616114ms] [ERROR] Failed to load resource: net::ERR_NAME_NOT_RESOLVED @ https://w3-graph-w3-graph.w3-globals.dal.app.cirrus.ibm.com/graphql?client-tracking-id=w3-web-carbon&op=getUserNotifications:0
[25700257ms] [ERROR] Failed to load resource: net::ERR_NAME_NOT_RESOLVED @ https://w3-authorization-service.w3-globals.dal.app.cirrus.ibm.com/v1/validate/tokenexp/1783696205:0
[25766183ms] [ERROR] Failed to load resource: net::ERR_NAME_NOT_RESOLVED @ https://w3-graph-w3-graph.w3-globals.dal.app.cirrus.ibm.com/graphql?client-tracking-id=w3-web-carbon&op=getUserNotifications:0
[25880392ms] [ERROR] Failed to load resource: net::ERR_NAME_NOT_RESOLVED @ https://w3-authorization-service.w3-globals.dal.app.cirrus.ibm.com/v1/validate/tokenexp/1783696205:0
[25916331ms] [ERROR] Failed to load resource: net::ERR_NAME_NOT_RESOLVED @ https://w3-graph-w3-graph.w3-globals.dal.app.cirrus.ibm.com/graphql?client-tracking-id=w3-web-carbon&op=getUserNotifications:0
[26060349ms] [ERROR] Failed to load resource: net::ERR_NAME_NOT_RESOLVED @ https://w3-authorization-service.w3-globals.dal.app.cirrus.ibm.com/v1/validate/tokenexp/1783696205:0
[26066430ms] [ERROR] Failed to load resource: net::ERR_NAME_NOT_RESOLVED @ https://w3-graph-w3-graph.w3-globals.dal.app.cirrus.ibm.com/graphql?client-tracking-id=w3-web-carbon&op=getUserNotifications:0
[26216550ms] [ERROR] Failed to load resource: net::ERR_NAME_NOT_RESOLVED @ https://w3-graph-w3-graph.w3-globals.dal.app.cirrus.ibm.com/graphql?client-tracking-id=w3-web-carbon&op=getUserNotifications:0
[26240315ms] [ERROR] Failed to load resource: net::ERR_NAME_NOT_RESOLVED @ https://w3-authorization-service.w3-globals.dal.app.cirrus.ibm.com/v1/validate/tokenexp/1783696205:0
[26366683ms] [ERROR] Failed to load resource: net::ERR_NAME_NOT_RESOLVED @ https://w3-graph-w3-graph.w3-globals.dal.app.cirrus.ibm.com/graphql?client-tracking-id=w3-web-carbon&op=getUserNotifications:0
[26420246ms] [ERROR] Failed to load resource: net::ERR_NAME_NOT_RESOLVED @ https://w3-authorization-service.w3-globals.dal.app.cirrus.ibm.com/v1/validate/tokenexp/1783696205:0
[26516787ms] [ERROR] Failed to load resource: net::ERR_NAME_NOT_RESOLVED @ https://w3-graph-w3-graph.w3-globals.dal.app.cirrus.ibm.com/graphql?client-tracking-id=w3-web-carbon&op=getUserNotifications:0
[26600262ms] [ERROR] Failed to load resource: net::ERR_NAME_NOT_RESOLVED @ https://w3-authorization-service.w3-globals.dal.app.cirrus.ibm.com/v1/validate/tokenexp/1783696205:0
[26666929ms] [ERROR] Failed to load resource: net::ERR_NAME_NOT_RESOLVED @ https://w3-graph-w3-graph.w3-globals.dal.app.cirrus.ibm.com/graphql?client-tracking-id=w3-web-carbon&op=getUserNotifications:0
[26780197ms] [ERROR] Failed to load resource: net::ERR_NAME_NOT_RESOLVED @ https://w3-authorization-service.w3-globals.dal.app.cirrus.ibm.com/v1/validate/tokenexp/1783696205:0
[26816979ms] [ERROR] Failed to load resource: net::ERR_NAME_NOT_RESOLVED @ https://w3-graph-w3-graph.w3-globals.dal.app.cirrus.ibm.com/graphql?client-tracking-id=w3-web-carbon&op=getUserNotifications:0
[26960291ms] [ERROR] Failed to load resource: net::ERR_NAME_NOT_RESOLVED @ https://w3-authorization-service.w3-globals.dal.app.cirrus.ibm.com/v1/validate/tokenexp/1783696205:0
[26967064ms] [ERROR] Failed to load resource: net::ERR_NAME_NOT_RESOLVED @ https://w3-graph-w3-graph.w3-globals.dal.app.cirrus.ibm.com/graphql?client-tracking-id=w3-web-carbon&op=getUserNotifications:0
[27117186ms] [ERROR] Failed to load resource: net::ERR_NAME_NOT_RESOLVED @ https://w3-graph-w3-graph.w3-globals.dal.app.cirrus.ibm.com/graphql?client-tracking-id=w3-web-carbon&op=getUserNotifications:0
[27140260ms] [ERROR] Failed to load resource: net::ERR_NAME_NOT_RESOLVED @ https://w3-authorization-service.w3-globals.dal.app.cirrus.ibm.com/v1/validate/tokenexp/1783696205:0
[27267377ms] [ERROR] Failed to load resource: net::ERR_NAME_NOT_RESOLVED @ https://w3-graph-w3-graph.w3-globals.dal.app.cirrus.ibm.com/graphql?client-tracking-id=w3-web-carbon&op=getUserNotifications:0
[27320259ms] [ERROR] Failed to load resource: net::ERR_NAME_NOT_RESOLVED @ https://w3-authorization-service.w3-globals.dal.app.cirrus.ibm.com/v1/validate/tokenexp/1783696205:0
[27417435ms] [ERROR] Failed to load resource: net::ERR_NAME_NOT_RESOLVED @ https://w3-graph-w3-graph.w3-globals.dal.app.cirrus.ibm.com/graphql?client-tracking-id=w3-web-carbon&op=getUserNotifications:0
[27500261ms] [ERROR] Failed to load resource: net::ERR_NAME_NOT_RESOLVED @ https://w3-authorization-service.w3-globals.dal.app.cirrus.ibm.com/v1/validate/tokenexp/1783696205:0
[27567545ms] [ERROR] Failed to load resource: net::ERR_NAME_NOT_RESOLVED @ https://w3-graph-w3-graph.w3-globals.dal.app.cirrus.ibm.com/graphql?client-tracking-id=w3-web-carbon&op=getUserNotifications:0
[27680271ms] [ERROR] Failed to load resource: net::ERR_NAME_NOT_RESOLVED @ https://w3-authorization-service.w3-globals.dal.app.cirrus.ibm.com/v1/validate/tokenexp/1783696205:0
[27717669ms] [ERROR] Failed to load resource: net::ERR_NAME_NOT_RESOLVED @ https://w3-graph-w3-graph.w3-globals.dal.app.cirrus.ibm.com/graphql?client-tracking-id=w3-web-carbon&op=getUserNotifications:0
[29956242ms] [ERROR] Failed to load resource: net::ERR_NAME_NOT_RESOLVED @ https://w3-authorization-service.w3-globals.dal.app.cirrus.ibm.com/v1/validate/tokenexp/1783696205:0
[29963680ms] [ERROR] Failed to load resource: net::ERR_NAME_NOT_RESOLVED @ https://w3-graph-w3-graph.w3-globals.dal.app.cirrus.ibm.com/graphql?client-tracking-id=w3-web-carbon&op=getUserNotifications:0
[30113788ms] [ERROR] Failed to load resource: net::ERR_NAME_NOT_RESOLVED @ https://w3-graph-w3-graph.w3-globals.dal.app.cirrus.ibm.com/graphql?client-tracking-id=w3-web-carbon&op=getUserNotifications:0
[30136087ms] [ERROR] Failed to load resource: net::ERR_NAME_NOT_RESOLVED @ https://w3-authorization-service.w3-globals.dal.app.cirrus.ibm.com/v1/validate/tokenexp/1783696205:0
[30263929ms] [ERROR] Failed to load resource: net::ERR_NAME_NOT_RESOLVED @ https://w3-graph-w3-graph.w3-globals.dal.app.cirrus.ibm.com/graphql?client-tracking-id=w3-web-carbon&op=getUserNotifications:0
[30316089ms] [ERROR] Failed to load resource: net::ERR_NAME_NOT_RESOLVED @ https://w3-authorization-service.w3-globals.dal.app.cirrus.ibm.com/v1/validate/tokenexp/1783696205:0
[30414028ms] [ERROR] Failed to load resource: net::ERR_NAME_NOT_RESOLVED @ https://w3-graph-w3-graph.w3-globals.dal.app.cirrus.ibm.com/graphql?client-tracking-id=w3-web-carbon&op=getUserNotifications:0
[30496097ms] [ERROR] Failed to load resource: net::ERR_NAME_NOT_RESOLVED @ https://w3-authorization-service.w3-globals.dal.app.cirrus.ibm.com/v1/validate/tokenexp/1783696205:0
[30564123ms] [ERROR] Failed to load resource: net::ERR_NAME_NOT_RESOLVED @ https://w3-graph-w3-graph.w3-globals.dal.app.cirrus.ibm.com/graphql?client-tracking-id=w3-web-carbon&op=getUserNotifications:0
[30676077ms] [ERROR] Failed to load resource: net::ERR_NAME_NOT_RESOLVED @ https://w3-authorization-service.w3-globals.dal.app.cirrus.ibm.com/v1/validate/tokenexp/1783696205:0
[30714212ms] [ERROR] Failed to load resource: net::ERR_NAME_NOT_RESOLVED @ https://w3-graph-w3-graph.w3-globals.dal.app.cirrus.ibm.com/graphql?client-tracking-id=w3-web-carbon&op=getUserNotifications:0
[30856109ms] [ERROR] Failed to load resource: net::ERR_NAME_NOT_RESOLVED @ https://w3-authorization-service.w3-globals.dal.app.cirrus.ibm.com/v1/validate/tokenexp/1783696205:0
[30864309ms] [ERROR] Failed to load resource: net::ERR_NAME_NOT_RESOLVED @ https://w3-graph-w3-graph.w3-globals.dal.app.cirrus.ibm.com/graphql?client-tracking-id=w3-web-carbon&op=getUserNotifications:0
[31014442ms] [ERROR] Failed to load resource: net::ERR_NAME_NOT_RESOLVED @ https://w3-graph-w3-graph.w3-globals.dal.app.cirrus.ibm.com/graphql?client-tracking-id=w3-web-carbon&op=getUserNotifications:0
[31036109ms] [ERROR] Failed to load resource: net::ERR_NAME_NOT_RESOLVED @ https://w3-authorization-service.w3-globals.dal.app.cirrus.ibm.com/v1/validate/tokenexp/1783696205:0
[31164546ms] [ERROR] Failed to load resource: net::ERR_NAME_NOT_RESOLVED @ https://w3-graph-w3-graph.w3-globals.dal.app.cirrus.ibm.com/graphql?client-tracking-id=w3-web-carbon&op=getUserNotifications:0
[31216127ms] [ERROR] Failed to load resource: net::ERR_NAME_NOT_RESOLVED @ https://w3-authorization-service.w3-globals.dal.app.cirrus.ibm.com/v1/validate/tokenexp/1783696205:0
[31314642ms] [ERROR] Failed to load resource: net::ERR_NAME_NOT_RESOLVED @ https://w3-graph-w3-graph.w3-globals.dal.app.cirrus.ibm.com/graphql?client-tracking-id=w3-web-carbon&op=getUserNotifications:0
[31396124ms] [ERROR] Failed to load resource: net::ERR_NAME_NOT_RESOLVED @ https://w3-authorization-service.w3-globals.dal.app.cirrus.ibm.com/v1/validate/tokenexp/1783696205:0
[31465964ms] [ERROR] Failed to load resource: net::ERR_NAME_NOT_RESOLVED @ https://w3-graph-w3-graph.w3-globals.dal.app.cirrus.ibm.com/graphql?client-tracking-id=w3-web-carbon&op=getUserNotifications:0
[31577356ms] [ERROR] Failed to load resource: net::ERR_NAME_NOT_RESOLVED @ https://w3-authorization-service.w3-globals.dal.app.cirrus.ibm.com/v1/validate/tokenexp/1783696205:0
[31616060ms] [ERROR] Failed to load resource: net::ERR_NAME_NOT_RESOLVED @ https://w3-graph-w3-graph.w3-globals.dal.app.cirrus.ibm.com/graphql?client-tracking-id=w3-web-carbon&op=getUserNotifications:0
[31834458ms] [ERROR] Failed to load resource: net::ERR_NAME_NOT_RESOLVED @ https://w3-authorization-service.w3-globals.dal.app.cirrus.ibm.com/v1/validate/tokenexp/1783696205:0
[31843250ms] [ERROR] Failed to load resource: net::ERR_NAME_NOT_RESOLVED @ https://w3-graph-w3-graph.w3-globals.dal.app.cirrus.ibm.com/graphql?client-tracking-id=w3-web-carbon&op=getUserNotifications:0
[31993354ms] [ERROR] Failed to load resource: net::ERR_NAME_NOT_RESOLVED @ https://w3-graph-w3-graph.w3-globals.dal.app.cirrus.ibm.com/graphql?client-tracking-id=w3-web-carbon&op=getUserNotifications:0
[32014434ms] [ERROR] Failed to load resource: net::ERR_NAME_NOT_RESOLVED @ https://w3-authorization-service.w3-globals.dal.app.cirrus.ibm.com/v1/validate/tokenexp/1783696205:0
[32143451ms] [ERROR] Failed to load resource: net::ERR_NAME_NOT_RESOLVED @ https://w3-graph-w3-graph.w3-globals.dal.app.cirrus.ibm.com/graphql?client-tracking-id=w3-web-carbon&op=getUserNotifications:0
[32194447ms] [ERROR] Failed to load resource: net::ERR_NAME_NOT_RESOLVED @ https://w3-authorization-service.w3-globals.dal.app.cirrus.ibm.com/v1/validate/tokenexp/1783696205:0
[32293540ms] [ERROR] Failed to load resource: net::ERR_NAME_NOT_RESOLVED @ https://w3-graph-w3-graph.w3-globals.dal.app.cirrus.ibm.com/graphql?client-tracking-id=w3-web-carbon&op=getUserNotifications:0
[32374450ms] [ERROR] Failed to load resource: net::ERR_NAME_NOT_RESOLVED @ https://w3-authorization-service.w3-globals.dal.app.cirrus.ibm.com/v1/validate/tokenexp/1783696205:0
[32443634ms] [ERROR] Failed to load resource: net::ERR_NAME_NOT_RESOLVED @ https://w3-graph-w3-graph.w3-globals.dal.app.cirrus.ibm.com/graphql?client-tracking-id=w3-web-carbon&op=getUserNotifications:0
[32554487ms] [ERROR] Failed to load resource: net::ERR_NAME_NOT_RESOLVED @ https://w3-authorization-service.w3-globals.dal.app.cirrus.ibm.com/v1/validate/tokenexp/1783696205:0
[32593732ms] [ERROR] Failed to load resource: net::ERR_NAME_NOT_RESOLVED @ https://w3-graph-w3-graph.w3-globals.dal.app.cirrus.ibm.com/graphql?client-tracking-id=w3-web-carbon&op=getUserNotifications:0
[32734473ms] [ERROR] Failed to load resource: net::ERR_NAME_NOT_RESOLVED @ https://w3-authorization-service.w3-globals.dal.app.cirrus.ibm.com/v1/validate/tokenexp/1783696205:0
[32743835ms] [ERROR] Failed to load resource: net::ERR_NAME_NOT_RESOLVED @ https://w3-graph-w3-graph.w3-globals.dal.app.cirrus.ibm.com/graphql?client-tracking-id=w3-web-carbon&op=getUserNotifications:0
[32893929ms] [ERROR] Failed to load resource: net::ERR_NAME_NOT_RESOLVED @ https://w3-graph-w3-graph.w3-globals.dal.app.cirrus.ibm.com/graphql?client-tracking-id=w3-web-carbon&op=getUserNotifications:0
[32914455ms] [ERROR] Failed to load resource: net::ERR_NAME_NOT_RESOLVED @ https://w3-authorization-service.w3-globals.dal.app.cirrus.ibm.com/v1/validate/tokenexp/1783696205:0
[33044026ms] [ERROR] Failed to load resource: net::ERR_NAME_NOT_RESOLVED @ https://w3-graph-w3-graph.w3-globals.dal.app.cirrus.ibm.com/graphql?client-tracking-id=w3-web-carbon&op=getUserNotifications:0
[33094466ms] [ERROR] Failed to load resource: net::ERR_NAME_NOT_RESOLVED @ https://w3-authorization-service.w3-globals.dal.app.cirrus.ibm.com/v1/validate/tokenexp/1783696205:0
[33194125ms] [ERROR] Failed to load resource: net::ERR_NAME_NOT_RESOLVED @ https://w3-graph-w3-graph.w3-globals.dal.app.cirrus.ibm.com/graphql?client-tracking-id=w3-web-carbon&op=getUserNotifications:0
[33274455ms] [ERROR] Failed to load resource: net::ERR_NAME_NOT_RESOLVED @ https://w3-authorization-service.w3-globals.dal.app.cirrus.ibm.com/v1/validate/tokenexp/1783696205:0
[33344224ms] [ERROR] Failed to load resource: net::ERR_NAME_NOT_RESOLVED @ https://w3-graph-w3-graph.w3-globals.dal.app.cirrus.ibm.com/graphql?client-tracking-id=w3-web-carbon&op=getUserNotifications:0
[33454454ms] [ERROR] Failed to load resource: net::ERR_NAME_NOT_RESOLVED @ https://w3-authorization-service.w3-globals.dal.app.cirrus.ibm.com/v1/validate/tokenexp/1783696205:0
[33494316ms] [ERROR] Failed to load resource: net::ERR_NAME_NOT_RESOLVED @ https://w3-graph-w3-graph.w3-globals.dal.app.cirrus.ibm.com/graphql?client-tracking-id=w3-web-carbon&op=getUserNotifications:0
[33634454ms] [ERROR] Failed to load resource: net::ERR_NAME_NOT_RESOLVED @ https://w3-authorization-service.w3-globals.dal.app.cirrus.ibm.com/v1/validate/tokenexp/1783696205:0
[33644414ms] [ERROR] Failed to load resource: net::ERR_NAME_NOT_RESOLVED @ https://w3-graph-w3-graph.w3-globals.dal.app.cirrus.ibm.com/graphql?client-tracking-id=w3-web-carbon&op=getUserNotifications:0
[33794511ms] [ERROR] Failed to load resource: net::ERR_NAME_NOT_RESOLVED @ https://w3-graph-w3-graph.w3-globals.dal.app.cirrus.ibm.com/graphql?client-tracking-id=w3-web-carbon&op=getUserNotifications:0
[33814461ms] [ERROR] Failed to load resource: net::ERR_NAME_NOT_RESOLVED @ https://w3-authorization-service.w3-globals.dal.app.cirrus.ibm.com/v1/validate/tokenexp/1783696205:0
[33954383ms] [ERROR] Failed to load resource: net::ERR_NAME_NOT_RESOLVED @ https://w3-graph-w3-graph.w3-globals.dal.app.cirrus.ibm.com/graphql?client-tracking-id=w3-web-carbon&op=getUserNotifications:0
[34004253ms] [ERROR] Failed to load resource: net::ERR_NAME_NOT_RESOLVED @ https://w3-authorization-service.w3-globals.dal.app.cirrus.ibm.com/v1/validate/tokenexp/1783696205:0
[34104493ms] [ERROR] Failed to load resource: net::ERR_NAME_NOT_RESOLVED @ https://w3-graph-w3-graph.w3-globals.dal.app.cirrus.ibm.com/graphql?client-tracking-id=w3-web-carbon&op=getUserNotifications:0
[34184236ms] [ERROR] Failed to load resource: net::ERR_NAME_NOT_RESOLVED @ https://w3-authorization-service.w3-globals.dal.app.cirrus.ibm.com/v1/validate/tokenexp/1783696205:0
[34254591ms] [ERROR] Failed to load resource: net::ERR_NAME_NOT_RESOLVED @ https://w3-graph-w3-graph.w3-globals.dal.app.cirrus.ibm.com/graphql?client-tracking-id=w3-web-carbon&op=getUserNotifications:0
[34364219ms] [ERROR] Failed to load resource: net::ERR_NAME_NOT_RESOLVED @ https://w3-authorization-service.w3-globals.dal.app.cirrus.ibm.com/v1/validate/tokenexp/1783696205:0
[34404682ms] [ERROR] Failed to load resource: net::ERR_NAME_NOT_RESOLVED @ https://w3-graph-w3-graph.w3-globals.dal.app.cirrus.ibm.com/graphql?client-tracking-id=w3-web-carbon&op=getUserNotifications:0
[34544209ms] [ERROR] Failed to load resource: net::ERR_NAME_NOT_RESOLVED @ https://w3-authorization-service.w3-globals.dal.app.cirrus.ibm.com/v1/validate/tokenexp/1783696205:0
[34554776ms] [ERROR] Failed to load resource: net::ERR_NAME_NOT_RESOLVED @ https://w3-graph-w3-graph.w3-globals.dal.app.cirrus.ibm.com/graphql?client-tracking-id=w3-web-carbon&op=getUserNotifications:0
[34704903ms] [ERROR] Failed to load resource: net::ERR_NAME_NOT_RESOLVED @ https://w3-graph-w3-graph.w3-globals.dal.app.cirrus.ibm.com/graphql?client-tracking-id=w3-web-carbon&op=getUserNotifications:0
[34724203ms] [ERROR] Failed to load resource: net::ERR_NAME_NOT_RESOLVED @ https://w3-authorization-service.w3-globals.dal.app.cirrus.ibm.com/v1/validate/tokenexp/1783696205:0
[34855119ms] [ERROR] Failed to load resource: net::ERR_NAME_NOT_RESOLVED @ https://w3-graph-w3-graph.w3-globals.dal.app.cirrus.ibm.com/graphql?client-tracking-id=w3-web-carbon&op=getUserNotifications:0
[34904239ms] [ERROR] Failed to load resource: net::ERR_NAME_NOT_RESOLVED @ https://w3-authorization-service.w3-globals.dal.app.cirrus.ibm.com/v1/validate/tokenexp/1783696205:0
[35005330ms] [ERROR] Failed to load resource: net::ERR_NAME_NOT_RESOLVED @ https://w3-graph-w3-graph.w3-globals.dal.app.cirrus.ibm.com/graphql?client-tracking-id=w3-web-carbon&op=getUserNotifications:0
[35084195ms] [ERROR] Failed to load resource: net::ERR_NAME_NOT_RESOLVED @ https://w3-authorization-service.w3-globals.dal.app.cirrus.ibm.com/v1/validate/tokenexp/1783696205:0
[35155422ms] [ERROR] Failed to load resource: net::ERR_NAME_NOT_RESOLVED @ https://w3-graph-w3-graph.w3-globals.dal.app.cirrus.ibm.com/graphql?client-tracking-id=w3-web-carbon&op=getUserNotifications:0
[35264227ms] [ERROR] Failed to load resource: net::ERR_NAME_NOT_RESOLVED @ https://w3-authorization-service.w3-globals.dal.app.cirrus.ibm.com/v1/validate/tokenexp/1783696205:0
[35305502ms] [ERROR] Failed to load resource: net::ERR_NAME_NOT_RESOLVED @ https://w3-graph-w3-graph.w3-globals.dal.app.cirrus.ibm.com/graphql?client-tracking-id=w3-web-carbon&op=getUserNotifications:0
[35444222ms] [ERROR] Failed to load resource: net::ERR_NAME_NOT_RESOLVED @ https://w3-authorization-service.w3-globals.dal.app.cirrus.ibm.com/v1/validate/tokenexp/1783696205:0
[35455619ms] [ERROR] Failed to load resource: net::ERR_NAME_NOT_RESOLVED @ https://w3-graph-w3-graph.w3-globals.dal.app.cirrus.ibm.com/graphql?client-tracking-id=w3-web-carbon&op=getUserNotifications:0
[35605741ms] [ERROR] Failed to load resource: net::ERR_NAME_NOT_RESOLVED @ https://w3-graph-w3-graph.w3-globals.dal.app.cirrus.ibm.com/graphql?client-tracking-id=w3-web-carbon&op=getUserNotifications:0
[35624226ms] [ERROR] Failed to load resource: net::ERR_NAME_NOT_RESOLVED @ https://w3-authorization-service.w3-globals.dal.app.cirrus.ibm.com/v1/validate/tokenexp/1783696205:0
[35755839ms] [ERROR] Failed to load resource: net::ERR_NAME_NOT_RESOLVED @ https://w3-graph-w3-graph.w3-globals.dal.app.cirrus.ibm.com/graphql?client-tracking-id=w3-web-carbon&op=getUserNotifications:0
[35804238ms] [ERROR] Failed to load resource: net::ERR_NAME_NOT_RESOLVED @ https://w3-authorization-service.w3-globals.dal.app.cirrus.ibm.com/v1/validate/tokenexp/1783696205:0
[35905928ms] [ERROR] Failed to load resource: net::ERR_NAME_NOT_RESOLVED @ https://w3-graph-w3-graph.w3-globals.dal.app.cirrus.ibm.com/graphql?client-tracking-id=w3-web-carbon&op=getUserNotifications:0
[35984252ms] [ERROR] Failed to load resource: net::ERR_NAME_NOT_RESOLVED @ https://w3-authorization-service.w3-globals.dal.app.cirrus.ibm.com/v1/validate/tokenexp/1783696205:0
[36056017ms] [ERROR] Failed to load resource: net::ERR_NAME_NOT_RESOLVED @ https://w3-graph-w3-graph.w3-globals.dal.app.cirrus.ibm.com/graphql?client-tracking-id=w3-web-carbon&op=getUserNotifications:0
[36164270ms] [ERROR] Failed to load resource: net::ERR_NAME_NOT_RESOLVED @ https://w3-authorization-service.w3-globals.dal.app.cirrus.ibm.com/v1/validate/tokenexp/1783696205:0
[36206108ms] [ERROR] Failed to load resource: net::ERR_NAME_NOT_RESOLVED @ https://w3-graph-w3-graph.w3-globals.dal.app.cirrus.ibm.com/graphql?client-tracking-id=w3-web-carbon&op=getUserNotifications:0
[36344355ms] [ERROR] Failed to load resource: net::ERR_NAME_NOT_RESOLVED @ https://w3-authorization-service.w3-globals.dal.app.cirrus.ibm.com/v1/validate/tokenexp/1783696205:0
[36356233ms] [ERROR] Failed to load resource: net::ERR_NAME_NOT_RESOLVED @ https://w3-graph-w3-graph.w3-globals.dal.app.cirrus.ibm.com/graphql?client-tracking-id=w3-web-carbon&op=getUserNotifications:0
[36506333ms] [ERROR] Failed to load resource: net::ERR_NAME_NOT_RESOLVED @ https://w3-graph-w3-graph.w3-globals.dal.app.cirrus.ibm.com/graphql?client-tracking-id=w3-web-carbon&op=getUserNotifications:0
[36524251ms] [ERROR] Failed to load resource: net::ERR_NAME_NOT_RESOLVED @ https://w3-authorization-service.w3-globals.dal.app.cirrus.ibm.com/v1/validate/tokenexp/1783696205:0
[36656457ms] [ERROR] Failed to load resource: net::ERR_NAME_NOT_RESOLVED @ https://w3-graph-w3-graph.w3-globals.dal.app.cirrus.ibm.com/graphql?client-tracking-id=w3-web-carbon&op=getUserNotifications:0
[36704250ms] [ERROR] Failed to load resource: net::ERR_NAME_NOT_RESOLVED @ https://w3-authorization-service.w3-globals.dal.app.cirrus.ibm.com/v1/validate/tokenexp/1783696205:0
[36806556ms] [ERROR] Failed to load resource: net::ERR_NAME_NOT_RESOLVED @ https://w3-graph-w3-graph.w3-globals.dal.app.cirrus.ibm.com/graphql?client-tracking-id=w3-web-carbon&op=getUserNotifications:0
[36884240ms] [ERROR] Failed to load resource: net::ERR_NAME_NOT_RESOLVED @ https://w3-authorization-service.w3-globals.dal.app.cirrus.ibm.com/v1/validate/tokenexp/1783696205:0
[36956919ms] [ERROR] Failed to load resource: net::ERR_NAME_NOT_RESOLVED @ https://w3-graph-w3-graph.w3-globals.dal.app.cirrus.ibm.com/graphql?client-tracking-id=w3-web-carbon&op=getUserNotifications:0
[37064304ms] [ERROR] Failed to load resource: net::ERR_NAME_NOT_RESOLVED @ https://w3-authorization-service.w3-globals.dal.app.cirrus.ibm.com/v1/validate/tokenexp/1783696205:0
[37107048ms] [ERROR] Failed to load resource: net::ERR_NAME_NOT_RESOLVED @ https://w3-graph-w3-graph.w3-globals.dal.app.cirrus.ibm.com/graphql?client-tracking-id=w3-web-carbon&op=getUserNotifications:0
[37244268ms] [ERROR] Failed to load resource: net::ERR_NAME_NOT_RESOLVED @ https://w3-authorization-service.w3-globals.dal.app.cirrus.ibm.com/v1/validate/tokenexp/1783696205:0
[37257141ms] [ERROR] Failed to load resource: net::ERR_NAME_NOT_RESOLVED @ https://w3-graph-w3-graph.w3-globals.dal.app.cirrus.ibm.com/graphql?client-tracking-id=w3-web-carbon&op=getUserNotifications:0
[37407246ms] [ERROR] Failed to load resource: net::ERR_NAME_NOT_RESOLVED @ https://w3-graph-w3-graph.w3-globals.dal.app.cirrus.ibm.com/graphql?client-tracking-id=w3-web-carbon&op=getUserNotifications:0
[37424228ms] [ERROR] Failed to load resource: net::ERR_NAME_NOT_RESOLVED @ https://w3-authorization-service.w3-globals.dal.app.cirrus.ibm.com/v1/validate/tokenexp/1783696205:0
[37557335ms] [ERROR] Failed to load resource: net::ERR_NAME_NOT_RESOLVED @ https://w3-graph-w3-graph.w3-globals.dal.app.cirrus.ibm.com/graphql?client-tracking-id=w3-web-carbon&op=getUserNotifications:0
[37604236ms] [ERROR] Failed to load resource: net::ERR_NAME_NOT_RESOLVED @ https://w3-authorization-service.w3-globals.dal.app.cirrus.ibm.com/v1/validate/tokenexp/1783696205:0
[37763937ms] [ERROR] Failed to load resource: net::ERR_NAME_NOT_RESOLVED @ https://w3-graph-w3-graph.w3-globals.dal.app.cirrus.ibm.com/graphql?client-tracking-id=w3-web-carbon&op=getUserNotifications:0
[37840713ms] [ERROR] Failed to load resource: net::ERR_NAME_NOT_RESOLVED @ https://w3-authorization-service.w3-globals.dal.app.cirrus.ibm.com/v1/validate/tokenexp/1783696205:0
[37914034ms] [ERROR] Failed to load resource: net::ERR_NAME_NOT_RESOLVED @ https://w3-graph-w3-graph.w3-globals.dal.app.cirrus.ibm.com/graphql?client-tracking-id=w3-web-carbon&op=getUserNotifications:0
[38020700ms] [ERROR] Failed to load resource: net::ERR_NAME_NOT_RESOLVED @ https://w3-authorization-service.w3-globals.dal.app.cirrus.ibm.com/v1/validate/tokenexp/1783696205:0
[38064118ms] [ERROR] Failed to load resource: net::ERR_NAME_NOT_RESOLVED @ https://w3-graph-w3-graph.w3-globals.dal.app.cirrus.ibm.com/graphql?client-tracking-id=w3-web-carbon&op=getUserNotifications:0
[38219306ms] [ERROR] Failed to load resource: net::ERR_NAME_NOT_RESOLVED @ https://w3-authorization-service.w3-globals.dal.app.cirrus.ibm.com/v1/validate/tokenexp/1783696205:0
[38232790ms] [ERROR] Failed to load resource: net::ERR_NAME_NOT_RESOLVED @ https://w3-graph-w3-graph.w3-globals.dal.app.cirrus.ibm.com/graphql?client-tracking-id=w3-web-carbon&op=getUserNotifications:0
[38382887ms] [ERROR] Failed to load resource: net::ERR_NAME_NOT_RESOLVED @ https://w3-graph-w3-graph.w3-globals.dal.app.cirrus.ibm.com/graphql?client-tracking-id=w3-web-carbon&op=getUserNotifications:0
[38399286ms] [ERROR] Failed to load resource: net::ERR_NAME_NOT_RESOLVED @ https://w3-authorization-service.w3-globals.dal.app.cirrus.ibm.com/v1/validate/tokenexp/1783696205:0
[38533002ms] [ERROR] Failed to load resource: net::ERR_NAME_NOT_RESOLVED @ https://w3-graph-w3-graph.w3-globals.dal.app.cirrus.ibm.com/graphql?client-tracking-id=w3-web-carbon&op=getUserNotifications:0
[38579319ms] [ERROR] Failed to load resource: net::ERR_NAME_NOT_RESOLVED @ https://w3-authorization-service.w3-globals.dal.app.cirrus.ibm.com/v1/validate/tokenexp/1783696205:0
[38683101ms] [ERROR] Failed to load resource: net::ERR_NAME_NOT_RESOLVED @ https://w3-graph-w3-graph.w3-globals.dal.app.cirrus.ibm.com/graphql?client-tracking-id=w3-web-carbon&op=getUserNotifications:0
[38759304ms] [ERROR] Failed to load resource: net::ERR_NAME_NOT_RESOLVED @ https://w3-authorization-service.w3-globals.dal.app.cirrus.ibm.com/v1/validate/tokenexp/1783696205:0
[38833215ms] [ERROR] Failed to load resource: net::ERR_NAME_NOT_RESOLVED @ https://w3-graph-w3-graph.w3-globals.dal.app.cirrus.ibm.com/graphql?client-tracking-id=w3-web-carbon&op=getUserNotifications:0
[38939304ms] [ERROR] Failed to load resource: net::ERR_NAME_NOT_RESOLVED @ https://w3-authorization-service.w3-globals.dal.app.cirrus.ibm.com/v1/validate/tokenexp/1783696205:0
[38983314ms] [ERROR] Failed to load resource: net::ERR_NAME_NOT_RESOLVED @ https://w3-graph-w3-graph.w3-globals.dal.app.cirrus.ibm.com/graphql?client-tracking-id=w3-web-carbon&op=getUserNotifications:0
[39119292ms] [ERROR] Failed to load resource: net::ERR_NAME_NOT_RESOLVED @ https://w3-authorization-service.w3-globals.dal.app.cirrus.ibm.com/v1/validate/tokenexp/1783696205:0
[39133409ms] [ERROR] Failed to load resource: net::ERR_NAME_NOT_RESOLVED @ https://w3-graph-w3-graph.w3-globals.dal.app.cirrus.ibm.com/graphql?client-tracking-id=w3-web-carbon&op=getUserNotifications:0
[39283520ms] [ERROR] Failed to load resource: net::ERR_NAME_NOT_RESOLVED @ https://w3-graph-w3-graph.w3-globals.dal.app.cirrus.ibm.com/graphql?client-tracking-id=w3-web-carbon&op=getUserNotifications:0
[39299289ms] [ERROR] Failed to load resource: net::ERR_NAME_NOT_RESOLVED @ https://w3-authorization-service.w3-globals.dal.app.cirrus.ibm.com/v1/validate/tokenexp/1783696205:0
[39433615ms] [ERROR] Failed to load resource: net::ERR_NAME_NOT_RESOLVED @ https://w3-graph-w3-graph.w3-globals.dal.app.cirrus.ibm.com/graphql?client-tracking-id=w3-web-carbon&op=getUserNotifications:0
[39479304ms] [ERROR] Failed to load resource: net::ERR_NAME_NOT_RESOLVED @ https://w3-authorization-service.w3-globals.dal.app.cirrus.ibm.com/v1/validate/tokenexp/1783696205:0
[39583704ms] [ERROR] Failed to load resource: net::ERR_NAME_NOT_RESOLVED @ https://w3-graph-w3-graph.w3-globals.dal.app.cirrus.ibm.com/graphql?client-tracking-id=w3-web-carbon&op=getUserNotifications:0
[39659329ms] [ERROR] Failed to load resource: net::ERR_NAME_NOT_RESOLVED @ https://w3-authorization-service.w3-globals.dal.app.cirrus.ibm.com/v1/validate/tokenexp/1783696205:0
[39733806ms] [ERROR] Failed to load resource: net::ERR_NAME_NOT_RESOLVED @ https://w3-graph-w3-graph.w3-globals.dal.app.cirrus.ibm.com/graphql?client-tracking-id=w3-web-carbon&op=getUserNotifications:0
[39839299ms] [ERROR] Failed to load resource: net::ERR_NAME_NOT_RESOLVED @ https://w3-authorization-service.w3-globals.dal.app.cirrus.ibm.com/v1/validate/tokenexp/1783696205:0
[39883901ms] [ERROR] Failed to load resource: net::ERR_NAME_NOT_RESOLVED @ https://w3-graph-w3-graph.w3-globals.dal.app.cirrus.ibm.com/graphql?client-tracking-id=w3-web-carbon&op=getUserNotifications:0
[40019306ms] [ERROR] Failed to load resource: net::ERR_NAME_NOT_RESOLVED @ https://w3-authorization-service.w3-globals.dal.app.cirrus.ibm.com/v1/validate/tokenexp/1783696205:0
[40033996ms] [ERROR] Failed to load resource: net::ERR_NAME_NOT_RESOLVED @ https://w3-graph-w3-graph.w3-globals.dal.app.cirrus.ibm.com/graphql?client-tracking-id=w3-web-carbon&op=getUserNotifications:0
[40184102ms] [ERROR] Failed to load resource: net::ERR_NAME_NOT_RESOLVED @ https://w3-graph-w3-graph.w3-globals.dal.app.cirrus.ibm.com/graphql?client-tracking-id=w3-web-carbon&op=getUserNotifications:0
[40199343ms] [ERROR] Failed to load resource: net::ERR_NAME_NOT_RESOLVED @ https://w3-authorization-service.w3-globals.dal.app.cirrus.ibm.com/v1/validate/tokenexp/1783696205:0
[40334182ms] [ERROR] Failed to load resource: net::ERR_NAME_NOT_RESOLVED @ https://w3-graph-w3-graph.w3-globals.dal.app.cirrus.ibm.com/graphql?client-tracking-id=w3-web-carbon&op=getUserNotifications:0
[40379283ms] [ERROR] Failed to load resource: net::ERR_NAME_NOT_RESOLVED @ https://w3-authorization-service.w3-globals.dal.app.cirrus.ibm.com/v1/validate/tokenexp/1783696205:0
[40484283ms] [ERROR] Failed to load resource: net::ERR_NAME_NOT_RESOLVED @ https://w3-graph-w3-graph.w3-globals.dal.app.cirrus.ibm.com/graphql?client-tracking-id=w3-web-carbon&op=getUserNotifications:0
[40559298ms] [ERROR] Failed to load resource: net::ERR_NAME_NOT_RESOLVED @ https://w3-authorization-service.w3-globals.dal.app.cirrus.ibm.com/v1/validate/tokenexp/1783696205:0
[40634360ms] [ERROR] Failed to load resource: net::ERR_NAME_NOT_RESOLVED @ https://w3-graph-w3-graph.w3-globals.dal.app.cirrus.ibm.com/graphql?client-tracking-id=w3-web-carbon&op=getUserNotifications:0
[40739298ms] [ERROR] Failed to load resource: net::ERR_NAME_NOT_RESOLVED @ https://w3-authorization-service.w3-globals.dal.app.cirrus.ibm.com/v1/validate/tokenexp/1783696205:0
[40784453ms] [ERROR] Failed to load resource: net::ERR_NAME_NOT_RESOLVED @ https://w3-graph-w3-graph.w3-globals.dal.app.cirrus.ibm.com/graphql?client-tracking-id=w3-web-carbon&op=getUserNotifications:0
[40919326ms] [ERROR] Failed to load resource: net::ERR_NAME_NOT_RESOLVED @ https://w3-authorization-service.w3-globals.dal.app.cirrus.ibm.com/v1/validate/tokenexp/1783696205:0
[40934574ms] [ERROR] Failed to load resource: net::ERR_NAME_NOT_RESOLVED @ https://w3-graph-w3-graph.w3-globals.dal.app.cirrus.ibm.com/graphql?client-tracking-id=w3-web-carbon&op=getUserNotifications:0
[41084663ms] [ERROR] Failed to load resource: net::ERR_NAME_NOT_RESOLVED @ https://w3-graph-w3-graph.w3-globals.dal.app.cirrus.ibm.com/graphql?client-tracking-id=w3-web-carbon&op=getUserNotifications:0
[41099294ms] [ERROR] Failed to load resource: net::ERR_NAME_NOT_RESOLVED @ https://w3-authorization-service.w3-globals.dal.app.cirrus.ibm.com/v1/validate/tokenexp/1783696205:0
[41234750ms] [ERROR] Failed to load resource: net::ERR_NAME_NOT_RESOLVED @ https://w3-graph-w3-graph.w3-globals.dal.app.cirrus.ibm.com/graphql?client-tracking-id=w3-web-carbon&op=getUserNotifications:0
[41279296ms] [ERROR] Failed to load resource: net::ERR_NAME_NOT_RESOLVED @ https://w3-authorization-service.w3-globals.dal.app.cirrus.ibm.com/v1/validate/tokenexp/1783696205:0
[41384837ms] [ERROR] Failed to load resource: net::ERR_NAME_NOT_RESOLVED @ https://w3-graph-w3-graph.w3-globals.dal.app.cirrus.ibm.com/graphql?client-tracking-id=w3-web-carbon&op=getUserNotifications:0
[41459295ms] [ERROR] Failed to load resource: net::ERR_NAME_NOT_RESOLVED @ https://w3-authorization-service.w3-globals.dal.app.cirrus.ibm.com/v1/validate/tokenexp/1783696205:0
[41534930ms] [ERROR] Failed to load resource: net::ERR_NAME_NOT_RESOLVED @ https://w3-graph-w3-graph.w3-globals.dal.app.cirrus.ibm.com/graphql?client-tracking-id=w3-web-carbon&op=getUserNotifications:0
[41639317ms] [ERROR] Failed to load resource: net::ERR_NAME_NOT_RESOLVED @ https://w3-authorization-service.w3-globals.dal.app.cirrus.ibm.com/v1/validate/tokenexp/1783696205:0
[41685046ms] [ERROR] Failed to load resource: net::ERR_NAME_NOT_RESOLVED @ https://w3-graph-w3-graph.w3-globals.dal.app.cirrus.ibm.com/graphql?client-tracking-id=w3-web-carbon&op=getUserNotifications:0
[41819295ms] [ERROR] Failed to load resource: net::ERR_NAME_NOT_RESOLVED @ https://w3-authorization-service.w3-globals.dal.app.cirrus.ibm.com/v1/validate/tokenexp/1783696205:0
[41835130ms] [ERROR] Failed to load resource: net::ERR_NAME_NOT_RESOLVED @ https://w3-graph-w3-graph.w3-globals.dal.app.cirrus.ibm.com/graphql?client-tracking-id=w3-web-carbon&op=getUserNotifications:0
[41985206ms] [ERROR] Failed to load resource: net::ERR_NAME_NOT_RESOLVED @ https://w3-graph-w3-graph.w3-globals.dal.app.cirrus.ibm.com/graphql?client-tracking-id=w3-web-carbon&op=getUserNotifications:0
[41999286ms] [ERROR] Failed to load resource: net::ERR_NAME_NOT_RESOLVED @ https://w3-authorization-service.w3-globals.dal.app.cirrus.ibm.com/v1/validate/tokenexp/1783696205:0
[42135293ms] [ERROR] Failed to load resource: net::ERR_NAME_NOT_RESOLVED @ https://w3-graph-w3-graph.w3-globals.dal.app.cirrus.ibm.com/graphql?client-tracking-id=w3-web-carbon&op=getUserNotifications:0
[42179288ms] [ERROR] Failed to load resource: net::ERR_NAME_NOT_RESOLVED @ https://w3-authorization-service.w3-globals.dal.app.cirrus.ibm.com/v1/validate/tokenexp/1783696205:0
[42285387ms] [ERROR] Failed to load resource: net::ERR_NAME_NOT_RESOLVED @ https://w3-graph-w3-graph.w3-globals.dal.app.cirrus.ibm.com/graphql?client-tracking-id=w3-web-carbon&op=getUserNotifications:0
[42359293ms] [ERROR] Failed to load resource: net::ERR_NAME_NOT_RESOLVED @ https://w3-authorization-service.w3-globals.dal.app.cirrus.ibm.com/v1/validate/tokenexp/1783696205:0
[42435480ms] [ERROR] Failed to load resource: net::ERR_NAME_NOT_RESOLVED @ https://w3-graph-w3-graph.w3-globals.dal.app.cirrus.ibm.com/graphql?client-tracking-id=w3-web-carbon&op=getUserNotifications:0
[42539278ms] [ERROR] Failed to load resource: net::ERR_NAME_NOT_RESOLVED @ https://w3-authorization-service.w3-globals.dal.app.cirrus.ibm.com/v1/validate/tokenexp/1783696205:0
[42585565ms] [ERROR] Failed to load resource: net::ERR_NAME_NOT_RESOLVED @ https://w3-graph-w3-graph.w3-globals.dal.app.cirrus.ibm.com/graphql?client-tracking-id=w3-web-carbon&op=getUserNotifications:0
[42719470ms] [ERROR] Failed to load resource: net::ERR_NAME_NOT_RESOLVED @ https://w3-authorization-service.w3-globals.dal.app.cirrus.ibm.com/v1/validate/tokenexp/1783696205:0
[42735661ms] [ERROR] Failed to load resource: net::ERR_NAME_NOT_RESOLVED @ https://w3-graph-w3-graph.w3-globals.dal.app.cirrus.ibm.com/graphql?client-tracking-id=w3-web-carbon&op=getUserNotifications:0
[42885754ms] [ERROR] Failed to load resource: net::ERR_NAME_NOT_RESOLVED @ https://w3-graph-w3-graph.w3-globals.dal.app.cirrus.ibm.com/graphql?client-tracking-id=w3-web-carbon&op=getUserNotifications:0
[42899287ms] [ERROR] Failed to load resource: net::ERR_NAME_NOT_RESOLVED @ https://w3-authorization-service.w3-globals.dal.app.cirrus.ibm.com/v1/validate/tokenexp/1783696205:0
[43035843ms] [ERROR] Failed to load resource: net::ERR_NAME_NOT_RESOLVED @ https://w3-graph-w3-graph.w3-globals.dal.app.cirrus.ibm.com/graphql?client-tracking-id=w3-web-carbon&op=getUserNotifications:0
[43079282ms] [ERROR] Failed to load resource: net::ERR_NAME_NOT_RESOLVED @ https://w3-authorization-service.w3-globals.dal.app.cirrus.ibm.com/v1/validate/tokenexp/1783696205:0
[43185935ms] [ERROR] Failed to load resource: net::ERR_NAME_NOT_RESOLVED @ https://w3-graph-w3-graph.w3-globals.dal.app.cirrus.ibm.com/graphql?client-tracking-id=w3-web-carbon&op=getUserNotifications:0
[43259296ms] [ERROR] Failed to load resource: net::ERR_NAME_NOT_RESOLVED @ https://w3-authorization-service.w3-globals.dal.app.cirrus.ibm.com/v1/validate/tokenexp/1783696205:0
[43336028ms] [ERROR] Failed to load resource: net::ERR_NAME_NOT_RESOLVED @ https://w3-graph-w3-graph.w3-globals.dal.app.cirrus.ibm.com/graphql?client-tracking-id=w3-web-carbon&op=getUserNotifications:0
[43439298ms] [ERROR] Failed to load resource: net::ERR_NAME_NOT_RESOLVED @ https://w3-authorization-service.w3-globals.dal.app.cirrus.ibm.com/v1/validate/tokenexp/1783696205:0
[43486139ms] [ERROR] Failed to load resource: net::ERR_NAME_NOT_RESOLVED @ https://w3-graph-w3-graph.w3-globals.dal.app.cirrus.ibm.com/graphql?client-tracking-id=w3-web-carbon&op=getUserNotifications:0
[43619338ms] [ERROR] Failed to load resource: net::ERR_NAME_NOT_RESOLVED @ https://w3-authorization-service.w3-globals.dal.app.cirrus.ibm.com/v1/validate/tokenexp/1783696205:0
[43636236ms] [ERROR] Failed to load resource: net::ERR_NAME_NOT_RESOLVED @ https://w3-graph-w3-graph.w3-globals.dal.app.cirrus.ibm.com/graphql?client-tracking-id=w3-web-carbon&op=getUserNotifications:0
[43786329ms] [ERROR] Failed to load resource: net::ERR_NAME_NOT_RESOLVED @ https://w3-graph-w3-graph.w3-globals.dal.app.cirrus.ibm.com/graphql?client-tracking-id=w3-web-carbon&op=getUserNotifications:0
[43799338ms] [ERROR] Failed to load resource: net::ERR_NAME_NOT_RESOLVED @ https://w3-authorization-service.w3-globals.dal.app.cirrus.ibm.com/v1/validate/tokenexp/1783696205:0
[43936439ms] [ERROR] Failed to load resource: net::ERR_NAME_NOT_RESOLVED @ https://w3-graph-w3-graph.w3-globals.dal.app.cirrus.ibm.com/graphql?client-tracking-id=w3-web-carbon&op=getUserNotifications:0
[43979306ms] [ERROR] Failed to load resource: net::ERR_NAME_NOT_RESOLVED @ https://w3-authorization-service.w3-globals.dal.app.cirrus.ibm.com/v1/validate/tokenexp/1783696205:0
[44086537ms] [ERROR] Failed to load resource: net::ERR_NAME_NOT_RESOLVED @ https://w3-graph-w3-graph.w3-globals.dal.app.cirrus.ibm.com/graphql?client-tracking-id=w3-web-carbon&op=getUserNotifications:0
[44159299ms] [ERROR] Failed to load resource: net::ERR_NAME_NOT_RESOLVED @ https://w3-authorization-service.w3-globals.dal.app.cirrus.ibm.com/v1/validate/tokenexp/1783696205:0
[44236639ms] [ERROR] Failed to load resource: net::ERR_NAME_NOT_RESOLVED @ https://w3-graph-w3-graph.w3-globals.dal.app.cirrus.ibm.com/graphql?client-tracking-id=w3-web-carbon&op=getUserNotifications:0
[44339319ms] [ERROR] Failed to load resource: net::ERR_NAME_NOT_RESOLVED @ https://w3-authorization-service.w3-globals.dal.app.cirrus.ibm.com/v1/validate/tokenexp/1783696205:0
[44386723ms] [ERROR] Failed to load resource: net::ERR_NAME_NOT_RESOLVED @ https://w3-graph-w3-graph.w3-globals.dal.app.cirrus.ibm.com/graphql?client-tracking-id=w3-web-carbon&op=getUserNotifications:0
[44519314ms] [ERROR] Failed to load resource: net::ERR_NAME_NOT_RESOLVED @ https://w3-authorization-service.w3-globals.dal.app.cirrus.ibm.com/v1/validate/tokenexp/1783696205:0
[44536811ms] [ERROR] Failed to load resource: net::ERR_NAME_NOT_RESOLVED @ https://w3-graph-w3-graph.w3-globals.dal.app.cirrus.ibm.com/graphql?client-tracking-id=w3-web-carbon&op=getUserNotifications:0
[44686897ms] [ERROR] Failed to load resource: net::ERR_NAME_NOT_RESOLVED @ https://w3-graph-w3-graph.w3-globals.dal.app.cirrus.ibm.com/graphql?client-tracking-id=w3-web-carbon&op=getUserNotifications:0
[44699348ms] [ERROR] Failed to load resource: net::ERR_NAME_NOT_RESOLVED @ https://w3-authorization-service.w3-globals.dal.app.cirrus.ibm.com/v1/validate/tokenexp/1783696205:0
[44836989ms] [ERROR] Failed to load resource: net::ERR_NAME_NOT_RESOLVED @ https://w3-graph-w3-graph.w3-globals.dal.app.cirrus.ibm.com/graphql?client-tracking-id=w3-web-carbon&op=getUserNotifications:0
[44879264ms] [ERROR] Failed to load resource: net::ERR_NAME_NOT_RESOLVED @ https://w3-authorization-service.w3-globals.dal.app.cirrus.ibm.com/v1/validate/tokenexp/1783696205:0
[44987061ms] [ERROR] Failed to load resource: net::ERR_NAME_NOT_RESOLVED @ https://w3-graph-w3-graph.w3-globals.dal.app.cirrus.ibm.com/graphql?client-tracking-id=w3-web-carbon&op=getUserNotifications:0
[45059264ms] [ERROR] Failed to load resource: net::ERR_NAME_NOT_RESOLVED @ https://w3-authorization-service.w3-globals.dal.app.cirrus.ibm.com/v1/validate/tokenexp/1783696205:0
[45137244ms] [ERROR] Failed to load resource: net::ERR_NAME_NOT_RESOLVED @ https://w3-graph-w3-graph.w3-globals.dal.app.cirrus.ibm.com/graphql?client-tracking-id=w3-web-carbon&op=getUserNotifications:0
[45239437ms] [ERROR] Failed to load resource: net::ERR_NAME_NOT_RESOLVED @ https://w3-authorization-service.w3-globals.dal.app.cirrus.ibm.com/v1/validate/tokenexp/1783696205:0
[45287381ms] [ERROR] Failed to load resource: net::ERR_NAME_NOT_RESOLVED @ https://w3-graph-w3-graph.w3-globals.dal.app.cirrus.ibm.com/graphql?client-tracking-id=w3-web-carbon&op=getUserNotifications:0
[45419262ms] [ERROR] Failed to load resource: net::ERR_NAME_NOT_RESOLVED @ https://w3-authorization-service.w3-globals.dal.app.cirrus.ibm.com/v1/validate/tokenexp/1783696205:0
[45437472ms] [ERROR] Failed to load resource: net::ERR_NAME_NOT_RESOLVED @ https://w3-graph-w3-graph.w3-globals.dal.app.cirrus.ibm.com/graphql?client-tracking-id=w3-web-carbon&op=getUserNotifications:0
[45587558ms] [ERROR] Failed to load resource: net::ERR_NAME_NOT_RESOLVED @ https://w3-graph-w3-graph.w3-globals.dal.app.cirrus.ibm.com/graphql?client-tracking-id=w3-web-carbon&op=getUserNotifications:0
[45599263ms] [ERROR] Failed to load resource: net::ERR_NAME_NOT_RESOLVED @ https://w3-authorization-service.w3-globals.dal.app.cirrus.ibm.com/v1/validate/tokenexp/1783696205:0
[45737642ms] [ERROR] Failed to load resource: net::ERR_NAME_NOT_RESOLVED @ https://w3-graph-w3-graph.w3-globals.dal.app.cirrus.ibm.com/graphql?client-tracking-id=w3-web-carbon&op=getUserNotifications:0
[45779272ms] [ERROR] Failed to load resource: net::ERR_NAME_NOT_RESOLVED @ https://w3-authorization-service.w3-globals.dal.app.cirrus.ibm.com/v1/validate/tokenexp/1783696205:0
[45887735ms] [ERROR] Failed to load resource: net::ERR_NAME_NOT_RESOLVED @ https://w3-graph-w3-graph.w3-globals.dal.app.cirrus.ibm.com/graphql?client-tracking-id=w3-web-carbon&op=getUserNotifications:0
[45959291ms] [ERROR] Failed to load resource: net::ERR_NAME_NOT_RESOLVED @ https://w3-authorization-service.w3-globals.dal.app.cirrus.ibm.com/v1/validate/tokenexp/1783696205:0
[46037822ms] [ERROR] Failed to load resource: net::ERR_NAME_NOT_RESOLVED @ https://w3-graph-w3-graph.w3-globals.dal.app.cirrus.ibm.com/graphql?client-tracking-id=w3-web-carbon&op=getUserNotifications:0
[46139270ms] [ERROR] Failed to load resource: net::ERR_NAME_NOT_RESOLVED @ https://w3-authorization-service.w3-globals.dal.app.cirrus.ibm.com/v1/validate/tokenexp/1783696205:0
[46187911ms] [ERROR] Failed to load resource: net::ERR_NAME_NOT_RESOLVED @ https://w3-graph-w3-graph.w3-globals.dal.app.cirrus.ibm.com/graphql?client-tracking-id=w3-web-carbon&op=getUserNotifications:0
[46319264ms] [ERROR] Failed to load resource: net::ERR_NAME_NOT_RESOLVED @ https://w3-authorization-service.w3-globals.dal.app.cirrus.ibm.com/v1/validate/tokenexp/1783696205:0
[46338003ms] [ERROR] Failed to load resource: net::ERR_NAME_NOT_RESOLVED @ https://w3-graph-w3-graph.w3-globals.dal.app.cirrus.ibm.com/graphql?client-tracking-id=w3-web-carbon&op=getUserNotifications:0
[46488128ms] [ERROR] Failed to load resource: net::ERR_NAME_NOT_RESOLVED @ https://w3-graph-w3-graph.w3-globals.dal.app.cirrus.ibm.com/graphql?client-tracking-id=w3-web-carbon&op=getUserNotifications:0
[46499302ms] [ERROR] Failed to load resource: net::ERR_NAME_NOT_RESOLVED @ https://w3-authorization-service.w3-globals.dal.app.cirrus.ibm.com/v1/validate/tokenexp/1783696205:0
[46638211ms] [ERROR] Failed to load resource: net::ERR_NAME_NOT_RESOLVED @ https://w3-graph-w3-graph.w3-globals.dal.app.cirrus.ibm.com/graphql?client-tracking-id=w3-web-carbon&op=getUserNotifications:0
[46679297ms] [ERROR] Failed to load resource: net::ERR_NAME_NOT_RESOLVED @ https://w3-authorization-service.w3-globals.dal.app.cirrus.ibm.com/v1/validate/tokenexp/1783696205:0
[46788302ms] [ERROR] Failed to load resource: net::ERR_NAME_NOT_RESOLVED @ https://w3-graph-w3-graph.w3-globals.dal.app.cirrus.ibm.com/graphql?client-tracking-id=w3-web-carbon&op=getUserNotifications:0
[46859297ms] [ERROR] Failed to load resource: net::ERR_NAME_NOT_RESOLVED @ https://w3-authorization-service.w3-globals.dal.app.cirrus.ibm.com/v1/validate/tokenexp/1783696205:0
[46938389ms] [ERROR] Failed to load resource: net::ERR_NAME_NOT_RESOLVED @ https://w3-graph-w3-graph.w3-globals.dal.app.cirrus.ibm.com/graphql?client-tracking-id=w3-web-carbon&op=getUserNotifications:0
[47039296ms] [ERROR] Failed to load resource: net::ERR_NAME_NOT_RESOLVED @ https://w3-authorization-service.w3-globals.dal.app.cirrus.ibm.com/v1/validate/tokenexp/1783696205:0
[47088481ms] [ERROR] Failed to load resource: net::ERR_NAME_NOT_RESOLVED @ https://w3-graph-w3-graph.w3-globals.dal.app.cirrus.ibm.com/graphql?client-tracking-id=w3-web-carbon&op=getUserNotifications:0
[47219302ms] [ERROR] Failed to load resource: net::ERR_NAME_NOT_RESOLVED @ https://w3-authorization-service.w3-globals.dal.app.cirrus.ibm.com/v1/validate/tokenexp/1783696205:0
[47238567ms] [ERROR] Failed to load resource: net::ERR_NAME_NOT_RESOLVED @ https://w3-graph-w3-graph.w3-globals.dal.app.cirrus.ibm.com/graphql?client-tracking-id=w3-web-carbon&op=getUserNotifications:0
[47388668ms] [ERROR] Failed to load resource: net::ERR_NAME_NOT_RESOLVED @ https://w3-graph-w3-graph.w3-globals.dal.app.cirrus.ibm.com/graphql?client-tracking-id=w3-web-carbon&op=getUserNotifications:0
[47399316ms] [ERROR] Failed to load resource: net::ERR_NAME_NOT_RESOLVED @ https://w3-authorization-service.w3-globals.dal.app.cirrus.ibm.com/v1/validate/tokenexp/1783696205:0
[47538757ms] [ERROR] Failed to load resource: net::ERR_NAME_NOT_RESOLVED @ https://w3-graph-w3-graph.w3-globals.dal.app.cirrus.ibm.com/graphql?client-tracking-id=w3-web-carbon&op=getUserNotifications:0
[47579302ms] [ERROR] Failed to load resource: net::ERR_NAME_NOT_RESOLVED @ https://w3-authorization-service.w3-globals.dal.app.cirrus.ibm.com/v1/validate/tokenexp/1783696205:0
[47688840ms] [ERROR] Failed to load resource: net::ERR_NAME_NOT_RESOLVED @ https://w3-graph-w3-graph.w3-globals.dal.app.cirrus.ibm.com/graphql?client-tracking-id=w3-web-carbon&op=getUserNotifications:0
[47759315ms] [ERROR] Failed to load resource: net::ERR_NAME_NOT_RESOLVED @ https://w3-authorization-service.w3-globals.dal.app.cirrus.ibm.com/v1/validate/tokenexp/1783696205:0
[47838928ms] [ERROR] Failed to load resource: net::ERR_NAME_NOT_RESOLVED @ https://w3-graph-w3-graph.w3-globals.dal.app.cirrus.ibm.com/graphql?client-tracking-id=w3-web-carbon&op=getUserNotifications:0
[47939272ms] [ERROR] Failed to load resource: net::ERR_NAME_NOT_RESOLVED @ https://w3-authorization-service.w3-globals.dal.app.cirrus.ibm.com/v1/validate/tokenexp/1783696205:0
[47988996ms] [ERROR] Failed to load resource: net::ERR_NAME_NOT_RESOLVED @ https://w3-graph-w3-graph.w3-globals.dal.app.cirrus.ibm.com/graphql?client-tracking-id=w3-web-carbon&op=getUserNotifications:0
[48119330ms] [ERROR] Failed to load resource: net::ERR_NAME_NOT_RESOLVED @ https://w3-authorization-service.w3-globals.dal.app.cirrus.ibm.com/v1/validate/tokenexp/1783696205:0
[48139084ms] [ERROR] Failed to load resource: net::ERR_NAME_NOT_RESOLVED @ https://w3-graph-w3-graph.w3-globals.dal.app.cirrus.ibm.com/graphql?client-tracking-id=w3-web-carbon&op=getUserNotifications:0
[48289170ms] [ERROR] Failed to load resource: net::ERR_NAME_NOT_RESOLVED @ https://w3-graph-w3-graph.w3-globals.dal.app.cirrus.ibm.com/graphql?client-tracking-id=w3-web-carbon&op=getUserNotifications:0
[48299291ms] [ERROR] Failed to load resource: net::ERR_NAME_NOT_RESOLVED @ https://w3-authorization-service.w3-globals.dal.app.cirrus.ibm.com/v1/validate/tokenexp/1783696205:0
[48439268ms] [ERROR] Failed to load resource: net::ERR_NAME_NOT_RESOLVED @ https://w3-graph-w3-graph.w3-globals.dal.app.cirrus.ibm.com/graphql?client-tracking-id=w3-web-carbon&op=getUserNotifications:0
[48479295ms] [ERROR] Failed to load resource: net::ERR_NAME_NOT_RESOLVED @ https://w3-authorization-service.w3-globals.dal.app.cirrus.ibm.com/v1/validate/tokenexp/1783696205:0
[48589363ms] [ERROR] Failed to load resource: net::ERR_NAME_NOT_RESOLVED @ https://w3-graph-w3-graph.w3-globals.dal.app.cirrus.ibm.com/graphql?client-tracking-id=w3-web-carbon&op=getUserNotifications:0
[48659292ms] [ERROR] Failed to load resource: net::ERR_NAME_NOT_RESOLVED @ https://w3-authorization-service.w3-globals.dal.app.cirrus.ibm.com/v1/validate/tokenexp/1783696205:0
[48739458ms] [ERROR] Failed to load resource: net::ERR_NAME_NOT_RESOLVED @ https://w3-graph-w3-graph.w3-globals.dal.app.cirrus.ibm.com/graphql?client-tracking-id=w3-web-carbon&op=getUserNotifications:0
[48839278ms] [ERROR] Failed to load resource: net::ERR_NAME_NOT_RESOLVED @ https://w3-authorization-service.w3-globals.dal.app.cirrus.ibm.com/v1/validate/tokenexp/1783696205:0
[48889601ms] [ERROR] Failed to load resource: net::ERR_NAME_NOT_RESOLVED @ https://w3-graph-w3-graph.w3-globals.dal.app.cirrus.ibm.com/graphql?client-tracking-id=w3-web-carbon&op=getUserNotifications:0
[49019289ms] [ERROR] Failed to load resource: net::ERR_NAME_NOT_RESOLVED @ https://w3-authorization-service.w3-globals.dal.app.cirrus.ibm.com/v1/validate/tokenexp/1783696205:0
[49039691ms] [ERROR] Failed to load resource: net::ERR_NAME_NOT_RESOLVED @ https://w3-graph-w3-graph.w3-globals.dal.app.cirrus.ibm.com/graphql?client-tracking-id=w3-web-carbon&op=getUserNotifications:0
[49189771ms] [ERROR] Failed to load resource: net::ERR_NAME_NOT_RESOLVED @ https://w3-graph-w3-graph.w3-globals.dal.app.cirrus.ibm.com/graphql?client-tracking-id=w3-web-carbon&op=getUserNotifications:0
[49199277ms] [ERROR] Failed to load resource: net::ERR_NAME_NOT_RESOLVED @ https://w3-authorization-service.w3-globals.dal.app.cirrus.ibm.com/v1/validate/tokenexp/1783696205:0
[49339842ms] [ERROR] Failed to load resource: net::ERR_NAME_NOT_RESOLVED @ https://w3-graph-w3-graph.w3-globals.dal.app.cirrus.ibm.com/graphql?client-tracking-id=w3-web-carbon&op=getUserNotifications:0
[49379273ms] [ERROR] Failed to load resource: net::ERR_NAME_NOT_RESOLVED @ https://w3-authorization-service.w3-globals.dal.app.cirrus.ibm.com/v1/validate/tokenexp/1783696205:0
[49489944ms] [ERROR] Failed to load resource: net::ERR_NAME_NOT_RESOLVED @ https://w3-graph-w3-graph.w3-globals.dal.app.cirrus.ibm.com/graphql?client-tracking-id=w3-web-carbon&op=getUserNotifications:0
[49559298ms] [ERROR] Failed to load resource: net::ERR_NAME_NOT_RESOLVED @ https://w3-authorization-service.w3-globals.dal.app.cirrus.ibm.com/v1/validate/tokenexp/1783696205:0
[49640025ms] [ERROR] Failed to load resource: net::ERR_NAME_NOT_RESOLVED @ https://w3-graph-w3-graph.w3-globals.dal.app.cirrus.ibm.com/graphql?client-tracking-id=w3-web-carbon&op=getUserNotifications:0
[49739303ms] [ERROR] Failed to load resource: net::ERR_NAME_NOT_RESOLVED @ https://w3-authorization-service.w3-globals.dal.app.cirrus.ibm.com/v1/validate/tokenexp/1783696205:0
[49790121ms] [ERROR] Failed to load resource: net::ERR_NAME_NOT_RESOLVED @ https://w3-graph-w3-graph.w3-globals.dal.app.cirrus.ibm.com/graphql?client-tracking-id=w3-web-carbon&op=getUserNotifications:0
[49919301ms] [ERROR] Failed to load resource: net::ERR_NAME_NOT_RESOLVED @ https://w3-authorization-service.w3-globals.dal.app.cirrus.ibm.com/v1/validate/tokenexp/1783696205:0
[49940206ms] [ERROR] Failed to load resource: net::ERR_NAME_NOT_RESOLVED @ https://w3-graph-w3-graph.w3-globals.dal.app.cirrus.ibm.com/graphql?client-tracking-id=w3-web-carbon&op=getUserNotifications:0
[50090307ms] [ERROR] Failed to load resource: net::ERR_NAME_NOT_RESOLVED @ https://w3-graph-w3-graph.w3-globals.dal.app.cirrus.ibm.com/graphql?client-tracking-id=w3-web-carbon&op=getUserNotifications:0
[50099306ms] [ERROR] Failed to load resource: net::ERR_NAME_NOT_RESOLVED @ https://w3-authorization-service.w3-globals.dal.app.cirrus.ibm.com/v1/validate/tokenexp/1783696205:0
[50240403ms] [ERROR] Failed to load resource: net::ERR_NAME_NOT_RESOLVED @ https://w3-graph-w3-graph.w3-globals.dal.app.cirrus.ibm.com/graphql?client-tracking-id=w3-web-carbon&op=getUserNotifications:0
[50279299ms] [ERROR] Failed to load resource: net::ERR_NAME_NOT_RESOLVED @ https://w3-authorization-service.w3-globals.dal.app.cirrus.ibm.com/v1/validate/tokenexp/1783696205:0
[50390493ms] [ERROR] Failed to load resource: net::ERR_NAME_NOT_RESOLVED @ https://w3-graph-w3-graph.w3-globals.dal.app.cirrus.ibm.com/graphql?client-tracking-id=w3-web-carbon&op=getUserNotifications:0
[50459305ms] [ERROR] Failed to load resource: net::ERR_NAME_NOT_RESOLVED @ https://w3-authorization-service.w3-globals.dal.app.cirrus.ibm.com/v1/validate/tokenexp/1783696205:0
[50540580ms] [ERROR] Failed to load resource: net::ERR_NAME_NOT_RESOLVED @ https://w3-graph-w3-graph.w3-globals.dal.app.cirrus.ibm.com/graphql?client-tracking-id=w3-web-carbon&op=getUserNotifications:0
[50639304ms] [ERROR] Failed to load resource: net::ERR_NAME_NOT_RESOLVED @ https://w3-authorization-service.w3-globals.dal.app.cirrus.ibm.com/v1/validate/tokenexp/1783696205:0
[50690679ms] [ERROR] Failed to load resource: net::ERR_NAME_NOT_RESOLVED @ https://w3-graph-w3-graph.w3-globals.dal.app.cirrus.ibm.com/graphql?client-tracking-id=w3-web-carbon&op=getUserNotifications:0
[50819292ms] [ERROR] Failed to load resource: net::ERR_NAME_NOT_RESOLVED @ https://w3-authorization-service.w3-globals.dal.app.cirrus.ibm.com/v1/validate/tokenexp/1783696205:0
[50840773ms] [ERROR] Failed to load resource: net::ERR_NAME_NOT_RESOLVED @ https://w3-graph-w3-graph.w3-globals.dal.app.cirrus.ibm.com/graphql?client-tracking-id=w3-web-carbon&op=getUserNotifications:0
[50990875ms] [ERROR] Failed to load resource: net::ERR_NAME_NOT_RESOLVED @ https://w3-graph-w3-graph.w3-globals.dal.app.cirrus.ibm.com/graphql?client-tracking-id=w3-web-carbon&op=getUserNotifications:0
[50999320ms] [ERROR] Failed to load resource: net::ERR_NAME_NOT_RESOLVED @ https://w3-authorization-service.w3-globals.dal.app.cirrus.ibm.com/v1/validate/tokenexp/1783696205:0
[51140977ms] [ERROR] Failed to load resource: net::ERR_NAME_NOT_RESOLVED @ https://w3-graph-w3-graph.w3-globals.dal.app.cirrus.ibm.com/graphql?client-tracking-id=w3-web-carbon&op=getUserNotifications:0
[51179324ms] [ERROR] Failed to load resource: net::ERR_NAME_NOT_RESOLVED @ https://w3-authorization-service.w3-globals.dal.app.cirrus.ibm.com/v1/validate/tokenexp/1783696205:0
[51291069ms] [ERROR] Failed to load resource: net::ERR_NAME_NOT_RESOLVED @ https://w3-graph-w3-graph.w3-globals.dal.app.cirrus.ibm.com/graphql?client-tracking-id=w3-web-carbon&op=getUserNotifications:0
[51359313ms] [ERROR] Failed to load resource: net::ERR_NAME_NOT_RESOLVED @ https://w3-authorization-service.w3-globals.dal.app.cirrus.ibm.com/v1/validate/tokenexp/1783696205:0
[51441168ms] [ERROR] Failed to load resource: net::ERR_NAME_NOT_RESOLVED @ https://w3-graph-w3-graph.w3-globals.dal.app.cirrus.ibm.com/graphql?client-tracking-id=w3-web-carbon&op=getUserNotifications:0
[51539325ms] [ERROR] Failed to load resource: net::ERR_NAME_NOT_RESOLVED @ https://w3-authorization-service.w3-globals.dal.app.cirrus.ibm.com/v1/validate/tokenexp/1783696205:0
[51591259ms] [ERROR] Failed to load resource: net::ERR_NAME_NOT_RESOLVED @ https://w3-graph-w3-graph.w3-globals.dal.app.cirrus.ibm.com/graphql?client-tracking-id=w3-web-carbon&op=getUserNotifications:0
[51719330ms] [ERROR] Failed to load resource: net::ERR_NAME_NOT_RESOLVED @ https://w3-authorization-service.w3-globals.dal.app.cirrus.ibm.com/v1/validate/tokenexp/1783696205:0
[51741405ms] [ERROR] Failed to load resource: net::ERR_NAME_NOT_RESOLVED @ https://w3-graph-w3-graph.w3-globals.dal.app.cirrus.ibm.com/graphql?client-tracking-id=w3-web-carbon&op=getUserNotifications:0
[51891496ms] [ERROR] Failed to load resource: net::ERR_NAME_NOT_RESOLVED @ https://w3-graph-w3-graph.w3-globals.dal.app.cirrus.ibm.com/graphql?client-tracking-id=w3-web-carbon&op=getUserNotifications:0
[51899364ms] [ERROR] Failed to load resource: net::ERR_NAME_NOT_RESOLVED @ https://w3-authorization-service.w3-globals.dal.app.cirrus.ibm.com/v1/validate/tokenexp/1783696205:0
[52041585ms] [ERROR] Failed to load resource: net::ERR_NAME_NOT_RESOLVED @ https://w3-graph-w3-graph.w3-globals.dal.app.cirrus.ibm.com/graphql?client-tracking-id=w3-web-carbon&op=getUserNotifications:0
[52079332ms] [ERROR] Failed to load resource: net::ERR_NAME_NOT_RESOLVED @ https://w3-authorization-service.w3-globals.dal.app.cirrus.ibm.com/v1/validate/tokenexp/1783696205:0
[52191680ms] [ERROR] Failed to load resource: net::ERR_NAME_NOT_RESOLVED @ https://w3-graph-w3-graph.w3-globals.dal.app.cirrus.ibm.com/graphql?client-tracking-id=w3-web-carbon&op=getUserNotifications:0
[52259336ms] [ERROR] Failed to load resource: net::ERR_NAME_NOT_RESOLVED @ https://w3-authorization-service.w3-globals.dal.app.cirrus.ibm.com/v1/validate/tokenexp/1783696205:0
[52341774ms] [ERROR] Failed to load resource: net::ERR_NAME_NOT_RESOLVED @ https://w3-graph-w3-graph.w3-globals.dal.app.cirrus.ibm.com/graphql?client-tracking-id=w3-web-carbon&op=getUserNotifications:0
[52439331ms] [ERROR] Failed to load resource: net::ERR_NAME_NOT_RESOLVED @ https://w3-authorization-service.w3-globals.dal.app.cirrus.ibm.com/v1/validate/tokenexp/1783696205:0
[52491900ms] [ERROR] Failed to load resource: net::ERR_NAME_NOT_RESOLVED @ https://w3-graph-w3-graph.w3-globals.dal.app.cirrus.ibm.com/graphql?client-tracking-id=w3-web-carbon&op=getUserNotifications:0
[52619334ms] [ERROR] Failed to load resource: net::ERR_NAME_NOT_RESOLVED @ https://w3-authorization-service.w3-globals.dal.app.cirrus.ibm.com/v1/validate/tokenexp/1783696205:0
[52641998ms] [ERROR] Failed to load resource: net::ERR_NAME_NOT_RESOLVED @ https://w3-graph-w3-graph.w3-globals.dal.app.cirrus.ibm.com/graphql?client-tracking-id=w3-web-carbon&op=getUserNotifications:0
[52792092ms] [ERROR] Failed to load resource: net::ERR_NAME_NOT_RESOLVED @ https://w3-graph-w3-graph.w3-globals.dal.app.cirrus.ibm.com/graphql?client-tracking-id=w3-web-carbon&op=getUserNotifications:0
[52799340ms] [ERROR] Failed to load resource: net::ERR_NAME_NOT_RESOLVED @ https://w3-authorization-service.w3-globals.dal.app.cirrus.ibm.com/v1/validate/tokenexp/1783696205:0
[52942179ms] [ERROR] Failed to load resource: net::ERR_NAME_NOT_RESOLVED @ https://w3-graph-w3-graph.w3-globals.dal.app.cirrus.ibm.com/graphql?client-tracking-id=w3-web-carbon&op=getUserNotifications:0
[52979341ms] [ERROR] Failed to load resource: net::ERR_NAME_NOT_RESOLVED @ https://w3-authorization-service.w3-globals.dal.app.cirrus.ibm.com/v1/validate/tokenexp/1783696205:0
[53092275ms] [ERROR] Failed to load resource: net::ERR_NAME_NOT_RESOLVED @ https://w3-graph-w3-graph.w3-globals.dal.app.cirrus.ibm.com/graphql?client-tracking-id=w3-web-carbon&op=getUserNotifications:0
[53159327ms] [ERROR] Failed to load resource: net::ERR_NAME_NOT_RESOLVED @ https://w3-authorization-service.w3-globals.dal.app.cirrus.ibm.com/v1/validate/tokenexp/1783696205:0
[53242374ms] [ERROR] Failed to load resource: net::ERR_NAME_NOT_RESOLVED @ https://w3-graph-w3-graph.w3-globals.dal.app.cirrus.ibm.com/graphql?client-tracking-id=w3-web-carbon&op=getUserNotifications:0
[53339350ms] [ERROR] Failed to load resource: net::ERR_NAME_NOT_RESOLVED @ https://w3-authorization-service.w3-globals.dal.app.cirrus.ibm.com/v1/validate/tokenexp/1783696205:0
[53392461ms] [ERROR] Failed to load resource: net::ERR_NAME_NOT_RESOLVED @ https://w3-graph-w3-graph.w3-globals.dal.app.cirrus.ibm.com/graphql?client-tracking-id=w3-web-carbon&op=getUserNotifications:0
[53519349ms] [ERROR] Failed to load resource: net::ERR_NAME_NOT_RESOLVED @ https://w3-authorization-service.w3-globals.dal.app.cirrus.ibm.com/v1/validate/tokenexp/1783696205:0
[53542548ms] [ERROR] Failed to load resource: net::ERR_NAME_NOT_RESOLVED @ https://w3-graph-w3-graph.w3-globals.dal.app.cirrus.ibm.com/graphql?client-tracking-id=w3-web-carbon&op=getUserNotifications:0
[53692638ms] [ERROR] Failed to load resource: net::ERR_NAME_NOT_RESOLVED @ https://w3-graph-w3-graph.w3-globals.dal.app.cirrus.ibm.com/graphql?client-tracking-id=w3-web-carbon&op=getUserNotifications:0
[53699349ms] [ERROR] Failed to load resource: net::ERR_NAME_NOT_RESOLVED @ https://w3-authorization-service.w3-globals.dal.app.cirrus.ibm.com/v1/validate/tokenexp/1783696205:0
[53842739ms] [ERROR] Failed to load resource: net::ERR_NAME_NOT_RESOLVED @ https://w3-graph-w3-graph.w3-globals.dal.app.cirrus.ibm.com/graphql?client-tracking-id=w3-web-carbon&op=getUserNotifications:0
[53879352ms] [ERROR] Failed to load resource: net::ERR_NAME_NOT_RESOLVED @ https://w3-authorization-service.w3-globals.dal.app.cirrus.ibm.com/v1/validate/tokenexp/1783696205:0
[53992829ms] [ERROR] Failed to load resource: net::ERR_NAME_NOT_RESOLVED @ https://w3-graph-w3-graph.w3-globals.dal.app.cirrus.ibm.com/graphql?client-tracking-id=w3-web-carbon&op=getUserNotifications:0
[54059353ms] [ERROR] Failed to load resource: net::ERR_NAME_NOT_RESOLVED @ https://w3-authorization-service.w3-globals.dal.app.cirrus.ibm.com/v1/validate/tokenexp/1783696205:0
[54142898ms] [ERROR] Failed to load resource: net::ERR_NAME_NOT_RESOLVED @ https://w3-graph-w3-graph.w3-globals.dal.app.cirrus.ibm.com/graphql?client-tracking-id=w3-web-carbon&op=getUserNotifications:0
[54239323ms] [ERROR] Failed to load resource: net::ERR_NAME_NOT_RESOLVED @ https://w3-authorization-service.w3-globals.dal.app.cirrus.ibm.com/v1/validate/tokenexp/1783696205:0
[54292993ms] [ERROR] Failed to load resource: net::ERR_NAME_NOT_RESOLVED @ https://w3-graph-w3-graph.w3-globals.dal.app.cirrus.ibm.com/graphql?client-tracking-id=w3-web-carbon&op=getUserNotifications:0
[54419332ms] [ERROR] Failed to load resource: net::ERR_NAME_NOT_RESOLVED @ https://w3-authorization-service.w3-globals.dal.app.cirrus.ibm.com/v1/validate/tokenexp/1783696205:0
[54443080ms] [ERROR] Failed to load resource: net::ERR_NAME_NOT_RESOLVED @ https://w3-graph-w3-graph.w3-globals.dal.app.cirrus.ibm.com/graphql?client-tracking-id=w3-web-carbon&op=getUserNotifications:0
[54593169ms] [ERROR] Failed to load resource: net::ERR_NAME_NOT_RESOLVED @ https://w3-graph-w3-graph.w3-globals.dal.app.cirrus.ibm.com/graphql?client-tracking-id=w3-web-carbon&op=getUserNotifications:0
[54599331ms] [ERROR] Failed to load resource: net::ERR_NAME_NOT_RESOLVED @ https://w3-authorization-service.w3-globals.dal.app.cirrus.ibm.com/v1/validate/tokenexp/1783696205:0
[54743259ms] [ERROR] Failed to load resource: net::ERR_NAME_NOT_RESOLVED @ https://w3-graph-w3-graph.w3-globals.dal.app.cirrus.ibm.com/graphql?client-tracking-id=w3-web-carbon&op=getUserNotifications:0
[54779328ms] [ERROR] Failed to load resource: net::ERR_NAME_NOT_RESOLVED @ https://w3-authorization-service.w3-globals.dal.app.cirrus.ibm.com/v1/validate/tokenexp/1783696205:0
[54893341ms] [ERROR] Failed to load resource: net::ERR_NAME_NOT_RESOLVED @ https://w3-graph-w3-graph.w3-globals.dal.app.cirrus.ibm.com/graphql?client-tracking-id=w3-web-carbon&op=getUserNotifications:0
[54959321ms] [ERROR] Failed to load resource: net::ERR_NAME_NOT_RESOLVED @ https://w3-authorization-service.w3-globals.dal.app.cirrus.ibm.com/v1/validate/tokenexp/1783696205:0
[55043433ms] [ERROR] Failed to load resource: net::ERR_NAME_NOT_RESOLVED @ https://w3-graph-w3-graph.w3-globals.dal.app.cirrus.ibm.com/graphql?client-tracking-id=w3-web-carbon&op=getUserNotifications:0
[55139336ms] [ERROR] Failed to load resource: net::ERR_NAME_NOT_RESOLVED @ https://w3-authorization-service.w3-globals.dal.app.cirrus.ibm.com/v1/validate/tokenexp/1783696205:0
[55193528ms] [ERROR] Failed to load resource: net::ERR_NAME_NOT_RESOLVED @ https://w3-graph-w3-graph.w3-globals.dal.app.cirrus.ibm.com/graphql?client-tracking-id=w3-web-carbon&op=getUserNotifications:0
[55319364ms] [ERROR] Failed to load resource: net::ERR_NAME_NOT_RESOLVED @ https://w3-authorization-service.w3-globals.dal.app.cirrus.ibm.com/v1/validate/tokenexp/1783696205:0
[55343617ms] [ERROR] Failed to load resource: net::ERR_NAME_NOT_RESOLVED @ https://w3-graph-w3-graph.w3-globals.dal.app.cirrus.ibm.com/graphql?client-tracking-id=w3-web-carbon&op=getUserNotifications:0
[55493700ms] [ERROR] Failed to load resource: net::ERR_NAME_NOT_RESOLVED @ https://w3-graph-w3-graph.w3-globals.dal.app.cirrus.ibm.com/graphql?client-tracking-id=w3-web-carbon&op=getUserNotifications:0
[55499335ms] [ERROR] Failed to load resource: net::ERR_NAME_NOT_RESOLVED @ https://w3-authorization-service.w3-globals.dal.app.cirrus.ibm.com/v1/validate/tokenexp/1783696205:0
[55643780ms] [ERROR] Failed to load resource: net::ERR_NAME_NOT_RESOLVED @ https://w3-graph-w3-graph.w3-globals.dal.app.cirrus.ibm.com/graphql?client-tracking-id=w3-web-carbon&op=getUserNotifications:0
[55679323ms] [ERROR] Failed to load resource: net::ERR_NAME_NOT_RESOLVED @ https://w3-authorization-service.w3-globals.dal.app.cirrus.ibm.com/v1/validate/tokenexp/1783696205:0
[55793866ms] [ERROR] Failed to load resource: net::ERR_NAME_NOT_RESOLVED @ https://w3-graph-w3-graph.w3-globals.dal.app.cirrus.ibm.com/graphql?client-tracking-id=w3-web-carbon&op=getUserNotifications:0
[55859326ms] [ERROR] Failed to load resource: net::ERR_NAME_NOT_RESOLVED @ https://w3-authorization-service.w3-globals.dal.app.cirrus.ibm.com/v1/validate/tokenexp/1783696205:0
[55943955ms] [ERROR] Failed to load resource: net::ERR_NAME_NOT_RESOLVED @ https://w3-graph-w3-graph.w3-globals.dal.app.cirrus.ibm.com/graphql?client-tracking-id=w3-web-carbon&op=getUserNotifications:0
[56039316ms] [ERROR] Failed to load resource: net::ERR_NAME_NOT_RESOLVED @ https://w3-authorization-service.w3-globals.dal.app.cirrus.ibm.com/v1/validate/tokenexp/1783696205:0
[56094078ms] [ERROR] Failed to load resource: net::ERR_NAME_NOT_RESOLVED @ https://w3-graph-w3-graph.w3-globals.dal.app.cirrus.ibm.com/graphql?client-tracking-id=w3-web-carbon&op=getUserNotifications:0
[56219317ms] [ERROR] Failed to load resource: net::ERR_NAME_NOT_RESOLVED @ https://w3-authorization-service.w3-globals.dal.app.cirrus.ibm.com/v1/validate/tokenexp/1783696205:0
[56244171ms] [ERROR] Failed to load resource: net::ERR_NAME_NOT_RESOLVED @ https://w3-graph-w3-graph.w3-globals.dal.app.cirrus.ibm.com/graphql?client-tracking-id=w3-web-carbon&op=getUserNotifications:0
[56394265ms] [ERROR] Failed to load resource: net::ERR_NAME_NOT_RESOLVED @ https://w3-graph-w3-graph.w3-globals.dal.app.cirrus.ibm.com/graphql?client-tracking-id=w3-web-carbon&op=getUserNotifications:0
[56399306ms] [ERROR] Failed to load resource: net::ERR_NAME_NOT_RESOLVED @ https://w3-authorization-service.w3-globals.dal.app.cirrus.ibm.com/v1/validate/tokenexp/1783696205:0
[56544345ms] [ERROR] Failed to load resource: net::ERR_NAME_NOT_RESOLVED @ https://w3-graph-w3-graph.w3-globals.dal.app.cirrus.ibm.com/graphql?client-tracking-id=w3-web-carbon&op=getUserNotifications:0
[56579319ms] [ERROR] Failed to load resource: net::ERR_NAME_NOT_RESOLVED @ https://w3-authorization-service.w3-globals.dal.app.cirrus.ibm.com/v1/validate/tokenexp/1783696205:0
[56694435ms] [ERROR] Failed to load resource: net::ERR_NAME_NOT_RESOLVED @ https://w3-graph-w3-graph.w3-globals.dal.app.cirrus.ibm.com/graphql?client-tracking-id=w3-web-carbon&op=getUserNotifications:0
[56759313ms] [ERROR] Failed to load resource: net::ERR_NAME_NOT_RESOLVED @ https://w3-authorization-service.w3-globals.dal.app.cirrus.ibm.com/v1/validate/tokenexp/1783696205:0
[56844527ms] [ERROR] Failed to load resource: net::ERR_NAME_NOT_RESOLVED @ https://w3-graph-w3-graph.w3-globals.dal.app.cirrus.ibm.com/graphql?client-tracking-id=w3-web-carbon&op=getUserNotifications:0
[56939316ms] [ERROR] Failed to load resource: net::ERR_NAME_NOT_RESOLVED @ https://w3-authorization-service.w3-globals.dal.app.cirrus.ibm.com/v1/validate/tokenexp/1783696205:0
[56994621ms] [ERROR] Failed to load resource: net::ERR_NAME_NOT_RESOLVED @ https://w3-graph-w3-graph.w3-globals.dal.app.cirrus.ibm.com/graphql?client-tracking-id=w3-web-carbon&op=getUserNotifications:0
[57119308ms] [ERROR] Failed to load resource: net::ERR_NAME_NOT_RESOLVED @ https://w3-authorization-service.w3-globals.dal.app.cirrus.ibm.com/v1/validate/tokenexp/1783696205:0
[57144693ms] [ERROR] Failed to load resource: net::ERR_NAME_NOT_RESOLVED @ https://w3-graph-w3-graph.w3-globals.dal.app.cirrus.ibm.com/graphql?client-tracking-id=w3-web-carbon&op=getUserNotifications:0
[57294774ms] [ERROR] Failed to load resource: net::ERR_NAME_NOT_RESOLVED @ https://w3-graph-w3-graph.w3-globals.dal.app.cirrus.ibm.com/graphql?client-tracking-id=w3-web-carbon&op=getUserNotifications:0
[57299284ms] [ERROR] Failed to load resource: net::ERR_NAME_NOT_RESOLVED @ https://w3-authorization-service.w3-globals.dal.app.cirrus.ibm.com/v1/validate/tokenexp/1783696205:0
[57444862ms] [ERROR] Failed to load resource: net::ERR_NAME_NOT_RESOLVED @ https://w3-graph-w3-graph.w3-globals.dal.app.cirrus.ibm.com/graphql?client-tracking-id=w3-web-carbon&op=getUserNotifications:0
[57479300ms] [ERROR] Failed to load resource: net::ERR_NAME_NOT_RESOLVED @ https://w3-authorization-service.w3-globals.dal.app.cirrus.ibm.com/v1/validate/tokenexp/1783696205:0
[57594949ms] [ERROR] Failed to load resource: net::ERR_NAME_NOT_RESOLVED @ https://w3-graph-w3-graph.w3-globals.dal.app.cirrus.ibm.com/graphql?client-tracking-id=w3-web-carbon&op=getUserNotifications:0
[57659301ms] [ERROR] Failed to load resource: net::ERR_NAME_NOT_RESOLVED @ https://w3-authorization-service.w3-globals.dal.app.cirrus.ibm.com/v1/validate/tokenexp/1783696205:0
[57745032ms] [ERROR] Failed to load resource: net::ERR_NAME_NOT_RESOLVED @ https://w3-graph-w3-graph.w3-globals.dal.app.cirrus.ibm.com/graphql?client-tracking-id=w3-web-carbon&op=getUserNotifications:0
[57839285ms] [ERROR] Failed to load resource: net::ERR_NAME_NOT_RESOLVED @ https://w3-authorization-service.w3-globals.dal.app.cirrus.ibm.com/v1/validate/tokenexp/1783696205:0
[57895121ms] [ERROR] Failed to load resource: net::ERR_NAME_NOT_RESOLVED @ https://w3-graph-w3-graph.w3-globals.dal.app.cirrus.ibm.com/graphql?client-tracking-id=w3-web-carbon&op=getUserNotifications:0
[58019294ms] [ERROR] Failed to load resource: net::ERR_NAME_NOT_RESOLVED @ https://w3-authorization-service.w3-globals.dal.app.cirrus.ibm.com/v1/validate/tokenexp/1783696205:0
[58045208ms] [ERROR] Failed to load resource: net::ERR_NAME_NOT_RESOLVED @ https://w3-graph-w3-graph.w3-globals.dal.app.cirrus.ibm.com/graphql?client-tracking-id=w3-web-carbon&op=getUserNotifications:0
[58195292ms] [ERROR] Failed to load resource: net::ERR_NAME_NOT_RESOLVED @ https://w3-graph-w3-graph.w3-globals.dal.app.cirrus.ibm.com/graphql?client-tracking-id=w3-web-carbon&op=getUserNotifications:0
[58199296ms] [ERROR] Failed to load resource: net::ERR_NAME_NOT_RESOLVED @ https://w3-authorization-service.w3-globals.dal.app.cirrus.ibm.com/v1/validate/tokenexp/1783696205:0
[58345384ms] [ERROR] Failed to load resource: net::ERR_NAME_NOT_RESOLVED @ https://w3-graph-w3-graph.w3-globals.dal.app.cirrus.ibm.com/graphql?client-tracking-id=w3-web-carbon&op=getUserNotifications:0
[58379293ms] [ERROR] Failed to load resource: net::ERR_NAME_NOT_RESOLVED @ https://w3-authorization-service.w3-globals.dal.app.cirrus.ibm.com/v1/validate/tokenexp/1783696205:0
[58495468ms] [ERROR] Failed to load resource: net::ERR_NAME_NOT_RESOLVED @ https://w3-graph-w3-graph.w3-globals.dal.app.cirrus.ibm.com/graphql?client-tracking-id=w3-web-carbon&op=getUserNotifications:0
[58559286ms] [ERROR] Failed to load resource: net::ERR_NAME_NOT_RESOLVED @ https://w3-authorization-service.w3-globals.dal.app.cirrus.ibm.com/v1/validate/tokenexp/1783696205:0
[58645572ms] [ERROR] Failed to load resource: net::ERR_NAME_NOT_RESOLVED @ https://w3-graph-w3-graph.w3-globals.dal.app.cirrus.ibm.com/graphql?client-tracking-id=w3-web-carbon&op=getUserNotifications:0
[58739305ms] [ERROR] Failed to load resource: net::ERR_NAME_NOT_RESOLVED @ https://w3-authorization-service.w3-globals.dal.app.cirrus.ibm.com/v1/validate/tokenexp/1783696205:0
[58795660ms] [ERROR] Failed to load resource: net::ERR_NAME_NOT_RESOLVED @ https://w3-graph-w3-graph.w3-globals.dal.app.cirrus.ibm.com/graphql?client-tracking-id=w3-web-carbon&op=getUserNotifications:0
[58919318ms] [ERROR] Failed to load resource: net::ERR_NAME_NOT_RESOLVED @ https://w3-authorization-service.w3-globals.dal.app.cirrus.ibm.com/v1/validate/tokenexp/1783696205:0
[58945761ms] [ERROR] Failed to load resource: net::ERR_NAME_NOT_RESOLVED @ https://w3-graph-w3-graph.w3-globals.dal.app.cirrus.ibm.com/graphql?client-tracking-id=w3-web-carbon&op=getUserNotifications:0
[59095852ms] [ERROR] Failed to load resource: net::ERR_NAME_NOT_RESOLVED @ https://w3-graph-w3-graph.w3-globals.dal.app.cirrus.ibm.com/graphql?client-tracking-id=w3-web-carbon&op=getUserNotifications:0
[59099338ms] [ERROR] Failed to load resource: net::ERR_NAME_NOT_RESOLVED @ https://w3-authorization-service.w3-globals.dal.app.cirrus.ibm.com/v1/validate/tokenexp/1783696205:0
[59245941ms] [ERROR] Failed to load resource: net::ERR_NAME_NOT_RESOLVED @ https://w3-graph-w3-graph.w3-globals.dal.app.cirrus.ibm.com/graphql?client-tracking-id=w3-web-carbon&op=getUserNotifications:0
[59279310ms] [ERROR] Failed to load resource: net::ERR_NAME_NOT_RESOLVED @ https://w3-authorization-service.w3-globals.dal.app.cirrus.ibm.com/v1/validate/tokenexp/1783696205:0
[59396036ms] [ERROR] Failed to load resource: net::ERR_NAME_NOT_RESOLVED @ https://w3-graph-w3-graph.w3-globals.dal.app.cirrus.ibm.com/graphql?client-tracking-id=w3-web-carbon&op=getUserNotifications:0
[59459308ms] [ERROR] Failed to load resource: net::ERR_NAME_NOT_RESOLVED @ https://w3-authorization-service.w3-globals.dal.app.cirrus.ibm.com/v1/validate/tokenexp/1783696205:0
[59546118ms] [ERROR] Failed to load resource: net::ERR_NAME_NOT_RESOLVED @ https://w3-graph-w3-graph.w3-globals.dal.app.cirrus.ibm.com/graphql?client-tracking-id=w3-web-carbon&op=getUserNotifications:0
[59639304ms] [ERROR] Failed to load resource: net::ERR_NAME_NOT_RESOLVED @ https://w3-authorization-service.w3-globals.dal.app.cirrus.ibm.com/v1/validate/tokenexp/1783696205:0
[59696246ms] [ERROR] Failed to load resource: net::ERR_NAME_NOT_RESOLVED @ https://w3-graph-w3-graph.w3-globals.dal.app.cirrus.ibm.com/graphql?client-tracking-id=w3-web-carbon&op=getUserNotifications:0
[59819304ms] [ERROR] Failed to load resource: net::ERR_NAME_NOT_RESOLVED @ https://w3-authorization-service.w3-globals.dal.app.cirrus.ibm.com/v1/validate/tokenexp/1783696205:0
[59846333ms] [ERROR] Failed to load resource: net::ERR_NAME_NOT_RESOLVED @ https://w3-graph-w3-graph.w3-globals.dal.app.cirrus.ibm.com/graphql?client-tracking-id=w3-web-carbon&op=getUserNotifications:0
[59996423ms] [ERROR] Failed to load resource: net::ERR_NAME_NOT_RESOLVED @ https://w3-graph-w3-graph.w3-globals.dal.app.cirrus.ibm.com/graphql?client-tracking-id=w3-web-carbon&op=getUserNotifications:0
[59999308ms] [ERROR] Failed to load resource: net::ERR_NAME_NOT_RESOLVED @ https://w3-authorization-service.w3-globals.dal.app.cirrus.ibm.com/v1/validate/tokenexp/1783696205:0
[60146532ms] [ERROR] Failed to load resource: net::ERR_NAME_NOT_RESOLVED @ https://w3-graph-w3-graph.w3-globals.dal.app.cirrus.ibm.com/graphql?client-tracking-id=w3-web-carbon&op=getUserNotifications:0
[60179331ms] [ERROR] Failed to load resource: net::ERR_NAME_NOT_RESOLVED @ https://w3-authorization-service.w3-globals.dal.app.cirrus.ibm.com/v1/validate/tokenexp/1783696205:0
[60296634ms] [ERROR] Failed to load resource: net::ERR_NAME_NOT_RESOLVED @ https://w3-graph-w3-graph.w3-globals.dal.app.cirrus.ibm.com/graphql?client-tracking-id=w3-web-carbon&op=getUserNotifications:0
[60359334ms] [ERROR] Failed to load resource: net::ERR_NAME_NOT_RESOLVED @ https://w3-authorization-service.w3-globals.dal.app.cirrus.ibm.com/v1/validate/tokenexp/1783696205:0
[60446729ms] [ERROR] Failed to load resource: net::ERR_NAME_NOT_RESOLVED @ https://w3-graph-w3-graph.w3-globals.dal.app.cirrus.ibm.com/graphql?client-tracking-id=w3-web-carbon&op=getUserNotifications:0
[60539333ms] [ERROR] Failed to load resource: net::ERR_NAME_NOT_RESOLVED @ https://w3-authorization-service.w3-globals.dal.app.cirrus.ibm.com/v1/validate/tokenexp/1783696205:0
[60596825ms] [ERROR] Failed to load resource: net::ERR_NAME_NOT_RESOLVED @ https://w3-graph-w3-graph.w3-globals.dal.app.cirrus.ibm.com/graphql?client-tracking-id=w3-web-carbon&op=getUserNotifications:0
[60719336ms] [ERROR] Failed to load resource: net::ERR_NAME_NOT_RESOLVED @ https://w3-authorization-service.w3-globals.dal.app.cirrus.ibm.com/v1/validate/tokenexp/1783696205:0
[60746917ms] [ERROR] Failed to load resource: net::ERR_NAME_NOT_RESOLVED @ https://w3-graph-w3-graph.w3-globals.dal.app.cirrus.ibm.com/graphql?client-tracking-id=w3-web-carbon&op=getUserNotifications:0
[60897010ms] [ERROR] Failed to load resource: net::ERR_NAME_NOT_RESOLVED @ https://w3-graph-w3-graph.w3-globals.dal.app.cirrus.ibm.com/graphql?client-tracking-id=w3-web-carbon&op=getUserNotifications:0
[60899340ms] [ERROR] Failed to load resource: net::ERR_NAME_NOT_RESOLVED @ https://w3-authorization-service.w3-globals.dal.app.cirrus.ibm.com/v1/validate/tokenexp/1783696205:0
[61047107ms] [ERROR] Failed to load resource: net::ERR_NAME_NOT_RESOLVED @ https://w3-graph-w3-graph.w3-globals.dal.app.cirrus.ibm.com/graphql?client-tracking-id=w3-web-carbon&op=getUserNotifications:0
[61079337ms] [ERROR] Failed to load resource: net::ERR_NAME_NOT_RESOLVED @ https://w3-authorization-service.w3-globals.dal.app.cirrus.ibm.com/v1/validate/tokenexp/1783696205:0
[61197202ms] [ERROR] Failed to load resource: net::ERR_NAME_NOT_RESOLVED @ https://w3-graph-w3-graph.w3-globals.dal.app.cirrus.ibm.com/graphql?client-tracking-id=w3-web-carbon&op=getUserNotifications:0
[61259344ms] [ERROR] Failed to load resource: net::ERR_NAME_NOT_RESOLVED @ https://w3-authorization-service.w3-globals.dal.app.cirrus.ibm.com/v1/validate/tokenexp/1783696205:0
[61347285ms] [ERROR] Failed to load resource: net::ERR_NAME_NOT_RESOLVED @ https://w3-graph-w3-graph.w3-globals.dal.app.cirrus.ibm.com/graphql?client-tracking-id=w3-web-carbon&op=getUserNotifications:0
[61439342ms] [ERROR] Failed to load resource: net::ERR_NAME_NOT_RESOLVED @ https://w3-authorization-service.w3-globals.dal.app.cirrus.ibm.com/v1/validate/tokenexp/1783696205:0
[61497377ms] [ERROR] Failed to load resource: net::ERR_NAME_NOT_RESOLVED @ https://w3-graph-w3-graph.w3-globals.dal.app.cirrus.ibm.com/graphql?client-tracking-id=w3-web-carbon&op=getUserNotifications:0
[61619348ms] [ERROR] Failed to load resource: net::ERR_NAME_NOT_RESOLVED @ https://w3-authorization-service.w3-globals.dal.app.cirrus.ibm.com/v1/validate/tokenexp/1783696205:0
[61647470ms] [ERROR] Failed to load resource: net::ERR_NAME_NOT_RESOLVED @ https://w3-graph-w3-graph.w3-globals.dal.app.cirrus.ibm.com/graphql?client-tracking-id=w3-web-carbon&op=getUserNotifications:0
[61797541ms] [ERROR] Failed to load resource: net::ERR_NAME_NOT_RESOLVED @ https://w3-graph-w3-graph.w3-globals.dal.app.cirrus.ibm.com/graphql?client-tracking-id=w3-web-carbon&op=getUserNotifications:0
[61799338ms] [ERROR] Failed to load resource: net::ERR_NAME_NOT_RESOLVED @ https://w3-authorization-service.w3-globals.dal.app.cirrus.ibm.com/v1/validate/tokenexp/1783696205:0
[61947623ms] [ERROR] Failed to load resource: net::ERR_NAME_NOT_RESOLVED @ https://w3-graph-w3-graph.w3-globals.dal.app.cirrus.ibm.com/graphql?client-tracking-id=w3-web-carbon&op=getUserNotifications:0
[61979331ms] [ERROR] Failed to load resource: net::ERR_NAME_NOT_RESOLVED @ https://w3-authorization-service.w3-globals.dal.app.cirrus.ibm.com/v1/validate/tokenexp/1783696205:0
[62097720ms] [ERROR] Failed to load resource: net::ERR_NAME_NOT_RESOLVED @ https://w3-graph-w3-graph.w3-globals.dal.app.cirrus.ibm.com/graphql?client-tracking-id=w3-web-carbon&op=getUserNotifications:0
[62159324ms] [ERROR] Failed to load resource: net::ERR_NAME_NOT_RESOLVED @ https://w3-authorization-service.w3-globals.dal.app.cirrus.ibm.com/v1/validate/tokenexp/1783696205:0
[62247805ms] [ERROR] Failed to load resource: net::ERR_NAME_NOT_RESOLVED @ https://w3-graph-w3-graph.w3-globals.dal.app.cirrus.ibm.com/graphql?client-tracking-id=w3-web-carbon&op=getUserNotifications:0
[62339335ms] [ERROR] Failed to load resource: net::ERR_NAME_NOT_RESOLVED @ https://w3-authorization-service.w3-globals.dal.app.cirrus.ibm.com/v1/validate/tokenexp/1783696205:0
[62397895ms] [ERROR] Failed to load resource: net::ERR_NAME_NOT_RESOLVED @ https://w3-graph-w3-graph.w3-globals.dal.app.cirrus.ibm.com/graphql?client-tracking-id=w3-web-carbon&op=getUserNotifications:0
[62519366ms] [ERROR] Failed to load resource: net::ERR_NAME_NOT_RESOLVED @ https://w3-authorization-service.w3-globals.dal.app.cirrus.ibm.com/v1/validate/tokenexp/1783696205:0
[62547987ms] [ERROR] Failed to load resource: net::ERR_NAME_NOT_RESOLVED @ https://w3-graph-w3-graph.w3-globals.dal.app.cirrus.ibm.com/graphql?client-tracking-id=w3-web-carbon&op=getUserNotifications:0
[62698085ms] [ERROR] Failed to load resource: net::ERR_NAME_NOT_RESOLVED @ https://w3-graph-w3-graph.w3-globals.dal.app.cirrus.ibm.com/graphql?client-tracking-id=w3-web-carbon&op=getUserNotifications:0
[62699337ms] [ERROR] Failed to load resource: net::ERR_NAME_NOT_RESOLVED @ https://w3-authorization-service.w3-globals.dal.app.cirrus.ibm.com/v1/validate/tokenexp/1783696205:0
[62848162ms] [ERROR] Failed to load resource: net::ERR_NAME_NOT_RESOLVED @ https://w3-graph-w3-graph.w3-globals.dal.app.cirrus.ibm.com/graphql?client-tracking-id=w3-web-carbon&op=getUserNotifications:0
[62879332ms] [ERROR] Failed to load resource: net::ERR_NAME_NOT_RESOLVED @ https://w3-authorization-service.w3-globals.dal.app.cirrus.ibm.com/v1/validate/tokenexp/1783696205:0
[62998249ms] [ERROR] Failed to load resource: net::ERR_NAME_NOT_RESOLVED @ https://w3-graph-w3-graph.w3-globals.dal.app.cirrus.ibm.com/graphql?client-tracking-id=w3-web-carbon&op=getUserNotifications:0
[63059339ms] [ERROR] Failed to load resource: net::ERR_NAME_NOT_RESOLVED @ https://w3-authorization-service.w3-globals.dal.app.cirrus.ibm.com/v1/validate/tokenexp/1783696205:0
[63148342ms] [ERROR] Failed to load resource: net::ERR_NAME_NOT_RESOLVED @ https://w3-graph-w3-graph.w3-globals.dal.app.cirrus.ibm.com/graphql?client-tracking-id=w3-web-carbon&op=getUserNotifications:0
[63239329ms] [ERROR] Failed to load resource: net::ERR_NAME_NOT_RESOLVED @ https://w3-authorization-service.w3-globals.dal.app.cirrus.ibm.com/v1/validate/tokenexp/1783696205:0
[63298457ms] [ERROR] Failed to load resource: net::ERR_NAME_NOT_RESOLVED @ https://w3-graph-w3-graph.w3-globals.dal.app.cirrus.ibm.com/graphql?client-tracking-id=w3-web-carbon&op=getUserNotifications:0
[63419324ms] [ERROR] Failed to load resource: net::ERR_NAME_NOT_RESOLVED @ https://w3-authorization-service.w3-globals.dal.app.cirrus.ibm.com/v1/validate/tokenexp/1783696205:0
[63448553ms] [ERROR] Failed to load resource: net::ERR_NAME_NOT_RESOLVED @ https://w3-graph-w3-graph.w3-globals.dal.app.cirrus.ibm.com/graphql?client-tracking-id=w3-web-carbon&op=getUserNotifications:0
[63598640ms] [ERROR] Failed to load resource: net::ERR_NAME_NOT_RESOLVED @ https://w3-graph-w3-graph.w3-globals.dal.app.cirrus.ibm.com/graphql?client-tracking-id=w3-web-carbon&op=getUserNotifications:0
[63599331ms] [ERROR] Failed to load resource: net::ERR_NAME_NOT_RESOLVED @ https://w3-authorization-service.w3-globals.dal.app.cirrus.ibm.com/v1/validate/tokenexp/1783696205:0
[63748733ms] [ERROR] Failed to load resource: net::ERR_NAME_NOT_RESOLVED @ https://w3-graph-w3-graph.w3-globals.dal.app.cirrus.ibm.com/graphql?client-tracking-id=w3-web-carbon&op=getUserNotifications:0
[63779332ms] [ERROR] Failed to load resource: net::ERR_NAME_NOT_RESOLVED @ https://w3-authorization-service.w3-globals.dal.app.cirrus.ibm.com/v1/validate/tokenexp/1783696205:0
[63898823ms] [ERROR] Failed to load resource: net::ERR_NAME_NOT_RESOLVED @ https://w3-graph-w3-graph.w3-globals.dal.app.cirrus.ibm.com/graphql?client-tracking-id=w3-web-carbon&op=getUserNotifications:0
[63959331ms] [ERROR] Failed to load resource: net::ERR_NAME_NOT_RESOLVED @ https://w3-authorization-service.w3-globals.dal.app.cirrus.ibm.com/v1/validate/tokenexp/1783696205:0
[64048906ms] [ERROR] Failed to load resource: net::ERR_NAME_NOT_RESOLVED @ https://w3-graph-w3-graph.w3-globals.dal.app.cirrus.ibm.com/graphql?client-tracking-id=w3-web-carbon&op=getUserNotifications:0
[64139327ms] [ERROR] Failed to load resource: net::ERR_NAME_NOT_RESOLVED @ https://w3-authorization-service.w3-globals.dal.app.cirrus.ibm.com/v1/validate/tokenexp/1783696205:0
[64198999ms] [ERROR] Failed to load resource: net::ERR_NAME_NOT_RESOLVED @ https://w3-graph-w3-graph.w3-globals.dal.app.cirrus.ibm.com/graphql?client-tracking-id=w3-web-carbon&op=getUserNotifications:0
[64319326ms] [ERROR] Failed to load resource: net::ERR_NAME_NOT_RESOLVED @ https://w3-authorization-service.w3-globals.dal.app.cirrus.ibm.com/v1/validate/tokenexp/1783696205:0
[64349094ms] [ERROR] Failed to load resource: net::ERR_NAME_NOT_RESOLVED @ https://w3-graph-w3-graph.w3-globals.dal.app.cirrus.ibm.com/graphql?client-tracking-id=w3-web-carbon&op=getUserNotifications:0
[64499186ms] [ERROR] Failed to load resource: net::ERR_NAME_NOT_RESOLVED @ https://w3-graph-w3-graph.w3-globals.dal.app.cirrus.ibm.com/graphql?client-tracking-id=w3-web-carbon&op=getUserNotifications:0
[64499323ms] [ERROR] Failed to load resource: net::ERR_NAME_NOT_RESOLVED @ https://w3-authorization-service.w3-globals.dal.app.cirrus.ibm.com/v1/validate/tokenexp/1783696205:0
[64649281ms] [ERROR] Failed to load resource: net::ERR_NAME_NOT_RESOLVED @ https://w3-graph-w3-graph.w3-globals.dal.app.cirrus.ibm.com/graphql?client-tracking-id=w3-web-carbon&op=getUserNotifications:0
[64679331ms] [ERROR] Failed to load resource: net::ERR_NAME_NOT_RESOLVED @ https://w3-authorization-service.w3-globals.dal.app.cirrus.ibm.com/v1/validate/tokenexp/1783696205:0
[64799380ms] [ERROR] Failed to load resource: net::ERR_NAME_NOT_RESOLVED @ https://w3-graph-w3-graph.w3-globals.dal.app.cirrus.ibm.com/graphql?client-tracking-id=w3-web-carbon&op=getUserNotifications:0
[64859340ms] [ERROR] Failed to load resource: net::ERR_NAME_NOT_RESOLVED @ https://w3-authorization-service.w3-globals.dal.app.cirrus.ibm.com/v1/validate/tokenexp/1783696205:0
[64949477ms] [ERROR] Failed to load resource: net::ERR_NAME_NOT_RESOLVED @ https://w3-graph-w3-graph.w3-globals.dal.app.cirrus.ibm.com/graphql?client-tracking-id=w3-web-carbon&op=getUserNotifications:0
[65039353ms] [ERROR] Failed to load resource: net::ERR_NAME_NOT_RESOLVED @ https://w3-authorization-service.w3-globals.dal.app.cirrus.ibm.com/v1/validate/tokenexp/1783696205:0
[65099569ms] [ERROR] Failed to load resource: net::ERR_NAME_NOT_RESOLVED @ https://w3-graph-w3-graph.w3-globals.dal.app.cirrus.ibm.com/graphql?client-tracking-id=w3-web-carbon&op=getUserNotifications:0
[65219345ms] [ERROR] Failed to load resource: net::ERR_NAME_NOT_RESOLVED @ https://w3-authorization-service.w3-globals.dal.app.cirrus.ibm.com/v1/validate/tokenexp/1783696205:0
[65249661ms] [ERROR] Failed to load resource: net::ERR_NAME_NOT_RESOLVED @ https://w3-graph-w3-graph.w3-globals.dal.app.cirrus.ibm.com/graphql?client-tracking-id=w3-web-carbon&op=getUserNotifications:0
[65399355ms] [ERROR] Failed to load resource: net::ERR_NAME_NOT_RESOLVED @ https://w3-authorization-service.w3-globals.dal.app.cirrus.ibm.com/v1/validate/tokenexp/1783696205:0
[65399761ms] [ERROR] Failed to load resource: net::ERR_NAME_NOT_RESOLVED @ https://w3-graph-w3-graph.w3-globals.dal.app.cirrus.ibm.com/graphql?client-tracking-id=w3-web-carbon&op=getUserNotifications:0
[65549847ms] [ERROR] Failed to load resource: net::ERR_NAME_NOT_RESOLVED @ https://w3-graph-w3-graph.w3-globals.dal.app.cirrus.ibm.com/graphql?client-tracking-id=w3-web-carbon&op=getUserNotifications:0
[65579346ms] [ERROR] Failed to load resource: net::ERR_NAME_NOT_RESOLVED @ https://w3-authorization-service.w3-globals.dal.app.cirrus.ibm.com/v1/validate/tokenexp/1783696205:0
[65699939ms] [ERROR] Failed to load resource: net::ERR_NAME_NOT_RESOLVED @ https://w3-graph-w3-graph.w3-globals.dal.app.cirrus.ibm.com/graphql?client-tracking-id=w3-web-carbon&op=getUserNotifications:0
[65759350ms] [ERROR] Failed to load resource: net::ERR_NAME_NOT_RESOLVED @ https://w3-authorization-service.w3-globals.dal.app.cirrus.ibm.com/v1/validate/tokenexp/1783696205:0
[65850032ms] [ERROR] Failed to load resource: net::ERR_NAME_NOT_RESOLVED @ https://w3-graph-w3-graph.w3-globals.dal.app.cirrus.ibm.com/graphql?client-tracking-id=w3-web-carbon&op=getUserNotifications:0
[65939356ms] [ERROR] Failed to load resource: net::ERR_NAME_NOT_RESOLVED @ https://w3-authorization-service.w3-globals.dal.app.cirrus.ibm.com/v1/validate/tokenexp/1783696205:0
[66000123ms] [ERROR] Failed to load resource: net::ERR_NAME_NOT_RESOLVED @ https://w3-graph-w3-graph.w3-globals.dal.app.cirrus.ibm.com/graphql?client-tracking-id=w3-web-carbon&op=getUserNotifications:0
[66119351ms] [ERROR] Failed to load resource: net::ERR_NAME_NOT_RESOLVED @ https://w3-authorization-service.w3-globals.dal.app.cirrus.ibm.com/v1/validate/tokenexp/1783696205:0
[66150220ms] [ERROR] Failed to load resource: net::ERR_NAME_NOT_RESOLVED @ https://w3-graph-w3-graph.w3-globals.dal.app.cirrus.ibm.com/graphql?client-tracking-id=w3-web-carbon&op=getUserNotifications:0
[66299397ms] [ERROR] Failed to load resource: net::ERR_NAME_NOT_RESOLVED @ https://w3-authorization-service.w3-globals.dal.app.cirrus.ibm.com/v1/validate/tokenexp/1783696205:0
[66300312ms] [ERROR] Failed to load resource: net::ERR_NAME_NOT_RESOLVED @ https://w3-graph-w3-graph.w3-globals.dal.app.cirrus.ibm.com/graphql?client-tracking-id=w3-web-carbon&op=getUserNotifications:0
[66450410ms] [ERROR] Failed to load resource: net::ERR_NAME_NOT_RESOLVED @ https://w3-graph-w3-graph.w3-globals.dal.app.cirrus.ibm.com/graphql?client-tracking-id=w3-web-carbon&op=getUserNotifications:0
[66479360ms] [ERROR] Failed to load resource: net::ERR_NAME_NOT_RESOLVED @ https://w3-authorization-service.w3-globals.dal.app.cirrus.ibm.com/v1/validate/tokenexp/1783696205:0
[66600497ms] [ERROR] Failed to load resource: net::ERR_NAME_NOT_RESOLVED @ https://w3-graph-w3-graph.w3-globals.dal.app.cirrus.ibm.com/graphql?client-tracking-id=w3-web-carbon&op=getUserNotifications:0
[66659354ms] [ERROR] Failed to load resource: net::ERR_NAME_NOT_RESOLVED @ https://w3-authorization-service.w3-globals.dal.app.cirrus.ibm.com/v1/validate/tokenexp/1783696205:0
[66750591ms] [ERROR] Failed to load resource: net::ERR_NAME_NOT_RESOLVED @ https://w3-graph-w3-graph.w3-globals.dal.app.cirrus.ibm.com/graphql?client-tracking-id=w3-web-carbon&op=getUserNotifications:0
[66839353ms] [ERROR] Failed to load resource: net::ERR_NAME_NOT_RESOLVED @ https://w3-authorization-service.w3-globals.dal.app.cirrus.ibm.com/v1/validate/tokenexp/1783696205:0
[66900714ms] [ERROR] Failed to load resource: net::ERR_NAME_NOT_RESOLVED @ https://w3-graph-w3-graph.w3-globals.dal.app.cirrus.ibm.com/graphql?client-tracking-id=w3-web-carbon&op=getUserNotifications:0
[67019359ms] [ERROR] Failed to load resource: net::ERR_NAME_NOT_RESOLVED @ https://w3-authorization-service.w3-globals.dal.app.cirrus.ibm.com/v1/validate/tokenexp/1783696205:0
[67050803ms] [ERROR] Failed to load resource: net::ERR_NAME_NOT_RESOLVED @ https://w3-graph-w3-graph.w3-globals.dal.app.cirrus.ibm.com/graphql?client-tracking-id=w3-web-carbon&op=getUserNotifications:0
[67199355ms] [ERROR] Failed to load resource: net::ERR_NAME_NOT_RESOLVED @ https://w3-authorization-service.w3-globals.dal.app.cirrus.ibm.com/v1/validate/tokenexp/1783696205:0
[67200879ms] [ERROR] Failed to load resource: net::ERR_NAME_NOT_RESOLVED @ https://w3-graph-w3-graph.w3-globals.dal.app.cirrus.ibm.com/graphql?client-tracking-id=w3-web-carbon&op=getUserNotifications:0
[67350978ms] [ERROR] Failed to load resource: net::ERR_NAME_NOT_RESOLVED @ https://w3-graph-w3-graph.w3-globals.dal.app.cirrus.ibm.com/graphql?client-tracking-id=w3-web-carbon&op=getUserNotifications:0
[67379370ms] [ERROR] Failed to load resource: net::ERR_NAME_NOT_RESOLVED @ https://w3-authorization-service.w3-globals.dal.app.cirrus.ibm.com/v1/validate/tokenexp/1783696205:0
[67501066ms] [ERROR] Failed to load resource: net::ERR_NAME_NOT_RESOLVED @ https://w3-graph-w3-graph.w3-globals.dal.app.cirrus.ibm.com/graphql?client-tracking-id=w3-web-carbon&op=getUserNotifications:0
[67559368ms] [ERROR] Failed to load resource: net::ERR_NAME_NOT_RESOLVED @ https://w3-authorization-service.w3-globals.dal.app.cirrus.ibm.com/v1/validate/tokenexp/1783696205:0
[67651154ms] [ERROR] Failed to load resource: net::ERR_NAME_NOT_RESOLVED @ https://w3-graph-w3-graph.w3-globals.dal.app.cirrus.ibm.com/graphql?client-tracking-id=w3-web-carbon&op=getUserNotifications:0
[67739359ms] [ERROR] Failed to load resource: net::ERR_NAME_NOT_RESOLVED @ https://w3-authorization-service.w3-globals.dal.app.cirrus.ibm.com/v1/validate/tokenexp/1783696205:0
[67801242ms] [ERROR] Failed to load resource: net::ERR_NAME_NOT_RESOLVED @ https://w3-graph-w3-graph.w3-globals.dal.app.cirrus.ibm.com/graphql?client-tracking-id=w3-web-carbon&op=getUserNotifications:0
[67919376ms] [ERROR] Failed to load resource: net::ERR_NAME_NOT_RESOLVED @ https://w3-authorization-service.w3-globals.dal.app.cirrus.ibm.com/v1/validate/tokenexp/1783696205:0
[67951336ms] [ERROR] Failed to load resource: net::ERR_NAME_NOT_RESOLVED @ https://w3-graph-w3-graph.w3-globals.dal.app.cirrus.ibm.com/graphql?client-tracking-id=w3-web-carbon&op=getUserNotifications:0
[68099378ms] [ERROR] Failed to load resource: net::ERR_NAME_NOT_RESOLVED @ https://w3-authorization-service.w3-globals.dal.app.cirrus.ibm.com/v1/validate/tokenexp/1783696205:0
[68101424ms] [ERROR] Failed to load resource: net::ERR_NAME_NOT_RESOLVED @ https://w3-graph-w3-graph.w3-globals.dal.app.cirrus.ibm.com/graphql?client-tracking-id=w3-web-carbon&op=getUserNotifications:0
[68251512ms] [ERROR] Failed to load resource: net::ERR_NAME_NOT_RESOLVED @ https://w3-graph-w3-graph.w3-globals.dal.app.cirrus.ibm.com/graphql?client-tracking-id=w3-web-carbon&op=getUserNotifications:0
[68279381ms] [ERROR] Failed to load resource: net::ERR_NAME_NOT_RESOLVED @ https://w3-authorization-service.w3-globals.dal.app.cirrus.ibm.com/v1/validate/tokenexp/1783696205:0
[68401601ms] [ERROR] Failed to load resource: net::ERR_NAME_NOT_RESOLVED @ https://w3-graph-w3-graph.w3-globals.dal.app.cirrus.ibm.com/graphql?client-tracking-id=w3-web-carbon&op=getUserNotifications:0
[68459368ms] [ERROR] Failed to load resource: net::ERR_NAME_NOT_RESOLVED @ https://w3-authorization-service.w3-globals.dal.app.cirrus.ibm.com/v1/validate/tokenexp/1783696205:0
[68551694ms] [ERROR] Failed to load resource: net::ERR_NAME_NOT_RESOLVED @ https://w3-graph-w3-graph.w3-globals.dal.app.cirrus.ibm.com/graphql?client-tracking-id=w3-web-carbon&op=getUserNotifications:0
[68639376ms] [ERROR] Failed to load resource: net::ERR_NAME_NOT_RESOLVED @ https://w3-authorization-service.w3-globals.dal.app.cirrus.ibm.com/v1/validate/tokenexp/1783696205:0
[68701779ms] [ERROR] Failed to load resource: net::ERR_NAME_NOT_RESOLVED @ https://w3-graph-w3-graph.w3-globals.dal.app.cirrus.ibm.com/graphql?client-tracking-id=w3-web-carbon&op=getUserNotifications:0
[68819373ms] [ERROR] Failed to load resource: net::ERR_NAME_NOT_RESOLVED @ https://w3-authorization-service.w3-globals.dal.app.cirrus.ibm.com/v1/validate/tokenexp/1783696205:0
[68851876ms] [ERROR] Failed to load resource: net::ERR_NAME_NOT_RESOLVED @ https://w3-graph-w3-graph.w3-globals.dal.app.cirrus.ibm.com/graphql?client-tracking-id=w3-web-carbon&op=getUserNotifications:0
[68999384ms] [ERROR] Failed to load resource: net::ERR_NAME_NOT_RESOLVED @ https://w3-authorization-service.w3-globals.dal.app.cirrus.ibm.com/v1/validate/tokenexp/1783696205:0
[69001966ms] [ERROR] Failed to load resource: net::ERR_NAME_NOT_RESOLVED @ https://w3-graph-w3-graph.w3-globals.dal.app.cirrus.ibm.com/graphql?client-tracking-id=w3-web-carbon&op=getUserNotifications:0
[69152063ms] [ERROR] Failed to load resource: net::ERR_NAME_NOT_RESOLVED @ https://w3-graph-w3-graph.w3-globals.dal.app.cirrus.ibm.com/graphql?client-tracking-id=w3-web-carbon&op=getUserNotifications:0
[69179375ms] [ERROR] Failed to load resource: net::ERR_NAME_NOT_RESOLVED @ https://w3-authorization-service.w3-globals.dal.app.cirrus.ibm.com/v1/validate/tokenexp/1783696205:0
[69302155ms] [ERROR] Failed to load resource: net::ERR_NAME_NOT_RESOLVED @ https://w3-graph-w3-graph.w3-globals.dal.app.cirrus.ibm.com/graphql?client-tracking-id=w3-web-carbon&op=getUserNotifications:0
[69359370ms] [ERROR] Failed to load resource: net::ERR_NAME_NOT_RESOLVED @ https://w3-authorization-service.w3-globals.dal.app.cirrus.ibm.com/v1/validate/tokenexp/1783696205:0
[69452245ms] [ERROR] Failed to load resource: net::ERR_NAME_NOT_RESOLVED @ https://w3-graph-w3-graph.w3-globals.dal.app.cirrus.ibm.com/graphql?client-tracking-id=w3-web-carbon&op=getUserNotifications:0
[69539366ms] [ERROR] Failed to load resource: net::ERR_NAME_NOT_RESOLVED @ https://w3-authorization-service.w3-globals.dal.app.cirrus.ibm.com/v1/validate/tokenexp/1783696205:0
[69602333ms] [ERROR] Failed to load resource: net::ERR_NAME_NOT_RESOLVED @ https://w3-graph-w3-graph.w3-globals.dal.app.cirrus.ibm.com/graphql?client-tracking-id=w3-web-carbon&op=getUserNotifications:0
[69719397ms] [ERROR] Failed to load resource: net::ERR_NAME_NOT_RESOLVED @ https://w3-authorization-service.w3-globals.dal.app.cirrus.ibm.com/v1/validate/tokenexp/1783696205:0
[69752431ms] [ERROR] Failed to load resource: net::ERR_NAME_NOT_RESOLVED @ https://w3-graph-w3-graph.w3-globals.dal.app.cirrus.ibm.com/graphql?client-tracking-id=w3-web-carbon&op=getUserNotifications:0
[69899378ms] [ERROR] Failed to load resource: net::ERR_NAME_NOT_RESOLVED @ https://w3-authorization-service.w3-globals.dal.app.cirrus.ibm.com/v1/validate/tokenexp/1783696205:0
[69902525ms] [ERROR] Failed to load resource: net::ERR_NAME_NOT_RESOLVED @ https://w3-graph-w3-graph.w3-globals.dal.app.cirrus.ibm.com/graphql?client-tracking-id=w3-web-carbon&op=getUserNotifications:0
[70052616ms] [ERROR] Failed to load resource: net::ERR_NAME_NOT_RESOLVED @ https://w3-graph-w3-graph.w3-globals.dal.app.cirrus.ibm.com/graphql?client-tracking-id=w3-web-carbon&op=getUserNotifications:0
[70079377ms] [ERROR] Failed to load resource: net::ERR_NAME_NOT_RESOLVED @ https://w3-authorization-service.w3-globals.dal.app.cirrus.ibm.com/v1/validate/tokenexp/1783696205:0
[70202714ms] [ERROR] Failed to load resource: net::ERR_NAME_NOT_RESOLVED @ https://w3-graph-w3-graph.w3-globals.dal.app.cirrus.ibm.com/graphql?client-tracking-id=w3-web-carbon&op=getUserNotifications:0
[70259361ms] [ERROR] Failed to load resource: net::ERR_NAME_NOT_RESOLVED @ https://w3-authorization-service.w3-globals.dal.app.cirrus.ibm.com/v1/validate/tokenexp/1783696205:0
[70352792ms] [ERROR] Failed to load resource: net::ERR_NAME_NOT_RESOLVED @ https://w3-graph-w3-graph.w3-globals.dal.app.cirrus.ibm.com/graphql?client-tracking-id=w3-web-carbon&op=getUserNotifications:0
[70439352ms] [ERROR] Failed to load resource: net::ERR_NAME_NOT_RESOLVED @ https://w3-authorization-service.w3-globals.dal.app.cirrus.ibm.com/v1/validate/tokenexp/1783696205:0
[70502917ms] [ERROR] Failed to load resource: net::ERR_NAME_NOT_RESOLVED @ https://w3-graph-w3-graph.w3-globals.dal.app.cirrus.ibm.com/graphql?client-tracking-id=w3-web-carbon&op=getUserNotifications:0
[70619399ms] [ERROR] Failed to load resource: net::ERR_NAME_NOT_RESOLVED @ https://w3-authorization-service.w3-globals.dal.app.cirrus.ibm.com/v1/validate/tokenexp/1783696205:0
[70653015ms] [ERROR] Failed to load resource: net::ERR_NAME_NOT_RESOLVED @ https://w3-graph-w3-graph.w3-globals.dal.app.cirrus.ibm.com/graphql?client-tracking-id=w3-web-carbon&op=getUserNotifications:0
[70799351ms] [ERROR] Failed to load resource: net::ERR_NAME_NOT_RESOLVED @ https://w3-authorization-service.w3-globals.dal.app.cirrus.ibm.com/v1/validate/tokenexp/1783696205:0
[70803110ms] [ERROR] Failed to load resource: net::ERR_NAME_NOT_RESOLVED @ https://w3-graph-w3-graph.w3-globals.dal.app.cirrus.ibm.com/graphql?client-tracking-id=w3-web-carbon&op=getUserNotifications:0
[70953193ms] [ERROR] Failed to load resource: net::ERR_NAME_NOT_RESOLVED @ https://w3-graph-w3-graph.w3-globals.dal.app.cirrus.ibm.com/graphql?client-tracking-id=w3-web-carbon&op=getUserNotifications:0
[70979356ms] [ERROR] Failed to load resource: net::ERR_NAME_NOT_RESOLVED @ https://w3-authorization-service.w3-globals.dal.app.cirrus.ibm.com/v1/validate/tokenexp/1783696205:0
[71103285ms] [ERROR] Failed to load resource: net::ERR_NAME_NOT_RESOLVED @ https://w3-graph-w3-graph.w3-globals.dal.app.cirrus.ibm.com/graphql?client-tracking-id=w3-web-carbon&op=getUserNotifications:0
[71159351ms] [ERROR] Failed to load resource: net::ERR_NAME_NOT_RESOLVED @ https://w3-authorization-service.w3-globals.dal.app.cirrus.ibm.com/v1/validate/tokenexp/1783696205:0
[71253373ms] [ERROR] Failed to load resource: net::ERR_NAME_NOT_RESOLVED @ https://w3-graph-w3-graph.w3-globals.dal.app.cirrus.ibm.com/graphql?client-tracking-id=w3-web-carbon&op=getUserNotifications:0
[71339350ms] [ERROR] Failed to load resource: net::ERR_NAME_NOT_RESOLVED @ https://w3-authorization-service.w3-globals.dal.app.cirrus.ibm.com/v1/validate/tokenexp/1783696205:0
[71403464ms] [ERROR] Failed to load resource: net::ERR_NAME_NOT_RESOLVED @ https://w3-graph-w3-graph.w3-globals.dal.app.cirrus.ibm.com/graphql?client-tracking-id=w3-web-carbon&op=getUserNotifications:0
[71519350ms] [ERROR] Failed to load resource: net::ERR_NAME_NOT_RESOLVED @ https://w3-authorization-service.w3-globals.dal.app.cirrus.ibm.com/v1/validate/tokenexp/1783696205:0
[71553546ms] [ERROR] Failed to load resource: net::ERR_NAME_NOT_RESOLVED @ https://w3-graph-w3-graph.w3-globals.dal.app.cirrus.ibm.com/graphql?client-tracking-id=w3-web-carbon&op=getUserNotifications:0
[71699356ms] [ERROR] Failed to load resource: net::ERR_NAME_NOT_RESOLVED @ https://w3-authorization-service.w3-globals.dal.app.cirrus.ibm.com/v1/validate/tokenexp/1783696205:0
[71703636ms] [ERROR] Failed to load resource: net::ERR_NAME_NOT_RESOLVED @ https://w3-graph-w3-graph.w3-globals.dal.app.cirrus.ibm.com/graphql?client-tracking-id=w3-web-carbon&op=getUserNotifications:0
[71853739ms] [ERROR] Failed to load resource: net::ERR_NAME_NOT_RESOLVED @ https://w3-graph-w3-graph.w3-globals.dal.app.cirrus.ibm.com/graphql?client-tracking-id=w3-web-carbon&op=getUserNotifications:0
[71879366ms] [ERROR] Failed to load resource: net::ERR_NAME_NOT_RESOLVED @ https://w3-authorization-service.w3-globals.dal.app.cirrus.ibm.com/v1/validate/tokenexp/1783696205:0
[72003840ms] [ERROR] Failed to load resource: net::ERR_NAME_NOT_RESOLVED @ https://w3-graph-w3-graph.w3-globals.dal.app.cirrus.ibm.com/graphql?client-tracking-id=w3-web-carbon&op=getUserNotifications:0
[72059375ms] [ERROR] Failed to load resource: net::ERR_NAME_NOT_RESOLVED @ https://w3-authorization-service.w3-globals.dal.app.cirrus.ibm.com/v1/validate/tokenexp/1783696205:0
[72153952ms] [ERROR] Failed to load resource: net::ERR_NAME_NOT_RESOLVED @ https://w3-graph-w3-graph.w3-globals.dal.app.cirrus.ibm.com/graphql?client-tracking-id=w3-web-carbon&op=getUserNotifications:0
[72239367ms] [ERROR] Failed to load resource: net::ERR_NAME_NOT_RESOLVED @ https://w3-authorization-service.w3-globals.dal.app.cirrus.ibm.com/v1/validate/tokenexp/1783696205:0
[72304050ms] [ERROR] Failed to load resource: net::ERR_NAME_NOT_RESOLVED @ https://w3-graph-w3-graph.w3-globals.dal.app.cirrus.ibm.com/graphql?client-tracking-id=w3-web-carbon&op=getUserNotifications:0
[72419379ms] [ERROR] Failed to load resource: net::ERR_NAME_NOT_RESOLVED @ https://w3-authorization-service.w3-globals.dal.app.cirrus.ibm.com/v1/validate/tokenexp/1783696205:0
[72454145ms] [ERROR] Failed to load resource: net::ERR_NAME_NOT_RESOLVED @ https://w3-graph-w3-graph.w3-globals.dal.app.cirrus.ibm.com/graphql?client-tracking-id=w3-web-carbon&op=getUserNotifications:0
[72599385ms] [ERROR] Failed to load resource: net::ERR_NAME_NOT_RESOLVED @ https://w3-authorization-service.w3-globals.dal.app.cirrus.ibm.com/v1/validate/tokenexp/1783696205:0
[72604236ms] [ERROR] Failed to load resource: net::ERR_NAME_NOT_RESOLVED @ https://w3-graph-w3-graph.w3-globals.dal.app.cirrus.ibm.com/graphql?client-tracking-id=w3-web-carbon&op=getUserNotifications:0
[72754339ms] [ERROR] Failed to load resource: net::ERR_NAME_NOT_RESOLVED @ https://w3-graph-w3-graph.w3-globals.dal.app.cirrus.ibm.com/graphql?client-tracking-id=w3-web-carbon&op=getUserNotifications:0
[72779393ms] [ERROR] Failed to load resource: net::ERR_NAME_NOT_RESOLVED @ https://w3-authorization-service.w3-globals.dal.app.cirrus.ibm.com/v1/validate/tokenexp/1783696205:0
[72904431ms] [ERROR] Failed to load resource: net::ERR_NAME_NOT_RESOLVED @ https://w3-graph-w3-graph.w3-globals.dal.app.cirrus.ibm.com/graphql?client-tracking-id=w3-web-carbon&op=getUserNotifications:0
[72959381ms] [ERROR] Failed to load resource: net::ERR_NAME_NOT_RESOLVED @ https://w3-authorization-service.w3-globals.dal.app.cirrus.ibm.com/v1/validate/tokenexp/1783696205:0
[73054525ms] [ERROR] Failed to load resource: net::ERR_NAME_NOT_RESOLVED @ https://w3-graph-w3-graph.w3-globals.dal.app.cirrus.ibm.com/graphql?client-tracking-id=w3-web-carbon&op=getUserNotifications:0
[73139368ms] [ERROR] Failed to load resource: net::ERR_NAME_NOT_RESOLVED @ https://w3-authorization-service.w3-globals.dal.app.cirrus.ibm.com/v1/validate/tokenexp/1783696205:0
[73204616ms] [ERROR] Failed to load resource: net::ERR_NAME_NOT_RESOLVED @ https://w3-graph-w3-graph.w3-globals.dal.app.cirrus.ibm.com/graphql?client-tracking-id=w3-web-carbon&op=getUserNotifications:0
[73319371ms] [ERROR] Failed to load resource: net::ERR_NAME_NOT_RESOLVED @ https://w3-authorization-service.w3-globals.dal.app.cirrus.ibm.com/v1/validate/tokenexp/1783696205:0
[73354707ms] [ERROR] Failed to load resource: net::ERR_NAME_NOT_RESOLVED @ https://w3-graph-w3-graph.w3-globals.dal.app.cirrus.ibm.com/graphql?client-tracking-id=w3-web-carbon&op=getUserNotifications:0
[73499393ms] [ERROR] Failed to load resource: net::ERR_NAME_NOT_RESOLVED @ https://w3-authorization-service.w3-globals.dal.app.cirrus.ibm.com/v1/validate/tokenexp/1783696205:0
[73504780ms] [ERROR] Failed to load resource: net::ERR_NAME_NOT_RESOLVED @ https://w3-graph-w3-graph.w3-globals.dal.app.cirrus.ibm.com/graphql?client-tracking-id=w3-web-carbon&op=getUserNotifications:0
[73654867ms] [ERROR] Failed to load resource: net::ERR_NAME_NOT_RESOLVED @ https://w3-graph-w3-graph.w3-globals.dal.app.cirrus.ibm.com/graphql?client-tracking-id=w3-web-carbon&op=getUserNotifications:0
[73679390ms] [ERROR] Failed to load resource: net::ERR_NAME_NOT_RESOLVED @ https://w3-authorization-service.w3-globals.dal.app.cirrus.ibm.com/v1/validate/tokenexp/1783696205:0
[73804961ms] [ERROR] Failed to load resource: net::ERR_NAME_NOT_RESOLVED @ https://w3-graph-w3-graph.w3-globals.dal.app.cirrus.ibm.com/graphql?client-tracking-id=w3-web-carbon&op=getUserNotifications:0
[73859373ms] [ERROR] Failed to load resource: net::ERR_NAME_NOT_RESOLVED @ https://w3-authorization-service.w3-globals.dal.app.cirrus.ibm.com/v1/validate/tokenexp/1783696205:0
[73955052ms] [ERROR] Failed to load resource: net::ERR_NAME_NOT_RESOLVED @ https://w3-graph-w3-graph.w3-globals.dal.app.cirrus.ibm.com/graphql?client-tracking-id=w3-web-carbon&op=getUserNotifications:0
[74039354ms] [ERROR] Failed to load resource: net::ERR_NAME_NOT_RESOLVED @ https://w3-authorization-service.w3-globals.dal.app.cirrus.ibm.com/v1/validate/tokenexp/1783696205:0
[74105167ms] [ERROR] Failed to load resource: net::ERR_NAME_NOT_RESOLVED @ https://w3-graph-w3-graph.w3-globals.dal.app.cirrus.ibm.com/graphql?client-tracking-id=w3-web-carbon&op=getUserNotifications:0
[74219357ms] [ERROR] Failed to load resource: net::ERR_NAME_NOT_RESOLVED @ https://w3-authorization-service.w3-globals.dal.app.cirrus.ibm.com/v1/validate/tokenexp/1783696205:0
[74255263ms] [ERROR] Failed to load resource: net::ERR_NAME_NOT_RESOLVED @ https://w3-graph-w3-graph.w3-globals.dal.app.cirrus.ibm.com/graphql?client-tracking-id=w3-web-carbon&op=getUserNotifications:0
[74399346ms] [ERROR] Failed to load resource: net::ERR_NAME_NOT_RESOLVED @ https://w3-authorization-service.w3-globals.dal.app.cirrus.ibm.com/v1/validate/tokenexp/1783696205:0
[74405345ms] [ERROR] Failed to load resource: net::ERR_NAME_NOT_RESOLVED @ https://w3-graph-w3-graph.w3-globals.dal.app.cirrus.ibm.com/graphql?client-tracking-id=w3-web-carbon&op=getUserNotifications:0
[74555438ms] [ERROR] Failed to load resource: net::ERR_NAME_NOT_RESOLVED @ https://w3-graph-w3-graph.w3-globals.dal.app.cirrus.ibm.com/graphql?client-tracking-id=w3-web-carbon&op=getUserNotifications:0
[74579361ms] [ERROR] Failed to load resource: net::ERR_NAME_NOT_RESOLVED @ https://w3-authorization-service.w3-globals.dal.app.cirrus.ibm.com/v1/validate/tokenexp/1783696205:0
[74705522ms] [ERROR] Failed to load resource: net::ERR_NAME_NOT_RESOLVED @ https://w3-graph-w3-graph.w3-globals.dal.app.cirrus.ibm.com/graphql?client-tracking-id=w3-web-carbon&op=getUserNotifications:0
[74759349ms] [ERROR] Failed to load resource: net::ERR_NAME_NOT_RESOLVED @ https://w3-authorization-service.w3-globals.dal.app.cirrus.ibm.com/v1/validate/tokenexp/1783696205:0
[74855597ms] [ERROR] Failed to load resource: net::ERR_NAME_NOT_RESOLVED @ https://w3-graph-w3-graph.w3-globals.dal.app.cirrus.ibm.com/graphql?client-tracking-id=w3-web-carbon&op=getUserNotifications:0
[74939340ms] [ERROR] Failed to load resource: net::ERR_NAME_NOT_RESOLVED @ https://w3-authorization-service.w3-globals.dal.app.cirrus.ibm.com/v1/validate/tokenexp/1783696205:0
[75005670ms] [ERROR] Failed to load resource: net::ERR_NAME_NOT_RESOLVED @ https://w3-graph-w3-graph.w3-globals.dal.app.cirrus.ibm.com/graphql?client-tracking-id=w3-web-carbon&op=getUserNotifications:0
[75119333ms] [ERROR] Failed to load resource: net::ERR_NAME_NOT_RESOLVED @ https://w3-authorization-service.w3-globals.dal.app.cirrus.ibm.com/v1/validate/tokenexp/1783696205:0
[75155767ms] [ERROR] Failed to load resource: net::ERR_NAME_NOT_RESOLVED @ https://w3-graph-w3-graph.w3-globals.dal.app.cirrus.ibm.com/graphql?client-tracking-id=w3-web-carbon&op=getUserNotifications:0
[75299326ms] [ERROR] Failed to load resource: net::ERR_NAME_NOT_RESOLVED @ https://w3-authorization-service.w3-globals.dal.app.cirrus.ibm.com/v1/validate/tokenexp/1783696205:0
[75305858ms] [ERROR] Failed to load resource: net::ERR_NAME_NOT_RESOLVED @ https://w3-graph-w3-graph.w3-globals.dal.app.cirrus.ibm.com/graphql?client-tracking-id=w3-web-carbon&op=getUserNotifications:0
[75455952ms] [ERROR] Failed to load resource: net::ERR_NAME_NOT_RESOLVED @ https://w3-graph-w3-graph.w3-globals.dal.app.cirrus.ibm.com/graphql?client-tracking-id=w3-web-carbon&op=getUserNotifications:0
[75479328ms] [ERROR] Failed to load resource: net::ERR_NAME_NOT_RESOLVED @ https://w3-authorization-service.w3-globals.dal.app.cirrus.ibm.com/v1/validate/tokenexp/1783696205:0
[75606043ms] [ERROR] Failed to load resource: net::ERR_NAME_NOT_RESOLVED @ https://w3-graph-w3-graph.w3-globals.dal.app.cirrus.ibm.com/graphql?client-tracking-id=w3-web-carbon&op=getUserNotifications:0
[75659326ms] [ERROR] Failed to load resource: net::ERR_NAME_NOT_RESOLVED @ https://w3-authorization-service.w3-globals.dal.app.cirrus.ibm.com/v1/validate/tokenexp/1783696205:0
[75756153ms] [ERROR] Failed to load resource: net::ERR_NAME_NOT_RESOLVED @ https://w3-graph-w3-graph.w3-globals.dal.app.cirrus.ibm.com/graphql?client-tracking-id=w3-web-carbon&op=getUserNotifications:0
[75839321ms] [ERROR] Failed to load resource: net::ERR_NAME_NOT_RESOLVED @ https://w3-authorization-service.w3-globals.dal.app.cirrus.ibm.com/v1/validate/tokenexp/1783696205:0
[75906231ms] [ERROR] Failed to load resource: net::ERR_NAME_NOT_RESOLVED @ https://w3-graph-w3-graph.w3-globals.dal.app.cirrus.ibm.com/graphql?client-tracking-id=w3-web-carbon&op=getUserNotifications:0
[76019330ms] [ERROR] Failed to load resource: net::ERR_NAME_NOT_RESOLVED @ https://w3-authorization-service.w3-globals.dal.app.cirrus.ibm.com/v1/validate/tokenexp/1783696205:0
[76056391ms] [ERROR] Failed to load resource: net::ERR_NAME_NOT_RESOLVED @ https://w3-graph-w3-graph.w3-globals.dal.app.cirrus.ibm.com/graphql?client-tracking-id=w3-web-carbon&op=getUserNotifications:0
[76199333ms] [ERROR] Failed to load resource: net::ERR_NAME_NOT_RESOLVED @ https://w3-authorization-service.w3-globals.dal.app.cirrus.ibm.com/v1/validate/tokenexp/1783696205:0
[76206484ms] [ERROR] Failed to load resource: net::ERR_NAME_NOT_RESOLVED @ https://w3-graph-w3-graph.w3-globals.dal.app.cirrus.ibm.com/graphql?client-tracking-id=w3-web-carbon&op=getUserNotifications:0
[76356575ms] [ERROR] Failed to load resource: net::ERR_NAME_NOT_RESOLVED @ https://w3-graph-w3-graph.w3-globals.dal.app.cirrus.ibm.com/graphql?client-tracking-id=w3-web-carbon&op=getUserNotifications:0
[76379321ms] [ERROR] Failed to load resource: net::ERR_NAME_NOT_RESOLVED @ https://w3-authorization-service.w3-globals.dal.app.cirrus.ibm.com/v1/validate/tokenexp/1783696205:0
[76506663ms] [ERROR] Failed to load resource: net::ERR_NAME_NOT_RESOLVED @ https://w3-graph-w3-graph.w3-globals.dal.app.cirrus.ibm.com/graphql?client-tracking-id=w3-web-carbon&op=getUserNotifications:0
[76559356ms] [ERROR] Failed to load resource: net::ERR_NAME_NOT_RESOLVED @ https://w3-authorization-service.w3-globals.dal.app.cirrus.ibm.com/v1/validate/tokenexp/1783696205:0
[76656796ms] [ERROR] Failed to load resource: net::ERR_NAME_NOT_RESOLVED @ https://w3-graph-w3-graph.w3-globals.dal.app.cirrus.ibm.com/graphql?client-tracking-id=w3-web-carbon&op=getUserNotifications:0
[76739355ms] [ERROR] Failed to load resource: net::ERR_NAME_NOT_RESOLVED @ https://w3-authorization-service.w3-globals.dal.app.cirrus.ibm.com/v1/validate/tokenexp/1783696205:0
[76806885ms] [ERROR] Failed to load resource: net::ERR_NAME_NOT_RESOLVED @ https://w3-graph-w3-graph.w3-globals.dal.app.cirrus.ibm.com/graphql?client-tracking-id=w3-web-carbon&op=getUserNotifications:0
[76919386ms] [ERROR] Failed to load resource: net::ERR_NAME_NOT_RESOLVED @ https://w3-authorization-service.w3-globals.dal.app.cirrus.ibm.com/v1/validate/tokenexp/1783696205:0
[76956985ms] [ERROR] Failed to load resource: net::ERR_NAME_NOT_RESOLVED @ https://w3-graph-w3-graph.w3-globals.dal.app.cirrus.ibm.com/graphql?client-tracking-id=w3-web-carbon&op=getUserNotifications:0
[77099357ms] [ERROR] Failed to load resource: net::ERR_NAME_NOT_RESOLVED @ https://w3-authorization-service.w3-globals.dal.app.cirrus.ibm.com/v1/validate/tokenexp/1783696205:0
[77107066ms] [ERROR] Failed to load resource: net::ERR_NAME_NOT_RESOLVED @ https://w3-graph-w3-graph.w3-globals.dal.app.cirrus.ibm.com/graphql?client-tracking-id=w3-web-carbon&op=getUserNotifications:0
[77257155ms] [ERROR] Failed to load resource: net::ERR_NAME_NOT_RESOLVED @ https://w3-graph-w3-graph.w3-globals.dal.app.cirrus.ibm.com/graphql?client-tracking-id=w3-web-carbon&op=getUserNotifications:0
[77279362ms] [ERROR] Failed to load resource: net::ERR_NAME_NOT_RESOLVED @ https://w3-authorization-service.w3-globals.dal.app.cirrus.ibm.com/v1/validate/tokenexp/1783696205:0
[77407248ms] [ERROR] Failed to load resource: net::ERR_NAME_NOT_RESOLVED @ https://w3-graph-w3-graph.w3-globals.dal.app.cirrus.ibm.com/graphql?client-tracking-id=w3-web-carbon&op=getUserNotifications:0
[77459354ms] [ERROR] Failed to load resource: net::ERR_NAME_NOT_RESOLVED @ https://w3-authorization-service.w3-globals.dal.app.cirrus.ibm.com/v1/validate/tokenexp/1783696205:0
[77557332ms] [ERROR] Failed to load resource: net::ERR_NAME_NOT_RESOLVED @ https://w3-graph-w3-graph.w3-globals.dal.app.cirrus.ibm.com/graphql?client-tracking-id=w3-web-carbon&op=getUserNotifications:0
[77639364ms] [ERROR] Failed to load resource: net::ERR_NAME_NOT_RESOLVED @ https://w3-authorization-service.w3-globals.dal.app.cirrus.ibm.com/v1/validate/tokenexp/1783696205:0
[77707457ms] [ERROR] Failed to load resource: net::ERR_NAME_NOT_RESOLVED @ https://w3-graph-w3-graph.w3-globals.dal.app.cirrus.ibm.com/graphql?client-tracking-id=w3-web-carbon&op=getUserNotifications:0
[77819363ms] [ERROR] Failed to load resource: net::ERR_NAME_NOT_RESOLVED @ https://w3-authorization-service.w3-globals.dal.app.cirrus.ibm.com/v1/validate/tokenexp/1783696205:0
[77857537ms] [ERROR] Failed to load resource: net::ERR_NAME_NOT_RESOLVED @ https://w3-graph-w3-graph.w3-globals.dal.app.cirrus.ibm.com/graphql?client-tracking-id=w3-web-carbon&op=getUserNotifications:0
[77999363ms] [ERROR] Failed to load resource: net::ERR_NAME_NOT_RESOLVED @ https://w3-authorization-service.w3-globals.dal.app.cirrus.ibm.com/v1/validate/tokenexp/1783696205:0
[78007628ms] [ERROR] Failed to load resource: net::ERR_NAME_NOT_RESOLVED @ https://w3-graph-w3-graph.w3-globals.dal.app.cirrus.ibm.com/graphql?client-tracking-id=w3-web-carbon&op=getUserNotifications:0
[78157734ms] [ERROR] Failed to load resource: net::ERR_NAME_NOT_RESOLVED @ https://w3-graph-w3-graph.w3-globals.dal.app.cirrus.ibm.com/graphql?client-tracking-id=w3-web-carbon&op=getUserNotifications:0
[78179376ms] [ERROR] Failed to load resource: net::ERR_NAME_NOT_RESOLVED @ https://w3-authorization-service.w3-globals.dal.app.cirrus.ibm.com/v1/validate/tokenexp/1783696205:0
[78307832ms] [ERROR] Failed to load resource: net::ERR_NAME_NOT_RESOLVED @ https://w3-graph-w3-graph.w3-globals.dal.app.cirrus.ibm.com/graphql?client-tracking-id=w3-web-carbon&op=getUserNotifications:0
[78359378ms] [ERROR] Failed to load resource: net::ERR_NAME_NOT_RESOLVED @ https://w3-authorization-service.w3-globals.dal.app.cirrus.ibm.com/v1/validate/tokenexp/1783696205:0
[78457921ms] [ERROR] Failed to load resource: net::ERR_NAME_NOT_RESOLVED @ https://w3-graph-w3-graph.w3-globals.dal.app.cirrus.ibm.com/graphql?client-tracking-id=w3-web-carbon&op=getUserNotifications:0
[78539380ms] [ERROR] Failed to load resource: net::ERR_NAME_NOT_RESOLVED @ https://w3-authorization-service.w3-globals.dal.app.cirrus.ibm.com/v1/validate/tokenexp/1783696205:0
[78608012ms] [ERROR] Failed to load resource: net::ERR_NAME_NOT_RESOLVED @ https://w3-graph-w3-graph.w3-globals.dal.app.cirrus.ibm.com/graphql?client-tracking-id=w3-web-carbon&op=getUserNotifications:0
[78719388ms] [ERROR] Failed to load resource: net::ERR_NAME_NOT_RESOLVED @ https://w3-authorization-service.w3-globals.dal.app.cirrus.ibm.com/v1/validate/tokenexp/1783696205:0
[78758106ms] [ERROR] Failed to load resource: net::ERR_NAME_NOT_RESOLVED @ https://w3-graph-w3-graph.w3-globals.dal.app.cirrus.ibm.com/graphql?client-tracking-id=w3-web-carbon&op=getUserNotifications:0
[78899381ms] [ERROR] Failed to load resource: net::ERR_NAME_NOT_RESOLVED @ https://w3-authorization-service.w3-globals.dal.app.cirrus.ibm.com/v1/validate/tokenexp/1783696205:0
[78908197ms] [ERROR] Failed to load resource: net::ERR_NAME_NOT_RESOLVED @ https://w3-graph-w3-graph.w3-globals.dal.app.cirrus.ibm.com/graphql?client-tracking-id=w3-web-carbon&op=getUserNotifications:0
[79058290ms] [ERROR] Failed to load resource: net::ERR_NAME_NOT_RESOLVED @ https://w3-graph-w3-graph.w3-globals.dal.app.cirrus.ibm.com/graphql?client-tracking-id=w3-web-carbon&op=getUserNotifications:0
[79079383ms] [ERROR] Failed to load resource: net::ERR_NAME_NOT_RESOLVED @ https://w3-authorization-service.w3-globals.dal.app.cirrus.ibm.com/v1/validate/tokenexp/1783696205:0
[79208375ms] [ERROR] Failed to load resource: net::ERR_NAME_NOT_RESOLVED @ https://w3-graph-w3-graph.w3-globals.dal.app.cirrus.ibm.com/graphql?client-tracking-id=w3-web-carbon&op=getUserNotifications:0
[79259382ms] [ERROR] Failed to load resource: net::ERR_NAME_NOT_RESOLVED @ https://w3-authorization-service.w3-globals.dal.app.cirrus.ibm.com/v1/validate/tokenexp/1783696205:0
[79358472ms] [ERROR] Failed to load resource: net::ERR_NAME_NOT_RESOLVED @ https://w3-graph-w3-graph.w3-globals.dal.app.cirrus.ibm.com/graphql?client-tracking-id=w3-web-carbon&op=getUserNotifications:0
[79439384ms] [ERROR] Failed to load resource: net::ERR_NAME_NOT_RESOLVED @ https://w3-authorization-service.w3-globals.dal.app.cirrus.ibm.com/v1/validate/tokenexp/1783696205:0
[79508555ms] [ERROR] Failed to load resource: net::ERR_NAME_NOT_RESOLVED @ https://w3-graph-w3-graph.w3-globals.dal.app.cirrus.ibm.com/graphql?client-tracking-id=w3-web-carbon&op=getUserNotifications:0
[79619392ms] [ERROR] Failed to load resource: net::ERR_NAME_NOT_RESOLVED @ https://w3-authorization-service.w3-globals.dal.app.cirrus.ibm.com/v1/validate/tokenexp/1783696205:0
[79658653ms] [ERROR] Failed to load resource: net::ERR_NAME_NOT_RESOLVED @ https://w3-graph-w3-graph.w3-globals.dal.app.cirrus.ibm.com/graphql?client-tracking-id=w3-web-carbon&op=getUserNotifications:0
[79799398ms] [ERROR] Failed to load resource: net::ERR_NAME_NOT_RESOLVED @ https://w3-authorization-service.w3-globals.dal.app.cirrus.ibm.com/v1/validate/tokenexp/1783696205:0
[79808753ms] [ERROR] Failed to load resource: net::ERR_NAME_NOT_RESOLVED @ https://w3-graph-w3-graph.w3-globals.dal.app.cirrus.ibm.com/graphql?client-tracking-id=w3-web-carbon&op=getUserNotifications:0
[79958847ms] [ERROR] Failed to load resource: net::ERR_NAME_NOT_RESOLVED @ https://w3-graph-w3-graph.w3-globals.dal.app.cirrus.ibm.com/graphql?client-tracking-id=w3-web-carbon&op=getUserNotifications:0
[79979388ms] [ERROR] Failed to load resource: net::ERR_NAME_NOT_RESOLVED @ https://w3-authorization-service.w3-globals.dal.app.cirrus.ibm.com/v1/validate/tokenexp/1783696205:0
[80108938ms] [ERROR] Failed to load resource: net::ERR_NAME_NOT_RESOLVED @ https://w3-graph-w3-graph.w3-globals.dal.app.cirrus.ibm.com/graphql?client-tracking-id=w3-web-carbon&op=getUserNotifications:0
[80159402ms] [ERROR] Failed to load resource: net::ERR_NAME_NOT_RESOLVED @ https://w3-authorization-service.w3-globals.dal.app.cirrus.ibm.com/v1/validate/tokenexp/1783696205:0
[80259030ms] [ERROR] Failed to load resource: net::ERR_NAME_NOT_RESOLVED @ https://w3-graph-w3-graph.w3-globals.dal.app.cirrus.ibm.com/graphql?client-tracking-id=w3-web-carbon&op=getUserNotifications:0
[80339389ms] [ERROR] Failed to load resource: net::ERR_NAME_NOT_RESOLVED @ https://w3-authorization-service.w3-globals.dal.app.cirrus.ibm.com/v1/validate/tokenexp/1783696205:0
[80409125ms] [ERROR] Failed to load resource: net::ERR_NAME_NOT_RESOLVED @ https://w3-graph-w3-graph.w3-globals.dal.app.cirrus.ibm.com/graphql?client-tracking-id=w3-web-carbon&op=getUserNotifications:0
[80519413ms] [ERROR] Failed to load resource: net::ERR_NAME_NOT_RESOLVED @ https://w3-authorization-service.w3-globals.dal.app.cirrus.ibm.com/v1/validate/tokenexp/1783696205:0
[80559247ms] [ERROR] Failed to load resource: net::ERR_NAME_NOT_RESOLVED @ https://w3-graph-w3-graph.w3-globals.dal.app.cirrus.ibm.com/graphql?client-tracking-id=w3-web-carbon&op=getUserNotifications:0
[80699425ms] [ERROR] Failed to load resource: net::ERR_NAME_NOT_RESOLVED @ https://w3-authorization-service.w3-globals.dal.app.cirrus.ibm.com/v1/validate/tokenexp/1783696205:0
[80709380ms] [ERROR] Failed to load resource: net::ERR_NAME_NOT_RESOLVED @ https://w3-graph-w3-graph.w3-globals.dal.app.cirrus.ibm.com/graphql?client-tracking-id=w3-web-carbon&op=getUserNotifications:0
[80859479ms] [ERROR] Failed to load resource: net::ERR_NAME_NOT_RESOLVED @ https://w3-graph-w3-graph.w3-globals.dal.app.cirrus.ibm.com/graphql?client-tracking-id=w3-web-carbon&op=getUserNotifications:0
[80879401ms] [ERROR] Failed to load resource: net::ERR_NAME_NOT_RESOLVED @ https://w3-authorization-service.w3-globals.dal.app.cirrus.ibm.com/v1/validate/tokenexp/1783696205:0
[81009568ms] [ERROR] Failed to load resource: net::ERR_NAME_NOT_RESOLVED @ https://w3-graph-w3-graph.w3-globals.dal.app.cirrus.ibm.com/graphql?client-tracking-id=w3-web-carbon&op=getUserNotifications:0
[81059397ms] [ERROR] Failed to load resource: net::ERR_NAME_NOT_RESOLVED @ https://w3-authorization-service.w3-globals.dal.app.cirrus.ibm.com/v1/validate/tokenexp/1783696205:0
[81159675ms] [ERROR] Failed to load resource: net::ERR_NAME_NOT_RESOLVED @ https://w3-graph-w3-graph.w3-globals.dal.app.cirrus.ibm.com/graphql?client-tracking-id=w3-web-carbon&op=getUserNotifications:0
[81239409ms] [ERROR] Failed to load resource: net::ERR_NAME_NOT_RESOLVED @ https://w3-authorization-service.w3-globals.dal.app.cirrus.ibm.com/v1/validate/tokenexp/1783696205:0
[81309808ms] [ERROR] Failed to load resource: net::ERR_NAME_NOT_RESOLVED @ https://w3-graph-w3-graph.w3-globals.dal.app.cirrus.ibm.com/graphql?client-tracking-id=w3-web-carbon&op=getUserNotifications:0
[81419396ms] [ERROR] Failed to load resource: net::ERR_NAME_NOT_RESOLVED @ https://w3-authorization-service.w3-globals.dal.app.cirrus.ibm.com/v1/validate/tokenexp/1783696205:0
[81459907ms] [ERROR] Failed to load resource: net::ERR_NAME_NOT_RESOLVED @ https://w3-graph-w3-graph.w3-globals.dal.app.cirrus.ibm.com/graphql?client-tracking-id=w3-web-carbon&op=getUserNotifications:0
[81599404ms] [ERROR] Failed to load resource: net::ERR_NAME_NOT_RESOLVED @ https://w3-authorization-service.w3-globals.dal.app.cirrus.ibm.com/v1/validate/tokenexp/1783696205:0
[81609997ms] [ERROR] Failed to load resource: net::ERR_NAME_NOT_RESOLVED @ https://w3-graph-w3-graph.w3-globals.dal.app.cirrus.ibm.com/graphql?client-tracking-id=w3-web-carbon&op=getUserNotifications:0
[81760092ms] [ERROR] Failed to load resource: net::ERR_NAME_NOT_RESOLVED @ https://w3-graph-w3-graph.w3-globals.dal.app.cirrus.ibm.com/graphql?client-tracking-id=w3-web-carbon&op=getUserNotifications:0
[81779389ms] [ERROR] Failed to load resource: net::ERR_NAME_NOT_RESOLVED @ https://w3-authorization-service.w3-globals.dal.app.cirrus.ibm.com/v1/validate/tokenexp/1783696205:0
[81910184ms] [ERROR] Failed to load resource: net::ERR_NAME_NOT_RESOLVED @ https://w3-graph-w3-graph.w3-globals.dal.app.cirrus.ibm.com/graphql?client-tracking-id=w3-web-carbon&op=getUserNotifications:0
[81959401ms] [ERROR] Failed to load resource: net::ERR_NAME_NOT_RESOLVED @ https://w3-authorization-service.w3-globals.dal.app.cirrus.ibm.com/v1/validate/tokenexp/1783696205:0
[82060277ms] [ERROR] Failed to load resource: net::ERR_NAME_NOT_RESOLVED @ https://w3-graph-w3-graph.w3-globals.dal.app.cirrus.ibm.com/graphql?client-tracking-id=w3-web-carbon&op=getUserNotifications:0
[82139396ms] [ERROR] Failed to load resource: net::ERR_NAME_NOT_RESOLVED @ https://w3-authorization-service.w3-globals.dal.app.cirrus.ibm.com/v1/validate/tokenexp/1783696205:0
[82210369ms] [ERROR] Failed to load resource: net::ERR_NAME_NOT_RESOLVED @ https://w3-graph-w3-graph.w3-globals.dal.app.cirrus.ibm.com/graphql?client-tracking-id=w3-web-carbon&op=getUserNotifications:0
[82319398ms] [ERROR] Failed to load resource: net::ERR_NAME_NOT_RESOLVED @ https://w3-authorization-service.w3-globals.dal.app.cirrus.ibm.com/v1/validate/tokenexp/1783696205:0
[82360459ms] [ERROR] Failed to load resource: net::ERR_NAME_NOT_RESOLVED @ https://w3-graph-w3-graph.w3-globals.dal.app.cirrus.ibm.com/graphql?client-tracking-id=w3-web-carbon&op=getUserNotifications:0
[82499402ms] [ERROR] Failed to load resource: net::ERR_NAME_NOT_RESOLVED @ https://w3-authorization-service.w3-globals.dal.app.cirrus.ibm.com/v1/validate/tokenexp/1783696205:0
[82510550ms] [ERROR] Failed to load resource: net::ERR_NAME_NOT_RESOLVED @ https://w3-graph-w3-graph.w3-globals.dal.app.cirrus.ibm.com/graphql?client-tracking-id=w3-web-carbon&op=getUserNotifications:0
[82660645ms] [ERROR] Failed to load resource: net::ERR_NAME_NOT_RESOLVED @ https://w3-graph-w3-graph.w3-globals.dal.app.cirrus.ibm.com/graphql?client-tracking-id=w3-web-carbon&op=getUserNotifications:0
[82679403ms] [ERROR] Failed to load resource: net::ERR_NAME_NOT_RESOLVED @ https://w3-authorization-service.w3-globals.dal.app.cirrus.ibm.com/v1/validate/tokenexp/1783696205:0
[82810738ms] [ERROR] Failed to load resource: net::ERR_NAME_NOT_RESOLVED @ https://w3-graph-w3-graph.w3-globals.dal.app.cirrus.ibm.com/graphql?client-tracking-id=w3-web-carbon&op=getUserNotifications:0
[82859394ms] [ERROR] Failed to load resource: net::ERR_NAME_NOT_RESOLVED @ https://w3-authorization-service.w3-globals.dal.app.cirrus.ibm.com/v1/validate/tokenexp/1783696205:0
[82960826ms] [ERROR] Failed to load resource: net::ERR_NAME_NOT_RESOLVED @ https://w3-graph-w3-graph.w3-globals.dal.app.cirrus.ibm.com/graphql?client-tracking-id=w3-web-carbon&op=getUserNotifications:0
[83039401ms] [ERROR] Failed to load resource: net::ERR_NAME_NOT_RESOLVED @ https://w3-authorization-service.w3-globals.dal.app.cirrus.ibm.com/v1/validate/tokenexp/1783696205:0
[83110917ms] [ERROR] Failed to load resource: net::ERR_NAME_NOT_RESOLVED @ https://w3-graph-w3-graph.w3-globals.dal.app.cirrus.ibm.com/graphql?client-tracking-id=w3-web-carbon&op=getUserNotifications:0
[83219409ms] [ERROR] Failed to load resource: net::ERR_NAME_NOT_RESOLVED @ https://w3-authorization-service.w3-globals.dal.app.cirrus.ibm.com/v1/validate/tokenexp/1783696205:0
[83261006ms] [ERROR] Failed to load resource: net::ERR_NAME_NOT_RESOLVED @ https://w3-graph-w3-graph.w3-globals.dal.app.cirrus.ibm.com/graphql?client-tracking-id=w3-web-carbon&op=getUserNotifications:0
[83399412ms] [ERROR] Failed to load resource: net::ERR_NAME_NOT_RESOLVED @ https://w3-authorization-service.w3-globals.dal.app.cirrus.ibm.com/v1/validate/tokenexp/1783696205:0
[83411098ms] [ERROR] Failed to load resource: net::ERR_NAME_NOT_RESOLVED @ https://w3-graph-w3-graph.w3-globals.dal.app.cirrus.ibm.com/graphql?client-tracking-id=w3-web-carbon&op=getUserNotifications:0
[83561190ms] [ERROR] Failed to load resource: net::ERR_NAME_NOT_RESOLVED @ https://w3-graph-w3-graph.w3-globals.dal.app.cirrus.ibm.com/graphql?client-tracking-id=w3-web-carbon&op=getUserNotifications:0
[83579396ms] [ERROR] Failed to load resource: net::ERR_NAME_NOT_RESOLVED @ https://w3-authorization-service.w3-globals.dal.app.cirrus.ibm.com/v1/validate/tokenexp/1783696205:0
[83711274ms] [ERROR] Failed to load resource: net::ERR_NAME_NOT_RESOLVED @ https://w3-graph-w3-graph.w3-globals.dal.app.cirrus.ibm.com/graphql?client-tracking-id=w3-web-carbon&op=getUserNotifications:0
[83759418ms] [ERROR] Failed to load resource: net::ERR_NAME_NOT_RESOLVED @ https://w3-authorization-service.w3-globals.dal.app.cirrus.ibm.com/v1/validate/tokenexp/1783696205:0
[83861376ms] [ERROR] Failed to load resource: net::ERR_NAME_NOT_RESOLVED @ https://w3-graph-w3-graph.w3-globals.dal.app.cirrus.ibm.com/graphql?client-tracking-id=w3-web-carbon&op=getUserNotifications:0
[83939402ms] [ERROR] Failed to load resource: net::ERR_NAME_NOT_RESOLVED @ https://w3-authorization-service.w3-globals.dal.app.cirrus.ibm.com/v1/validate/tokenexp/1783696205:0
[84011424ms] [ERROR] Failed to load resource: net::ERR_NAME_NOT_RESOLVED @ https://w3-graph-w3-graph.w3-globals.dal.app.cirrus.ibm.com/graphql?client-tracking-id=w3-web-carbon&op=getUserNotifications:0
[84119401ms] [ERROR] Failed to load resource: net::ERR_NAME_NOT_RESOLVED @ https://w3-authorization-service.w3-globals.dal.app.cirrus.ibm.com/v1/validate/tokenexp/1783696205:0
[84161514ms] [ERROR] Failed to load resource: net::ERR_NAME_NOT_RESOLVED @ https://w3-graph-w3-graph.w3-globals.dal.app.cirrus.ibm.com/graphql?client-tracking-id=w3-web-carbon&op=getUserNotifications:0
[84299362ms] [ERROR] Failed to load resource: net::ERR_NAME_NOT_RESOLVED @ https://w3-authorization-service.w3-globals.dal.app.cirrus.ibm.com/v1/validate/tokenexp/1783696205:0
[84311608ms] [ERROR] Failed to load resource: net::ERR_NAME_NOT_RESOLVED @ https://w3-graph-w3-graph.w3-globals.dal.app.cirrus.ibm.com/graphql?client-tracking-id=w3-web-carbon&op=getUserNotifications:0
[84461843ms] [ERROR] Failed to load resource: net::ERR_NAME_NOT_RESOLVED @ https://w3-graph-w3-graph.w3-globals.dal.app.cirrus.ibm.com/graphql?client-tracking-id=w3-web-carbon&op=getUserNotifications:0
[84479344ms] [ERROR] Failed to load resource: net::ERR_NAME_NOT_RESOLVED @ https://w3-authorization-service.w3-globals.dal.app.cirrus.ibm.com/v1/validate/tokenexp/1783696205:0
[84611931ms] [ERROR] Failed to load resource: net::ERR_NAME_NOT_RESOLVED @ https://w3-graph-w3-graph.w3-globals.dal.app.cirrus.ibm.com/graphql?client-tracking-id=w3-web-carbon&op=getUserNotifications:0
[84659344ms] [ERROR] Failed to load resource: net::ERR_NAME_NOT_RESOLVED @ https://w3-authorization-service.w3-globals.dal.app.cirrus.ibm.com/v1/validate/tokenexp/1783696205:0
[84762028ms] [ERROR] Failed to load resource: net::ERR_NAME_NOT_RESOLVED @ https://w3-graph-w3-graph.w3-globals.dal.app.cirrus.ibm.com/graphql?client-tracking-id=w3-web-carbon&op=getUserNotifications:0
[84839375ms] [ERROR] Failed to load resource: net::ERR_NAME_NOT_RESOLVED @ https://w3-authorization-service.w3-globals.dal.app.cirrus.ibm.com/v1/validate/tokenexp/1783696205:0
[84912176ms] [ERROR] Failed to load resource: net::ERR_NAME_NOT_RESOLVED @ https://w3-graph-w3-graph.w3-globals.dal.app.cirrus.ibm.com/graphql?client-tracking-id=w3-web-carbon&op=getUserNotifications:0
[85019335ms] [ERROR] Failed to load resource: net::ERR_NAME_NOT_RESOLVED @ https://w3-authorization-service.w3-globals.dal.app.cirrus.ibm.com/v1/validate/tokenexp/1783696205:0
[85062269ms] [ERROR] Failed to load resource: net::ERR_NAME_NOT_RESOLVED @ https://w3-graph-w3-graph.w3-globals.dal.app.cirrus.ibm.com/graphql?client-tracking-id=w3-web-carbon&op=getUserNotifications:0
[85199356ms] [ERROR] Failed to load resource: net::ERR_NAME_NOT_RESOLVED @ https://w3-authorization-service.w3-globals.dal.app.cirrus.ibm.com/v1/validate/tokenexp/1783696205:0
[85212357ms] [ERROR] Failed to load resource: net::ERR_NAME_NOT_RESOLVED @ https://w3-graph-w3-graph.w3-globals.dal.app.cirrus.ibm.com/graphql?client-tracking-id=w3-web-carbon&op=getUserNotifications:0
[85362474ms] [ERROR] Failed to load resource: net::ERR_NAME_NOT_RESOLVED @ https://w3-graph-w3-graph.w3-globals.dal.app.cirrus.ibm.com/graphql?client-tracking-id=w3-web-carbon&op=getUserNotifications:0
[85379376ms] [ERROR] Failed to load resource: net::ERR_NAME_NOT_RESOLVED @ https://w3-authorization-service.w3-globals.dal.app.cirrus.ibm.com/v1/validate/tokenexp/1783696205:0
[85512574ms] [ERROR] Failed to load resource: net::ERR_NAME_NOT_RESOLVED @ https://w3-graph-w3-graph.w3-globals.dal.app.cirrus.ibm.com/graphql?client-tracking-id=w3-web-carbon&op=getUserNotifications:0
[85559629ms] [ERROR] Failed to load resource: net::ERR_NAME_NOT_RESOLVED @ https://w3-authorization-service.w3-globals.dal.app.cirrus.ibm.com/v1/validate/tokenexp/1783696205:0
[85662712ms] [ERROR] Failed to load resource: net::ERR_NAME_NOT_RESOLVED @ https://w3-graph-w3-graph.w3-globals.dal.app.cirrus.ibm.com/graphql?client-tracking-id=w3-web-carbon&op=getUserNotifications:0
[85739344ms] [ERROR] Failed to load resource: net::ERR_NAME_NOT_RESOLVED @ https://w3-authorization-service.w3-globals.dal.app.cirrus.ibm.com/v1/validate/tokenexp/1783696205:0
[85812800ms] [ERROR] Failed to load resource: net::ERR_NAME_NOT_RESOLVED @ https://w3-graph-w3-graph.w3-globals.dal.app.cirrus.ibm.com/graphql?client-tracking-id=w3-web-carbon&op=getUserNotifications:0
[85919348ms] [ERROR] Failed to load resource: net::ERR_NAME_NOT_RESOLVED @ https://w3-authorization-service.w3-globals.dal.app.cirrus.ibm.com/v1/validate/tokenexp/1783696205:0
[85962914ms] [ERROR] Failed to load resource: net::ERR_NAME_NOT_RESOLVED @ https://w3-graph-w3-graph.w3-globals.dal.app.cirrus.ibm.com/graphql?client-tracking-id=w3-web-carbon&op=getUserNotifications:0
[86099324ms] [ERROR] Failed to load resource: net::ERR_NAME_NOT_RESOLVED @ https://w3-authorization-service.w3-globals.dal.app.cirrus.ibm.com/v1/validate/tokenexp/1783696205:0
[86112988ms] [ERROR] Failed to load resource: net::ERR_NAME_NOT_RESOLVED @ https://w3-graph-w3-graph.w3-globals.dal.app.cirrus.ibm.com/graphql?client-tracking-id=w3-web-carbon&op=getUserNotifications:0
[86263090ms] [ERROR] Failed to load resource: net::ERR_NAME_NOT_RESOLVED @ https://w3-graph-w3-graph.w3-globals.dal.app.cirrus.ibm.com/graphql?client-tracking-id=w3-web-carbon&op=getUserNotifications:0
[86279309ms] [ERROR] Failed to load resource: net::ERR_NAME_NOT_RESOLVED @ https://w3-authorization-service.w3-globals.dal.app.cirrus.ibm.com/v1/validate/tokenexp/1783696205:0
[86413178ms] [ERROR] Failed to load resource: net::ERR_NAME_NOT_RESOLVED @ https://w3-graph-w3-graph.w3-globals.dal.app.cirrus.ibm.com/graphql?client-tracking-id=w3-web-carbon&op=getUserNotifications:0
[86459321ms] [ERROR] Failed to load resource: net::ERR_NAME_NOT_RESOLVED @ https://w3-authorization-service.w3-globals.dal.app.cirrus.ibm.com/v1/validate/tokenexp/1783696205:0
[86563270ms] [ERROR] Failed to load resource: net::ERR_NAME_NOT_RESOLVED @ https://w3-graph-w3-graph.w3-globals.dal.app.cirrus.ibm.com/graphql?client-tracking-id=w3-web-carbon&op=getUserNotifications:0
[86639329ms] [ERROR] Failed to load resource: net::ERR_NAME_NOT_RESOLVED @ https://w3-authorization-service.w3-globals.dal.app.cirrus.ibm.com/v1/validate/tokenexp/1783696205:0
[86760577ms] [ERROR] Failed to load resource: net::ERR_NAME_NOT_RESOLVED @ https://w3-graph-w3-graph.w3-globals.dal.app.cirrus.ibm.com/graphql?client-tracking-id=w3-web-carbon&op=getUserNotifications:0
[86866547ms] [ERROR] Failed to load resource: net::ERR_NAME_NOT_RESOLVED @ https://w3-authorization-service.w3-globals.dal.app.cirrus.ibm.com/v1/validate/tokenexp/1783696205:0
[86910690ms] [ERROR] Failed to load resource: net::ERR_NAME_NOT_RESOLVED @ https://w3-graph-w3-graph.w3-globals.dal.app.cirrus.ibm.com/graphql?client-tracking-id=w3-web-carbon&op=getUserNotifications:0
[87046559ms] [ERROR] Failed to load resource: net::ERR_NAME_NOT_RESOLVED @ https://w3-authorization-service.w3-globals.dal.app.cirrus.ibm.com/v1/validate/tokenexp/1783696205:0
[87060804ms] [ERROR] Failed to load resource: net::ERR_NAME_NOT_RESOLVED @ https://w3-graph-w3-graph.w3-globals.dal.app.cirrus.ibm.com/graphql?client-tracking-id=w3-web-carbon&op=getUserNotifications:0
[87210908ms] [ERROR] Failed to load resource: net::ERR_NAME_NOT_RESOLVED @ https://w3-graph-w3-graph.w3-globals.dal.app.cirrus.ibm.com/graphql?client-tracking-id=w3-web-carbon&op=getUserNotifications:0
[87226570ms] [ERROR] Failed to load resource: net::ERR_NAME_NOT_RESOLVED @ https://w3-authorization-service.w3-globals.dal.app.cirrus.ibm.com/v1/validate/tokenexp/1783696205:0
[87614228ms] [ERROR] Failed to load resource: net::ERR_NAME_NOT_RESOLVED @ https://w3-graph-w3-graph.w3-globals.dal.app.cirrus.ibm.com/graphql?client-tracking-id=w3-web-carbon&op=getUserNotifications:0
[87732428ms] [ERROR] Failed to load resource: net::ERR_NAME_NOT_RESOLVED @ https://w3-authorization-service.w3-globals.dal.app.cirrus.ibm.com/v1/validate/tokenexp/1783696205:0
[88347501ms] [ERROR] Failed to load resource: net::ERR_NAME_NOT_RESOLVED @ https://w3-graph-w3-graph.w3-globals.dal.app.cirrus.ibm.com/graphql?client-tracking-id=w3-web-carbon&op=getUserNotifications:0
[88422857ms] [ERROR] Failed to load resource: net::ERR_NAME_NOT_RESOLVED @ https://w3-authorization-service.w3-globals.dal.app.cirrus.ibm.com/v1/validate/tokenexp/1783696205:0
[88497608ms] [ERROR] Failed to load resource: net::ERR_NAME_NOT_RESOLVED @ https://w3-graph-w3-graph.w3-globals.dal.app.cirrus.ibm.com/graphql?client-tracking-id=w3-web-carbon&op=getUserNotifications:0
[88602899ms] [ERROR] Failed to load resource: net::ERR_NAME_NOT_RESOLVED @ https://w3-authorization-service.w3-globals.dal.app.cirrus.ibm.com/v1/validate/tokenexp/1783696205:0
[88647930ms] [ERROR] Failed to load resource: net::ERR_NAME_NOT_RESOLVED @ https://w3-graph-w3-graph.w3-globals.dal.app.cirrus.ibm.com/graphql?client-tracking-id=w3-web-carbon&op=getUserNotifications:0
[88782970ms] [ERROR] Failed to load resource: net::ERR_NAME_NOT_RESOLVED @ https://w3-authorization-service.w3-globals.dal.app.cirrus.ibm.com/v1/validate/tokenexp/1783696205:0
[88798048ms] [ERROR] Failed to load resource: net::ERR_NAME_NOT_RESOLVED @ https://w3-graph-w3-graph.w3-globals.dal.app.cirrus.ibm.com/graphql?client-tracking-id=w3-web-carbon&op=getUserNotifications:0
[88948143ms] [ERROR] Failed to load resource: net::ERR_NAME_NOT_RESOLVED @ https://w3-graph-w3-graph.w3-globals.dal.app.cirrus.ibm.com/graphql?client-tracking-id=w3-web-carbon&op=getUserNotifications:0
[88962877ms] [ERROR] Failed to load resource: net::ERR_NAME_NOT_RESOLVED @ https://w3-authorization-service.w3-globals.dal.app.cirrus.ibm.com/v1/validate/tokenexp/1783696205:0
[89136943ms] [ERROR] Failed to load resource: net::ERR_NAME_NOT_RESOLVED @ https://w3-graph-w3-graph.w3-globals.dal.app.cirrus.ibm.com/graphql?client-tracking-id=w3-web-carbon&op=getUserNotifications:0
[89181649ms] [ERROR] Failed to load resource: net::ERR_NAME_NOT_RESOLVED @ https://w3-authorization-service.w3-globals.dal.app.cirrus.ibm.com/v1/validate/tokenexp/1783696205:0
[89287040ms] [ERROR] Failed to load resource: net::ERR_NAME_NOT_RESOLVED @ https://w3-graph-w3-graph.w3-globals.dal.app.cirrus.ibm.com/graphql?client-tracking-id=w3-web-carbon&op=getUserNotifications:0
[89361601ms] [ERROR] Failed to load resource: net::ERR_NAME_NOT_RESOLVED @ https://w3-authorization-service.w3-globals.dal.app.cirrus.ibm.com/v1/validate/tokenexp/1783696205:0
[89437207ms] [ERROR] Failed to load resource: net::ERR_NAME_NOT_RESOLVED @ https://w3-graph-w3-graph.w3-globals.dal.app.cirrus.ibm.com/graphql?client-tracking-id=w3-web-carbon&op=getUserNotifications:0
[89541594ms] [ERROR] Failed to load resource: net::ERR_NAME_NOT_RESOLVED @ https://w3-authorization-service.w3-globals.dal.app.cirrus.ibm.com/v1/validate/tokenexp/1783696205:0
[89587333ms] [ERROR] Failed to load resource: net::ERR_NAME_NOT_RESOLVED @ https://w3-graph-w3-graph.w3-globals.dal.app.cirrus.ibm.com/graphql?client-tracking-id=w3-web-carbon&op=getUserNotifications:0
[89724381ms] [ERROR] Failed to load resource: net::ERR_NAME_NOT_RESOLVED @ https://w3-authorization-service.w3-globals.dal.app.cirrus.ibm.com/v1/validate/tokenexp/1783696205:0
[89758234ms] [ERROR] Failed to load resource: net::ERR_NAME_NOT_RESOLVED @ https://w3-graph-w3-graph.w3-globals.dal.app.cirrus.ibm.com/graphql?client-tracking-id=w3-web-carbon&op=getUserNotifications:0
[90591146ms] [ERROR] Failed to load resource: net::ERR_NAME_NOT_RESOLVED @ https://w3-graph-w3-graph.w3-globals.dal.app.cirrus.ibm.com/graphql?client-tracking-id=w3-web-carbon&op=getUserNotifications:0
[90644700ms] [ERROR] Failed to load resource: net::ERR_NAME_NOT_RESOLVED @ https://w3-authorization-service.w3-globals.dal.app.cirrus.ibm.com/v1/validate/tokenexp/1783696205:0
[91138830ms] [ERROR] Failed to load resource: net::ERR_NAME_NOT_RESOLVED @ https://w3-graph-w3-graph.w3-globals.dal.app.cirrus.ibm.com/graphql?client-tracking-id=w3-web-carbon&op=getUserNotifications:0
[91182558ms] [ERROR] Failed to load resource: net::ERR_NAME_NOT_RESOLVED @ https://w3-authorization-service.w3-globals.dal.app.cirrus.ibm.com/v1/validate/tokenexp/1783696205:0
[91734341ms] [ERROR] Failed to load resource: net::ERR_NAME_NOT_RESOLVED @ https://w3-graph-w3-graph.w3-globals.dal.app.cirrus.ibm.com/graphql?client-tracking-id=w3-web-carbon&op=getUserNotifications:0
[91984076ms] [ERROR] Failed to load resource: net::ERR_NAME_NOT_RESOLVED @ https://w3-authorization-service.w3-globals.dal.app.cirrus.ibm.com/v1/validate/tokenexp/1783696205:0
[92226568ms] [ERROR] Failed to load resource: net::ERR_NAME_NOT_RESOLVED @ https://w3-graph-w3-graph.w3-globals.dal.app.cirrus.ibm.com/graphql?client-tracking-id=w3-web-carbon&op=getUserNotifications:0
[93188359ms] [ERROR] Failed to load resource: net::ERR_NAME_NOT_RESOLVED @ https://w3-authorization-service.w3-globals.dal.app.cirrus.ibm.com/v1/validate/tokenexp/1783696205:0
[93465019ms] [ERROR] Failed to load resource: net::ERR_NAME_NOT_RESOLVED @ https://w3-graph-w3-graph.w3-globals.dal.app.cirrus.ibm.com/graphql?client-tracking-id=w3-web-carbon&op=getUserNotifications:0
[93956381ms] [ERROR] Failed to load resource: net::ERR_NAME_NOT_RESOLVED @ https://w3-authorization-service.w3-globals.dal.app.cirrus.ibm.com/v1/validate/tokenexp/1783696205:0
[94018392ms] [ERROR] Failed to load resource: net::ERR_NAME_NOT_RESOLVED @ https://w3-graph-w3-graph.w3-globals.dal.app.cirrus.ibm.com/graphql?client-tracking-id=w3-web-carbon&op=getUserNotifications:0
[94547960ms] [ERROR] Failed to load resource: net::ERR_NAME_NOT_RESOLVED @ https://w3-graph-w3-graph.w3-globals.dal.app.cirrus.ibm.com/graphql?client-tracking-id=w3-web-carbon&op=getUserNotifications:0
[94606430ms] [ERROR] Failed to load resource: net::ERR_NAME_NOT_RESOLVED @ https://w3-authorization-service.w3-globals.dal.app.cirrus.ibm.com/v1/validate/tokenexp/1783696205:0
[95071716ms] [ERROR] Failed to load resource: net::ERR_NAME_NOT_RESOLVED @ https://w3-graph-w3-graph.w3-globals.dal.app.cirrus.ibm.com/graphql?client-tracking-id=w3-web-carbon&op=getUserNotifications:0
[95229903ms] [ERROR] Failed to load resource: net::ERR_NAME_NOT_RESOLVED @ https://w3-authorization-service.w3-globals.dal.app.cirrus.ibm.com/v1/validate/tokenexp/1783696205:0
[95606797ms] [ERROR] Failed to load resource: net::ERR_NAME_NOT_RESOLVED @ https://w3-graph-w3-graph.w3-globals.dal.app.cirrus.ibm.com/graphql?client-tracking-id=w3-web-carbon&op=getUserNotifications:0
[95882467ms] [ERROR] Failed to load resource: net::ERR_NAME_NOT_RESOLVED @ https://w3-authorization-service.w3-globals.dal.app.cirrus.ibm.com/v1/validate/tokenexp/1783696205:0
[96163390ms] [ERROR] Failed to load resource: net::ERR_NAME_NOT_RESOLVED @ https://w3-graph-w3-graph.w3-globals.dal.app.cirrus.ibm.com/graphql?client-tracking-id=w3-web-carbon&op=getUserNotifications:0
[96473035ms] [ERROR] Failed to load resource: net::ERR_NAME_NOT_RESOLVED @ https://w3-authorization-service.w3-globals.dal.app.cirrus.ibm.com/v1/validate/tokenexp/1783696205:0
[96654995ms] [ERROR] Failed to load resource: net::ERR_NAME_NOT_RESOLVED @ https://w3-graph-w3-graph.w3-globals.dal.app.cirrus.ibm.com/graphql?client-tracking-id=w3-web-carbon&op=getUserNotifications:0
[97123596ms] [ERROR] Failed to load resource: net::ERR_NAME_NOT_RESOLVED @ https://w3-authorization-service.w3-globals.dal.app.cirrus.ibm.com/v1/validate/tokenexp/1783696205:0
[97186910ms] [ERROR] Failed to load resource: net::ERR_NAME_NOT_RESOLVED @ https://w3-graph-w3-graph.w3-globals.dal.app.cirrus.ibm.com/graphql?client-tracking-id=w3-web-carbon&op=getUserNotifications:0
[97525378ms] [ERROR] Failed to load resource: net::ERR_NAME_NOT_RESOLVED @ https://w3-graph-w3-graph.w3-globals.dal.app.cirrus.ibm.com/graphql?client-tracking-id=w3-web-carbon&op=getUserNotifications:0
[97537016ms] [ERROR] Failed to load resource: net::ERR_NAME_NOT_RESOLVED @ https://w3-authorization-service.w3-globals.dal.app.cirrus.ibm.com/v1/validate/tokenexp/1783696205:0
[97675474ms] [ERROR] Failed to load resource: net::ERR_NAME_NOT_RESOLVED @ https://w3-graph-w3-graph.w3-globals.dal.app.cirrus.ibm.com/graphql?client-tracking-id=w3-web-carbon&op=getUserNotifications:0
[97717006ms] [ERROR] Failed to load resource: net::ERR_NAME_NOT_RESOLVED @ https://w3-authorization-service.w3-globals.dal.app.cirrus.ibm.com/v1/validate/tokenexp/1783696205:0
[97825577ms] [ERROR] Failed to load resource: net::ERR_NAME_NOT_RESOLVED @ https://w3-graph-w3-graph.w3-globals.dal.app.cirrus.ibm.com/graphql?client-tracking-id=w3-web-carbon&op=getUserNotifications:0
[97897020ms] [ERROR] Failed to load resource: net::ERR_NAME_NOT_RESOLVED @ https://w3-authorization-service.w3-globals.dal.app.cirrus.ibm.com/v1/validate/tokenexp/1783696205:0
[97975677ms] [ERROR] Failed to load resource: net::ERR_NAME_NOT_RESOLVED @ https://w3-graph-w3-graph.w3-globals.dal.app.cirrus.ibm.com/graphql?client-tracking-id=w3-web-carbon&op=getUserNotifications:0
[98077004ms] [ERROR] Failed to load resource: net::ERR_NAME_NOT_RESOLVED @ https://w3-authorization-service.w3-globals.dal.app.cirrus.ibm.com/v1/validate/tokenexp/1783696205:0
[98126013ms] [ERROR] Failed to load resource: net::ERR_NAME_NOT_RESOLVED @ https://w3-graph-w3-graph.w3-globals.dal.app.cirrus.ibm.com/graphql?client-tracking-id=w3-web-carbon&op=getUserNotifications:0
[98257015ms] [ERROR] Failed to load resource: net::ERR_NAME_NOT_RESOLVED @ https://w3-authorization-service.w3-globals.dal.app.cirrus.ibm.com/v1/validate/tokenexp/1783696205:0
[98276104ms] [ERROR] Failed to load resource: net::ERR_NAME_NOT_RESOLVED @ https://w3-graph-w3-graph.w3-globals.dal.app.cirrus.ibm.com/graphql?client-tracking-id=w3-web-carbon&op=getUserNotifications:0
[98426206ms] [ERROR] Failed to load resource: net::ERR_NAME_NOT_RESOLVED @ https://w3-graph-w3-graph.w3-globals.dal.app.cirrus.ibm.com/graphql?client-tracking-id=w3-web-carbon&op=getUserNotifications:0
[98437011ms] [ERROR] Failed to load resource: net::ERR_NAME_NOT_RESOLVED @ https://w3-authorization-service.w3-globals.dal.app.cirrus.ibm.com/v1/validate/tokenexp/1783696205:0
[98576312ms] [ERROR] Failed to load resource: net::ERR_NAME_NOT_RESOLVED @ https://w3-graph-w3-graph.w3-globals.dal.app.cirrus.ibm.com/graphql?client-tracking-id=w3-web-carbon&op=getUserNotifications:0
[98617023ms] [ERROR] Failed to load resource: net::ERR_NAME_NOT_RESOLVED @ https://w3-authorization-service.w3-globals.dal.app.cirrus.ibm.com/v1/validate/tokenexp/1783696205:0
[98726400ms] [ERROR] Failed to load resource: net::ERR_NAME_NOT_RESOLVED @ https://w3-graph-w3-graph.w3-globals.dal.app.cirrus.ibm.com/graphql?client-tracking-id=w3-web-carbon&op=getUserNotifications:0
[98797023ms] [ERROR] Failed to load resource: net::ERR_NAME_NOT_RESOLVED @ https://w3-authorization-service.w3-globals.dal.app.cirrus.ibm.com/v1/validate/tokenexp/1783696205:0
[98876436ms] [ERROR] Failed to load resource: net::ERR_NAME_NOT_RESOLVED @ https://w3-graph-w3-graph.w3-globals.dal.app.cirrus.ibm.com/graphql?client-tracking-id=w3-web-carbon&op=getUserNotifications:0
[98976993ms] [ERROR] Failed to load resource: net::ERR_NAME_NOT_RESOLVED @ https://w3-authorization-service.w3-globals.dal.app.cirrus.ibm.com/v1/validate/tokenexp/1783696205:0
[99026524ms] [ERROR] Failed to load resource: net::ERR_NAME_NOT_RESOLVED @ https://w3-graph-w3-graph.w3-globals.dal.app.cirrus.ibm.com/graphql?client-tracking-id=w3-web-carbon&op=getUserNotifications:0
[99156956ms] [ERROR] Failed to load resource: net::ERR_NAME_NOT_RESOLVED @ https://w3-authorization-service.w3-globals.dal.app.cirrus.ibm.com/v1/validate/tokenexp/1783696205:0
[99176609ms] [ERROR] Failed to load resource: net::ERR_NAME_NOT_RESOLVED @ https://w3-graph-w3-graph.w3-globals.dal.app.cirrus.ibm.com/graphql?client-tracking-id=w3-web-carbon&op=getUserNotifications:0
[99326702ms] [ERROR] Failed to load resource: net::ERR_NAME_NOT_RESOLVED @ https://w3-graph-w3-graph.w3-globals.dal.app.cirrus.ibm.com/graphql?client-tracking-id=w3-web-carbon&op=getUserNotifications:0
[99336964ms] [ERROR] Failed to load resource: net::ERR_NAME_NOT_RESOLVED @ https://w3-authorization-service.w3-globals.dal.app.cirrus.ibm.com/v1/validate/tokenexp/1783696205:0
[99476803ms] [ERROR] Failed to load resource: net::ERR_NAME_NOT_RESOLVED @ https://w3-graph-w3-graph.w3-globals.dal.app.cirrus.ibm.com/graphql?client-tracking-id=w3-web-carbon&op=getUserNotifications:0
[99516986ms] [ERROR] Failed to load resource: net::ERR_NAME_NOT_RESOLVED @ https://w3-authorization-service.w3-globals.dal.app.cirrus.ibm.com/v1/validate/tokenexp/1783696205:0
[99626896ms] [ERROR] Failed to load resource: net::ERR_NAME_NOT_RESOLVED @ https://w3-graph-w3-graph.w3-globals.dal.app.cirrus.ibm.com/graphql?client-tracking-id=w3-web-carbon&op=getUserNotifications:0
[99696960ms] [ERROR] Failed to load resource: net::ERR_NAME_NOT_RESOLVED @ https://w3-authorization-service.w3-globals.dal.app.cirrus.ibm.com/v1/validate/tokenexp/1783696205:0
[99776991ms] [ERROR] Failed to load resource: net::ERR_NAME_NOT_RESOLVED @ https://w3-graph-w3-graph.w3-globals.dal.app.cirrus.ibm.com/graphql?client-tracking-id=w3-web-carbon&op=getUserNotifications:0
[99876954ms] [ERROR] Failed to load resource: net::ERR_NAME_NOT_RESOLVED @ https://w3-authorization-service.w3-globals.dal.app.cirrus.ibm.com/v1/validate/tokenexp/1783696205:0
[99927090ms] [ERROR] Failed to load resource: net::ERR_NAME_NOT_RESOLVED @ https://w3-graph-w3-graph.w3-globals.dal.app.cirrus.ibm.com/graphql?client-tracking-id=w3-web-carbon&op=getUserNotifications:0
[100056955ms] [ERROR] Failed to load resource: net::ERR_NAME_NOT_RESOLVED @ https://w3-authorization-service.w3-globals.dal.app.cirrus.ibm.com/v1/validate/tokenexp/1783696205:0
[100077211ms] [ERROR] Failed to load resource: net::ERR_NAME_NOT_RESOLVED @ https://w3-graph-w3-graph.w3-globals.dal.app.cirrus.ibm.com/graphql?client-tracking-id=w3-web-carbon&op=getUserNotifications:0
[100227384ms] [ERROR] Failed to load resource: net::ERR_NAME_NOT_RESOLVED @ https://w3-graph-w3-graph.w3-globals.dal.app.cirrus.ibm.com/graphql?client-tracking-id=w3-web-carbon&op=getUserNotifications:0
[100236989ms] [ERROR] Failed to load resource: net::ERR_NAME_NOT_RESOLVED @ https://w3-authorization-service.w3-globals.dal.app.cirrus.ibm.com/v1/validate/tokenexp/1783696205:0
[100377486ms] [ERROR] Failed to load resource: net::ERR_NAME_NOT_RESOLVED @ https://w3-graph-w3-graph.w3-globals.dal.app.cirrus.ibm.com/graphql?client-tracking-id=w3-web-carbon&op=getUserNotifications:0
[100416987ms] [ERROR] Failed to load resource: net::ERR_NAME_NOT_RESOLVED @ https://w3-authorization-service.w3-globals.dal.app.cirrus.ibm.com/v1/validate/tokenexp/1783696205:0
[100527585ms] [ERROR] Failed to load resource: net::ERR_NAME_NOT_RESOLVED @ https://w3-graph-w3-graph.w3-globals.dal.app.cirrus.ibm.com/graphql?client-tracking-id=w3-web-carbon&op=getUserNotifications:0
[100596979ms] [ERROR] Failed to load resource: net::ERR_NAME_NOT_RESOLVED @ https://w3-authorization-service.w3-globals.dal.app.cirrus.ibm.com/v1/validate/tokenexp/1783696205:0
[100677686ms] [ERROR] Failed to load resource: net::ERR_NAME_NOT_RESOLVED @ https://w3-graph-w3-graph.w3-globals.dal.app.cirrus.ibm.com/graphql?client-tracking-id=w3-web-carbon&op=getUserNotifications:0
[100776970ms] [ERROR] Failed to load resource: net::ERR_NAME_NOT_RESOLVED @ https://w3-authorization-service.w3-globals.dal.app.cirrus.ibm.com/v1/validate/tokenexp/1783696205:0
[100827790ms] [ERROR] Failed to load resource: net::ERR_NAME_NOT_RESOLVED @ https://w3-graph-w3-graph.w3-globals.dal.app.cirrus.ibm.com/graphql?client-tracking-id=w3-web-carbon&op=getUserNotifications:0
[100956979ms] [ERROR] Failed to load resource: net::ERR_NAME_NOT_RESOLVED @ https://w3-authorization-service.w3-globals.dal.app.cirrus.ibm.com/v1/validate/tokenexp/1783696205:0
[100977874ms] [ERROR] Failed to load resource: net::ERR_NAME_NOT_RESOLVED @ https://w3-graph-w3-graph.w3-globals.dal.app.cirrus.ibm.com/graphql?client-tracking-id=w3-web-carbon&op=getUserNotifications:0
[101128003ms] [ERROR] Failed to load resource: net::ERR_NAME_NOT_RESOLVED @ https://w3-graph-w3-graph.w3-globals.dal.app.cirrus.ibm.com/graphql?client-tracking-id=w3-web-carbon&op=getUserNotifications:0
[101137037ms] [ERROR] Failed to load resource: net::ERR_NAME_NOT_RESOLVED @ https://w3-authorization-service.w3-globals.dal.app.cirrus.ibm.com/v1/validate/tokenexp/1783696205:0
[101278099ms] [ERROR] Failed to load resource: net::ERR_NAME_NOT_RESOLVED @ https://w3-graph-w3-graph.w3-globals.dal.app.cirrus.ibm.com/graphql?client-tracking-id=w3-web-carbon&op=getUserNotifications:0
[101316993ms] [ERROR] Failed to load resource: net::ERR_NAME_NOT_RESOLVED @ https://w3-authorization-service.w3-globals.dal.app.cirrus.ibm.com/v1/validate/tokenexp/1783696205:0
[101428197ms] [ERROR] Failed to load resource: net::ERR_NAME_NOT_RESOLVED @ https://w3-graph-w3-graph.w3-globals.dal.app.cirrus.ibm.com/graphql?client-tracking-id=w3-web-carbon&op=getUserNotifications:0
[101496990ms] [ERROR] Failed to load resource: net::ERR_NAME_NOT_RESOLVED @ https://w3-authorization-service.w3-globals.dal.app.cirrus.ibm.com/v1/validate/tokenexp/1783696205:0
[101578312ms] [ERROR] Failed to load resource: net::ERR_NAME_NOT_RESOLVED @ https://w3-graph-w3-graph.w3-globals.dal.app.cirrus.ibm.com/graphql?client-tracking-id=w3-web-carbon&op=getUserNotifications:0
[101676985ms] [ERROR] Failed to load resource: net::ERR_NAME_NOT_RESOLVED @ https://w3-authorization-service.w3-globals.dal.app.cirrus.ibm.com/v1/validate/tokenexp/1783696205:0
[101728403ms] [ERROR] Failed to load resource: net::ERR_NAME_NOT_RESOLVED @ https://w3-graph-w3-graph.w3-globals.dal.app.cirrus.ibm.com/graphql?client-tracking-id=w3-web-carbon&op=getUserNotifications:0
[101856998ms] [ERROR] Failed to load resource: net::ERR_NAME_NOT_RESOLVED @ https://w3-authorization-service.w3-globals.dal.app.cirrus.ibm.com/v1/validate/tokenexp/1783696205:0
[101878499ms] [ERROR] Failed to load resource: net::ERR_NAME_NOT_RESOLVED @ https://w3-graph-w3-graph.w3-globals.dal.app.cirrus.ibm.com/graphql?client-tracking-id=w3-web-carbon&op=getUserNotifications:0
[102028593ms] [ERROR] Failed to load resource: net::ERR_NAME_NOT_RESOLVED @ https://w3-graph-w3-graph.w3-globals.dal.app.cirrus.ibm.com/graphql?client-tracking-id=w3-web-carbon&op=getUserNotifications:0
[102036981ms] [ERROR] Failed to load resource: net::ERR_NAME_NOT_RESOLVED @ https://w3-authorization-service.w3-globals.dal.app.cirrus.ibm.com/v1/validate/tokenexp/1783696205:0
[102178702ms] [ERROR] Failed to load resource: net::ERR_NAME_NOT_RESOLVED @ https://w3-graph-w3-graph.w3-globals.dal.app.cirrus.ibm.com/graphql?client-tracking-id=w3-web-carbon&op=getUserNotifications:0
[102216979ms] [ERROR] Failed to load resource: net::ERR_NAME_NOT_RESOLVED @ https://w3-authorization-service.w3-globals.dal.app.cirrus.ibm.com/v1/validate/tokenexp/1783696205:0
[102328793ms] [ERROR] Failed to load resource: net::ERR_NAME_NOT_RESOLVED @ https://w3-graph-w3-graph.w3-globals.dal.app.cirrus.ibm.com/graphql?client-tracking-id=w3-web-carbon&op=getUserNotifications:0
[102396993ms] [ERROR] Failed to load resource: net::ERR_NAME_NOT_RESOLVED @ https://w3-authorization-service.w3-globals.dal.app.cirrus.ibm.com/v1/validate/tokenexp/1783696205:0
[102478899ms] [ERROR] Failed to load resource: net::ERR_NAME_NOT_RESOLVED @ https://w3-graph-w3-graph.w3-globals.dal.app.cirrus.ibm.com/graphql?client-tracking-id=w3-web-carbon&op=getUserNotifications:0
[102577025ms] [ERROR] Failed to load resource: net::ERR_NAME_NOT_RESOLVED @ https://w3-authorization-service.w3-globals.dal.app.cirrus.ibm.com/v1/validate/tokenexp/1783696205:0
[102628988ms] [ERROR] Failed to load resource: net::ERR_NAME_NOT_RESOLVED @ https://w3-graph-w3-graph.w3-globals.dal.app.cirrus.ibm.com/graphql?client-tracking-id=w3-web-carbon&op=getUserNotifications:0
[102757022ms] [ERROR] Failed to load resource: net::ERR_NAME_NOT_RESOLVED @ https://w3-authorization-service.w3-globals.dal.app.cirrus.ibm.com/v1/validate/tokenexp/1783696205:0
[102779077ms] [ERROR] Failed to load resource: net::ERR_NAME_NOT_RESOLVED @ https://w3-graph-w3-graph.w3-globals.dal.app.cirrus.ibm.com/graphql?client-tracking-id=w3-web-carbon&op=getUserNotifications:0
[102929173ms] [ERROR] Failed to load resource: net::ERR_NAME_NOT_RESOLVED @ https://w3-graph-w3-graph.w3-globals.dal.app.cirrus.ibm.com/graphql?client-tracking-id=w3-web-carbon&op=getUserNotifications:0
[102936975ms] [ERROR] Failed to load resource: net::ERR_NAME_NOT_RESOLVED @ https://w3-authorization-service.w3-globals.dal.app.cirrus.ibm.com/v1/validate/tokenexp/1783696205:0
[103079264ms] [ERROR] Failed to load resource: net::ERR_NAME_NOT_RESOLVED @ https://w3-graph-w3-graph.w3-globals.dal.app.cirrus.ibm.com/graphql?client-tracking-id=w3-web-carbon&op=getUserNotifications:0
[103116959ms] [ERROR] Failed to load resource: net::ERR_NAME_NOT_RESOLVED @ https://w3-authorization-service.w3-globals.dal.app.cirrus.ibm.com/v1/validate/tokenexp/1783696205:0
[103229337ms] [ERROR] Failed to load resource: net::ERR_NAME_NOT_RESOLVED @ https://w3-graph-w3-graph.w3-globals.dal.app.cirrus.ibm.com/graphql?client-tracking-id=w3-web-carbon&op=getUserNotifications:0
[103296963ms] [ERROR] Failed to load resource: net::ERR_NAME_NOT_RESOLVED @ https://w3-authorization-service.w3-globals.dal.app.cirrus.ibm.com/v1/validate/tokenexp/1783696205:0
[103379425ms] [ERROR] Failed to load resource: net::ERR_NAME_NOT_RESOLVED @ https://w3-graph-w3-graph.w3-globals.dal.app.cirrus.ibm.com/graphql?client-tracking-id=w3-web-carbon&op=getUserNotifications:0
[103476958ms] [ERROR] Failed to load resource: net::ERR_NAME_NOT_RESOLVED @ https://w3-authorization-service.w3-globals.dal.app.cirrus.ibm.com/v1/validate/tokenexp/1783696205:0
[103529515ms] [ERROR] Failed to load resource: net::ERR_NAME_NOT_RESOLVED @ https://w3-graph-w3-graph.w3-globals.dal.app.cirrus.ibm.com/graphql?client-tracking-id=w3-web-carbon&op=getUserNotifications:0
[103656984ms] [ERROR] Failed to load resource: net::ERR_NAME_NOT_RESOLVED @ https://w3-authorization-service.w3-globals.dal.app.cirrus.ibm.com/v1/validate/tokenexp/1783696205:0
[103679644ms] [ERROR] Failed to load resource: net::ERR_NAME_NOT_RESOLVED @ https://w3-graph-w3-graph.w3-globals.dal.app.cirrus.ibm.com/graphql?client-tracking-id=w3-web-carbon&op=getUserNotifications:0
[103829756ms] [ERROR] Failed to load resource: net::ERR_NAME_NOT_RESOLVED @ https://w3-graph-w3-graph.w3-globals.dal.app.cirrus.ibm.com/graphql?client-tracking-id=w3-web-carbon&op=getUserNotifications:0
[103836962ms] [ERROR] Failed to load resource: net::ERR_NAME_NOT_RESOLVED @ https://w3-authorization-service.w3-globals.dal.app.cirrus.ibm.com/v1/validate/tokenexp/1783696205:0
[103979853ms] [ERROR] Failed to load resource: net::ERR_NAME_NOT_RESOLVED @ https://w3-graph-w3-graph.w3-globals.dal.app.cirrus.ibm.com/graphql?client-tracking-id=w3-web-carbon&op=getUserNotifications:0
[104016967ms] [ERROR] Failed to load resource: net::ERR_NAME_NOT_RESOLVED @ https://w3-authorization-service.w3-globals.dal.app.cirrus.ibm.com/v1/validate/tokenexp/1783696205:0
[104129964ms] [ERROR] Failed to load resource: net::ERR_NAME_NOT_RESOLVED @ https://w3-graph-w3-graph.w3-globals.dal.app.cirrus.ibm.com/graphql?client-tracking-id=w3-web-carbon&op=getUserNotifications:0
[104196964ms] [ERROR] Failed to load resource: net::ERR_NAME_NOT_RESOLVED @ https://w3-authorization-service.w3-globals.dal.app.cirrus.ibm.com/v1/validate/tokenexp/1783696205:0
[104280068ms] [ERROR] Failed to load resource: net::ERR_NAME_NOT_RESOLVED @ https://w3-graph-w3-graph.w3-globals.dal.app.cirrus.ibm.com/graphql?client-tracking-id=w3-web-carbon&op=getUserNotifications:0
[104376971ms] [ERROR] Failed to load resource: net::ERR_NAME_NOT_RESOLVED @ https://w3-authorization-service.w3-globals.dal.app.cirrus.ibm.com/v1/validate/tokenexp/1783696205:0
[104430171ms] [ERROR] Failed to load resource: net::ERR_NAME_NOT_RESOLVED @ https://w3-graph-w3-graph.w3-globals.dal.app.cirrus.ibm.com/graphql?client-tracking-id=w3-web-carbon&op=getUserNotifications:0
[104556954ms] [ERROR] Failed to load resource: net::ERR_NAME_NOT_RESOLVED @ https://w3-authorization-service.w3-globals.dal.app.cirrus.ibm.com/v1/validate/tokenexp/1783696205:0
[104580264ms] [ERROR] Failed to load resource: net::ERR_NAME_NOT_RESOLVED @ https://w3-graph-w3-graph.w3-globals.dal.app.cirrus.ibm.com/graphql?client-tracking-id=w3-web-carbon&op=getUserNotifications:0
[104730390ms] [ERROR] Failed to load resource: net::ERR_NAME_NOT_RESOLVED @ https://w3-graph-w3-graph.w3-globals.dal.app.cirrus.ibm.com/graphql?client-tracking-id=w3-web-carbon&op=getUserNotifications:0
[104736985ms] [ERROR] Failed to load resource: net::ERR_NAME_NOT_RESOLVED @ https://w3-authorization-service.w3-globals.dal.app.cirrus.ibm.com/v1/validate/tokenexp/1783696205:0
[104880487ms] [ERROR] Failed to load resource: net::ERR_NAME_NOT_RESOLVED @ https://w3-graph-w3-graph.w3-globals.dal.app.cirrus.ibm.com/graphql?client-tracking-id=w3-web-carbon&op=getUserNotifications:0
[104916987ms] [ERROR] Failed to load resource: net::ERR_NAME_NOT_RESOLVED @ https://w3-authorization-service.w3-globals.dal.app.cirrus.ibm.com/v1/validate/tokenexp/1783696205:0
[105030584ms] [ERROR] Failed to load resource: net::ERR_NAME_NOT_RESOLVED @ https://w3-graph-w3-graph.w3-globals.dal.app.cirrus.ibm.com/graphql?client-tracking-id=w3-web-carbon&op=getUserNotifications:0
[105097007ms] [ERROR] Failed to load resource: net::ERR_NAME_NOT_RESOLVED @ https://w3-authorization-service.w3-globals.dal.app.cirrus.ibm.com/v1/validate/tokenexp/1783696205:0
[105180679ms] [ERROR] Failed to load resource: net::ERR_NAME_NOT_RESOLVED @ https://w3-graph-w3-graph.w3-globals.dal.app.cirrus.ibm.com/graphql?client-tracking-id=w3-web-carbon&op=getUserNotifications:0
[105277007ms] [ERROR] Failed to load resource: net::ERR_NAME_NOT_RESOLVED @ https://w3-authorization-service.w3-globals.dal.app.cirrus.ibm.com/v1/validate/tokenexp/1783696205:0
[105330773ms] [ERROR] Failed to load resource: net::ERR_NAME_NOT_RESOLVED @ https://w3-graph-w3-graph.w3-globals.dal.app.cirrus.ibm.com/graphql?client-tracking-id=w3-web-carbon&op=getUserNotifications:0
[105457003ms] [ERROR] Failed to load resource: net::ERR_NAME_NOT_RESOLVED @ https://w3-authorization-service.w3-globals.dal.app.cirrus.ibm.com/v1/validate/tokenexp/1783696205:0
[105480875ms] [ERROR] Failed to load resource: net::ERR_NAME_NOT_RESOLVED @ https://w3-graph-w3-graph.w3-globals.dal.app.cirrus.ibm.com/graphql?client-tracking-id=w3-web-carbon&op=getUserNotifications:0
[105630970ms] [ERROR] Failed to load resource: net::ERR_NAME_NOT_RESOLVED @ https://w3-graph-w3-graph.w3-globals.dal.app.cirrus.ibm.com/graphql?client-tracking-id=w3-web-carbon&op=getUserNotifications:0
[105636977ms] [ERROR] Failed to load resource: net::ERR_NAME_NOT_RESOLVED @ https://w3-authorization-service.w3-globals.dal.app.cirrus.ibm.com/v1/validate/tokenexp/1783696205:0
[105781056ms] [ERROR] Failed to load resource: net::ERR_NAME_NOT_RESOLVED @ https://w3-graph-w3-graph.w3-globals.dal.app.cirrus.ibm.com/graphql?client-tracking-id=w3-web-carbon&op=getUserNotifications:0
[105817000ms] [ERROR] Failed to load resource: net::ERR_NAME_NOT_RESOLVED @ https://w3-authorization-service.w3-globals.dal.app.cirrus.ibm.com/v1/validate/tokenexp/1783696205:0
[105931162ms] [ERROR] Failed to load resource: net::ERR_NAME_NOT_RESOLVED @ https://w3-graph-w3-graph.w3-globals.dal.app.cirrus.ibm.com/graphql?client-tracking-id=w3-web-carbon&op=getUserNotifications:0
[105996999ms] [ERROR] Failed to load resource: net::ERR_NAME_NOT_RESOLVED @ https://w3-authorization-service.w3-globals.dal.app.cirrus.ibm.com/v1/validate/tokenexp/1783696205:0
[106081269ms] [ERROR] Failed to load resource: net::ERR_NAME_NOT_RESOLVED @ https://w3-graph-w3-graph.w3-globals.dal.app.cirrus.ibm.com/graphql?client-tracking-id=w3-web-carbon&op=getUserNotifications:0
[106177042ms] [ERROR] Failed to load resource: net::ERR_NAME_NOT_RESOLVED @ https://w3-authorization-service.w3-globals.dal.app.cirrus.ibm.com/v1/validate/tokenexp/1783696205:0
[106231357ms] [ERROR] Failed to load resource: net::ERR_NAME_NOT_RESOLVED @ https://w3-graph-w3-graph.w3-globals.dal.app.cirrus.ibm.com/graphql?client-tracking-id=w3-web-carbon&op=getUserNotifications:0
[106357011ms] [ERROR] Failed to load resource: net::ERR_NAME_NOT_RESOLVED @ https://w3-authorization-service.w3-globals.dal.app.cirrus.ibm.com/v1/validate/tokenexp/1783696205:0
[106381469ms] [ERROR] Failed to load resource: net::ERR_NAME_NOT_RESOLVED @ https://w3-graph-w3-graph.w3-globals.dal.app.cirrus.ibm.com/graphql?client-tracking-id=w3-web-carbon&op=getUserNotifications:0
[106531573ms] [ERROR] Failed to load resource: net::ERR_NAME_NOT_RESOLVED @ https://w3-graph-w3-graph.w3-globals.dal.app.cirrus.ibm.com/graphql?client-tracking-id=w3-web-carbon&op=getUserNotifications:0
[106537001ms] [ERROR] Failed to load resource: net::ERR_NAME_NOT_RESOLVED @ https://w3-authorization-service.w3-globals.dal.app.cirrus.ibm.com/v1/validate/tokenexp/1783696205:0
[106681695ms] [ERROR] Failed to load resource: net::ERR_NAME_NOT_RESOLVED @ https://w3-graph-w3-graph.w3-globals.dal.app.cirrus.ibm.com/graphql?client-tracking-id=w3-web-carbon&op=getUserNotifications:0
[106716988ms] [ERROR] Failed to load resource: net::ERR_NAME_NOT_RESOLVED @ https://w3-authorization-service.w3-globals.dal.app.cirrus.ibm.com/v1/validate/tokenexp/1783696205:0
[106831801ms] [ERROR] Failed to load resource: net::ERR_NAME_NOT_RESOLVED @ https://w3-graph-w3-graph.w3-globals.dal.app.cirrus.ibm.com/graphql?client-tracking-id=w3-web-carbon&op=getUserNotifications:0
[106896989ms] [ERROR] Failed to load resource: net::ERR_NAME_NOT_RESOLVED @ https://w3-authorization-service.w3-globals.dal.app.cirrus.ibm.com/v1/validate/tokenexp/1783696205:0
[106981900ms] [ERROR] Failed to load resource: net::ERR_NAME_NOT_RESOLVED @ https://w3-graph-w3-graph.w3-globals.dal.app.cirrus.ibm.com/graphql?client-tracking-id=w3-web-carbon&op=getUserNotifications:0
[107077007ms] [ERROR] Failed to load resource: net::ERR_NAME_NOT_RESOLVED @ https://w3-authorization-service.w3-globals.dal.app.cirrus.ibm.com/v1/validate/tokenexp/1783696205:0
[107131996ms] [ERROR] Failed to load resource: net::ERR_NAME_NOT_RESOLVED @ https://w3-graph-w3-graph.w3-globals.dal.app.cirrus.ibm.com/graphql?client-tracking-id=w3-web-carbon&op=getUserNotifications:0
[107257027ms] [ERROR] Failed to load resource: net::ERR_NAME_NOT_RESOLVED @ https://w3-authorization-service.w3-globals.dal.app.cirrus.ibm.com/v1/validate/tokenexp/1783696205:0
[107282125ms] [ERROR] Failed to load resource: net::ERR_NAME_NOT_RESOLVED @ https://w3-graph-w3-graph.w3-globals.dal.app.cirrus.ibm.com/graphql?client-tracking-id=w3-web-carbon&op=getUserNotifications:0
[107432218ms] [ERROR] Failed to load resource: net::ERR_NAME_NOT_RESOLVED @ https://w3-graph-w3-graph.w3-globals.dal.app.cirrus.ibm.com/graphql?client-tracking-id=w3-web-carbon&op=getUserNotifications:0
[107436996ms] [ERROR] Failed to load resource: net::ERR_NAME_NOT_RESOLVED @ https://w3-authorization-service.w3-globals.dal.app.cirrus.ibm.com/v1/validate/tokenexp/1783696205:0
[107582309ms] [ERROR] Failed to load resource: net::ERR_NAME_NOT_RESOLVED @ https://w3-graph-w3-graph.w3-globals.dal.app.cirrus.ibm.com/graphql?client-tracking-id=w3-web-carbon&op=getUserNotifications:0
[107616994ms] [ERROR] Failed to load resource: net::ERR_NAME_NOT_RESOLVED @ https://w3-authorization-service.w3-globals.dal.app.cirrus.ibm.com/v1/validate/tokenexp/1783696205:0
[107732410ms] [ERROR] Failed to load resource: net::ERR_NAME_NOT_RESOLVED @ https://w3-graph-w3-graph.w3-globals.dal.app.cirrus.ibm.com/graphql?client-tracking-id=w3-web-carbon&op=getUserNotifications:0
[107797012ms] [ERROR] Failed to load resource: net::ERR_NAME_NOT_RESOLVED @ https://w3-authorization-service.w3-globals.dal.app.cirrus.ibm.com/v1/validate/tokenexp/1783696205:0
[107882511ms] [ERROR] Failed to load resource: net::ERR_NAME_NOT_RESOLVED @ https://w3-graph-w3-graph.w3-globals.dal.app.cirrus.ibm.com/graphql?client-tracking-id=w3-web-carbon&op=getUserNotifications:0
[107976968ms] [ERROR] Failed to load resource: net::ERR_NAME_NOT_RESOLVED @ https://w3-authorization-service.w3-globals.dal.app.cirrus.ibm.com/v1/validate/tokenexp/1783696205:0
[108032573ms] [ERROR] Failed to load resource: net::ERR_NAME_NOT_RESOLVED @ https://w3-graph-w3-graph.w3-globals.dal.app.cirrus.ibm.com/graphql?client-tracking-id=w3-web-carbon&op=getUserNotifications:0
[108156977ms] [ERROR] Failed to load resource: net::ERR_NAME_NOT_RESOLVED @ https://w3-authorization-service.w3-globals.dal.app.cirrus.ibm.com/v1/validate/tokenexp/1783696205:0
[108182658ms] [ERROR] Failed to load resource: net::ERR_NAME_NOT_RESOLVED @ https://w3-graph-w3-graph.w3-globals.dal.app.cirrus.ibm.com/graphql?client-tracking-id=w3-web-carbon&op=getUserNotifications:0
[108332753ms] [ERROR] Failed to load resource: net::ERR_NAME_NOT_RESOLVED @ https://w3-graph-w3-graph.w3-globals.dal.app.cirrus.ibm.com/graphql?client-tracking-id=w3-web-carbon&op=getUserNotifications:0
[108336965ms] [ERROR] Failed to load resource: net::ERR_NAME_NOT_RESOLVED @ https://w3-authorization-service.w3-globals.dal.app.cirrus.ibm.com/v1/validate/tokenexp/1783696205:0
[108482843ms] [ERROR] Failed to load resource: net::ERR_NAME_NOT_RESOLVED @ https://w3-graph-w3-graph.w3-globals.dal.app.cirrus.ibm.com/graphql?client-tracking-id=w3-web-carbon&op=getUserNotifications:0
[108516966ms] [ERROR] Failed to load resource: net::ERR_NAME_NOT_RESOLVED @ https://w3-authorization-service.w3-globals.dal.app.cirrus.ibm.com/v1/validate/tokenexp/1783696205:0
[108632936ms] [ERROR] Failed to load resource: net::ERR_NAME_NOT_RESOLVED @ https://w3-graph-w3-graph.w3-globals.dal.app.cirrus.ibm.com/graphql?client-tracking-id=w3-web-carbon&op=getUserNotifications:0
[108696961ms] [ERROR] Failed to load resource: net::ERR_NAME_NOT_RESOLVED @ https://w3-authorization-service.w3-globals.dal.app.cirrus.ibm.com/v1/validate/tokenexp/1783696205:0
[108783017ms] [ERROR] Failed to load resource: net::ERR_NAME_NOT_RESOLVED @ https://w3-graph-w3-graph.w3-globals.dal.app.cirrus.ibm.com/graphql?client-tracking-id=w3-web-carbon&op=getUserNotifications:0
[108876958ms] [ERROR] Failed to load resource: net::ERR_NAME_NOT_RESOLVED @ https://w3-authorization-service.w3-globals.dal.app.cirrus.ibm.com/v1/validate/tokenexp/1783696205:0
[108933108ms] [ERROR] Failed to load resource: net::ERR_NAME_NOT_RESOLVED @ https://w3-graph-w3-graph.w3-globals.dal.app.cirrus.ibm.com/graphql?client-tracking-id=w3-web-carbon&op=getUserNotifications:0
[109056992ms] [ERROR] Failed to load resource: net::ERR_NAME_NOT_RESOLVED @ https://w3-authorization-service.w3-globals.dal.app.cirrus.ibm.com/v1/validate/tokenexp/1783696205:0
[109083199ms] [ERROR] Failed to load resource: net::ERR_NAME_NOT_RESOLVED @ https://w3-graph-w3-graph.w3-globals.dal.app.cirrus.ibm.com/graphql?client-tracking-id=w3-web-carbon&op=getUserNotifications:0
[109233305ms] [ERROR] Failed to load resource: net::ERR_NAME_NOT_RESOLVED @ https://w3-graph-w3-graph.w3-globals.dal.app.cirrus.ibm.com/graphql?client-tracking-id=w3-web-carbon&op=getUserNotifications:0
[109236986ms] [ERROR] Failed to load resource: net::ERR_NAME_NOT_RESOLVED @ https://w3-authorization-service.w3-globals.dal.app.cirrus.ibm.com/v1/validate/tokenexp/1783696205:0
[109383433ms] [ERROR] Failed to load resource: net::ERR_NAME_NOT_RESOLVED @ https://w3-graph-w3-graph.w3-globals.dal.app.cirrus.ibm.com/graphql?client-tracking-id=w3-web-carbon&op=getUserNotifications:0
[109416999ms] [ERROR] Failed to load resource: net::ERR_NAME_NOT_RESOLVED @ https://w3-authorization-service.w3-globals.dal.app.cirrus.ibm.com/v1/validate/tokenexp/1783696205:0
[109533571ms] [ERROR] Failed to load resource: net::ERR_NAME_NOT_RESOLVED @ https://w3-graph-w3-graph.w3-globals.dal.app.cirrus.ibm.com/graphql?client-tracking-id=w3-web-carbon&op=getUserNotifications:0
[109597002ms] [ERROR] Failed to load resource: net::ERR_NAME_NOT_RESOLVED @ https://w3-authorization-service.w3-globals.dal.app.cirrus.ibm.com/v1/validate/tokenexp/1783696205:0
[109683664ms] [ERROR] Failed to load resource: net::ERR_NAME_NOT_RESOLVED @ https://w3-graph-w3-graph.w3-globals.dal.app.cirrus.ibm.com/graphql?client-tracking-id=w3-web-carbon&op=getUserNotifications:0
[109777008ms] [ERROR] Failed to load resource: net::ERR_NAME_NOT_RESOLVED @ https://w3-authorization-service.w3-globals.dal.app.cirrus.ibm.com/v1/validate/tokenexp/1783696205:0
[109833758ms] [ERROR] Failed to load resource: net::ERR_NAME_NOT_RESOLVED @ https://w3-graph-w3-graph.w3-globals.dal.app.cirrus.ibm.com/graphql?client-tracking-id=w3-web-carbon&op=getUserNotifications:0
[109957065ms] [ERROR] Failed to load resource: net::ERR_NAME_NOT_RESOLVED @ https://w3-authorization-service.w3-globals.dal.app.cirrus.ibm.com/v1/validate/tokenexp/1783696205:0
[109983854ms] [ERROR] Failed to load resource: net::ERR_NAME_NOT_RESOLVED @ https://w3-graph-w3-graph.w3-globals.dal.app.cirrus.ibm.com/graphql?client-tracking-id=w3-web-carbon&op=getUserNotifications:0
[110133947ms] [ERROR] Failed to load resource: net::ERR_NAME_NOT_RESOLVED @ https://w3-graph-w3-graph.w3-globals.dal.app.cirrus.ibm.com/graphql?client-tracking-id=w3-web-carbon&op=getUserNotifications:0
[110137006ms] [ERROR] Failed to load resource: net::ERR_NAME_NOT_RESOLVED @ https://w3-authorization-service.w3-globals.dal.app.cirrus.ibm.com/v1/validate/tokenexp/1783696205:0
[110284036ms] [ERROR] Failed to load resource: net::ERR_NAME_NOT_RESOLVED @ https://w3-graph-w3-graph.w3-globals.dal.app.cirrus.ibm.com/graphql?client-tracking-id=w3-web-carbon&op=getUserNotifications:0
[110317014ms] [ERROR] Failed to load resource: net::ERR_NAME_NOT_RESOLVED @ https://w3-authorization-service.w3-globals.dal.app.cirrus.ibm.com/v1/validate/tokenexp/1783696205:0
[110434131ms] [ERROR] Failed to load resource: net::ERR_NAME_NOT_RESOLVED @ https://w3-graph-w3-graph.w3-globals.dal.app.cirrus.ibm.com/graphql?client-tracking-id=w3-web-carbon&op=getUserNotifications:0
[110497009ms] [ERROR] Failed to load resource: net::ERR_NAME_NOT_RESOLVED @ https://w3-authorization-service.w3-globals.dal.app.cirrus.ibm.com/v1/validate/tokenexp/1783696205:0
[110584226ms] [ERROR] Failed to load resource: net::ERR_NAME_NOT_RESOLVED @ https://w3-graph-w3-graph.w3-globals.dal.app.cirrus.ibm.com/graphql?client-tracking-id=w3-web-carbon&op=getUserNotifications:0
[110677005ms] [ERROR] Failed to load resource: net::ERR_NAME_NOT_RESOLVED @ https://w3-authorization-service.w3-globals.dal.app.cirrus.ibm.com/v1/validate/tokenexp/1783696205:0
[110734315ms] [ERROR] Failed to load resource: net::ERR_NAME_NOT_RESOLVED @ https://w3-graph-w3-graph.w3-globals.dal.app.cirrus.ibm.com/graphql?client-tracking-id=w3-web-carbon&op=getUserNotifications:0
[110857000ms] [ERROR] Failed to load resource: net::ERR_NAME_NOT_RESOLVED @ https://w3-authorization-service.w3-globals.dal.app.cirrus.ibm.com/v1/validate/tokenexp/1783696205:0
[110884441ms] [ERROR] Failed to load resource: net::ERR_NAME_NOT_RESOLVED @ https://w3-graph-w3-graph.w3-globals.dal.app.cirrus.ibm.com/graphql?client-tracking-id=w3-web-carbon&op=getUserNotifications:0
[111034535ms] [ERROR] Failed to load resource: net::ERR_NAME_NOT_RESOLVED @ https://w3-graph-w3-graph.w3-globals.dal.app.cirrus.ibm.com/graphql?client-tracking-id=w3-web-carbon&op=getUserNotifications:0
[111037006ms] [ERROR] Failed to load resource: net::ERR_NAME_NOT_RESOLVED @ https://w3-authorization-service.w3-globals.dal.app.cirrus.ibm.com/v1/validate/tokenexp/1783696205:0
[111184634ms] [ERROR] Failed to load resource: net::ERR_NAME_NOT_RESOLVED @ https://w3-graph-w3-graph.w3-globals.dal.app.cirrus.ibm.com/graphql?client-tracking-id=w3-web-carbon&op=getUserNotifications:0
[111217007ms] [ERROR] Failed to load resource: net::ERR_NAME_NOT_RESOLVED @ https://w3-authorization-service.w3-globals.dal.app.cirrus.ibm.com/v1/validate/tokenexp/1783696205:0
[111334718ms] [ERROR] Failed to load resource: net::ERR_NAME_NOT_RESOLVED @ https://w3-graph-w3-graph.w3-globals.dal.app.cirrus.ibm.com/graphql?client-tracking-id=w3-web-carbon&op=getUserNotifications:0
[111397008ms] [ERROR] Failed to load resource: net::ERR_NAME_NOT_RESOLVED @ https://w3-authorization-service.w3-globals.dal.app.cirrus.ibm.com/v1/validate/tokenexp/1783696205:0
[111484809ms] [ERROR] Failed to load resource: net::ERR_NAME_NOT_RESOLVED @ https://w3-graph-w3-graph.w3-globals.dal.app.cirrus.ibm.com/graphql?client-tracking-id=w3-web-carbon&op=getUserNotifications:0
[111577004ms] [ERROR] Failed to load resource: net::ERR_NAME_NOT_RESOLVED @ https://w3-authorization-service.w3-globals.dal.app.cirrus.ibm.com/v1/validate/tokenexp/1783696205:0
[111634893ms] [ERROR] Failed to load resource: net::ERR_NAME_NOT_RESOLVED @ https://w3-graph-w3-graph.w3-globals.dal.app.cirrus.ibm.com/graphql?client-tracking-id=w3-web-carbon&op=getUserNotifications:0
[111757005ms] [ERROR] Failed to load resource: net::ERR_NAME_NOT_RESOLVED @ https://w3-authorization-service.w3-globals.dal.app.cirrus.ibm.com/v1/validate/tokenexp/1783696205:0
[111784992ms] [ERROR] Failed to load resource: net::ERR_NAME_NOT_RESOLVED @ https://w3-graph-w3-graph.w3-globals.dal.app.cirrus.ibm.com/graphql?client-tracking-id=w3-web-carbon&op=getUserNotifications:0
[111935087ms] [ERROR] Failed to load resource: net::ERR_NAME_NOT_RESOLVED @ https://w3-graph-w3-graph.w3-globals.dal.app.cirrus.ibm.com/graphql?client-tracking-id=w3-web-carbon&op=getUserNotifications:0
[111937002ms] [ERROR] Failed to load resource: net::ERR_NAME_NOT_RESOLVED @ https://w3-authorization-service.w3-globals.dal.app.cirrus.ibm.com/v1/validate/tokenexp/1783696205:0
[112085174ms] [ERROR] Failed to load resource: net::ERR_NAME_NOT_RESOLVED @ https://w3-graph-w3-graph.w3-globals.dal.app.cirrus.ibm.com/graphql?client-tracking-id=w3-web-carbon&op=getUserNotifications:0
[112117002ms] [ERROR] Failed to load resource: net::ERR_NAME_NOT_RESOLVED @ https://w3-authorization-service.w3-globals.dal.app.cirrus.ibm.com/v1/validate/tokenexp/1783696205:0
[112235288ms] [ERROR] Failed to load resource: net::ERR_NAME_NOT_RESOLVED @ https://w3-graph-w3-graph.w3-globals.dal.app.cirrus.ibm.com/graphql?client-tracking-id=w3-web-carbon&op=getUserNotifications:0
[112297015ms] [ERROR] Failed to load resource: net::ERR_NAME_NOT_RESOLVED @ https://w3-authorization-service.w3-globals.dal.app.cirrus.ibm.com/v1/validate/tokenexp/1783696205:0
[112385404ms] [ERROR] Failed to load resource: net::ERR_NAME_NOT_RESOLVED @ https://w3-graph-w3-graph.w3-globals.dal.app.cirrus.ibm.com/graphql?client-tracking-id=w3-web-carbon&op=getUserNotifications:0
[112477038ms] [ERROR] Failed to load resource: net::ERR_NAME_NOT_RESOLVED @ https://w3-authorization-service.w3-globals.dal.app.cirrus.ibm.com/v1/validate/tokenexp/1783696205:0
[112535518ms] [ERROR] Failed to load resource: net::ERR_NAME_NOT_RESOLVED @ https://w3-graph-w3-graph.w3-globals.dal.app.cirrus.ibm.com/graphql?client-tracking-id=w3-web-carbon&op=getUserNotifications:0
[112657051ms] [ERROR] Failed to load resource: net::ERR_NAME_NOT_RESOLVED @ https://w3-authorization-service.w3-globals.dal.app.cirrus.ibm.com/v1/validate/tokenexp/1783696205:0
[112685635ms] [ERROR] Failed to load resource: net::ERR_NAME_NOT_RESOLVED @ https://w3-graph-w3-graph.w3-globals.dal.app.cirrus.ibm.com/graphql?client-tracking-id=w3-web-carbon&op=getUserNotifications:0
[112835728ms] [ERROR] Failed to load resource: net::ERR_NAME_NOT_RESOLVED @ https://w3-graph-w3-graph.w3-globals.dal.app.cirrus.ibm.com/graphql?client-tracking-id=w3-web-carbon&op=getUserNotifications:0
[112837078ms] [ERROR] Failed to load resource: net::ERR_NAME_NOT_RESOLVED @ https://w3-authorization-service.w3-globals.dal.app.cirrus.ibm.com/v1/validate/tokenexp/1783696205:0
[112985832ms] [ERROR] Failed to load resource: net::ERR_NAME_NOT_RESOLVED @ https://w3-graph-w3-graph.w3-globals.dal.app.cirrus.ibm.com/graphql?client-tracking-id=w3-web-carbon&op=getUserNotifications:0
[113017029ms] [ERROR] Failed to load resource: net::ERR_NAME_NOT_RESOLVED @ https://w3-authorization-service.w3-globals.dal.app.cirrus.ibm.com/v1/validate/tokenexp/1783696205:0
[113135944ms] [ERROR] Failed to load resource: net::ERR_NAME_NOT_RESOLVED @ https://w3-graph-w3-graph.w3-globals.dal.app.cirrus.ibm.com/graphql?client-tracking-id=w3-web-carbon&op=getUserNotifications:0
[113197042ms] [ERROR] Failed to load resource: net::ERR_NAME_NOT_RESOLVED @ https://w3-authorization-service.w3-globals.dal.app.cirrus.ibm.com/v1/validate/tokenexp/1783696205:0
[113286055ms] [ERROR] Failed to load resource: net::ERR_NAME_NOT_RESOLVED @ https://w3-graph-w3-graph.w3-globals.dal.app.cirrus.ibm.com/graphql?client-tracking-id=w3-web-carbon&op=getUserNotifications:0
[113377079ms] [ERROR] Failed to load resource: net::ERR_NAME_NOT_RESOLVED @ https://w3-authorization-service.w3-globals.dal.app.cirrus.ibm.com/v1/validate/tokenexp/1783696205:0
[113436149ms] [ERROR] Failed to load resource: net::ERR_NAME_NOT_RESOLVED @ https://w3-graph-w3-graph.w3-globals.dal.app.cirrus.ibm.com/graphql?client-tracking-id=w3-web-carbon&op=getUserNotifications:0
[113557035ms] [ERROR] Failed to load resource: net::ERR_NAME_NOT_RESOLVED @ https://w3-authorization-service.w3-globals.dal.app.cirrus.ibm.com/v1/validate/tokenexp/1783696205:0
[113586244ms] [ERROR] Failed to load resource: net::ERR_NAME_NOT_RESOLVED @ https://w3-graph-w3-graph.w3-globals.dal.app.cirrus.ibm.com/graphql?client-tracking-id=w3-web-carbon&op=getUserNotifications:0
[113736352ms] [ERROR] Failed to load resource: net::ERR_NAME_NOT_RESOLVED @ https://w3-graph-w3-graph.w3-globals.dal.app.cirrus.ibm.com/graphql?client-tracking-id=w3-web-carbon&op=getUserNotifications:0
[113737040ms] [ERROR] Failed to load resource: net::ERR_NAME_NOT_RESOLVED @ https://w3-authorization-service.w3-globals.dal.app.cirrus.ibm.com/v1/validate/tokenexp/1783696205:0
[113886452ms] [ERROR] Failed to load resource: net::ERR_NAME_NOT_RESOLVED @ https://w3-graph-w3-graph.w3-globals.dal.app.cirrus.ibm.com/graphql?client-tracking-id=w3-web-carbon&op=getUserNotifications:0
[113917043ms] [ERROR] Failed to load resource: net::ERR_NAME_NOT_RESOLVED @ https://w3-authorization-service.w3-globals.dal.app.cirrus.ibm.com/v1/validate/tokenexp/1783696205:0
[114036577ms] [ERROR] Failed to load resource: net::ERR_NAME_NOT_RESOLVED @ https://w3-graph-w3-graph.w3-globals.dal.app.cirrus.ibm.com/graphql?client-tracking-id=w3-web-carbon&op=getUserNotifications:0
[114097060ms] [ERROR] Failed to load resource: net::ERR_NAME_NOT_RESOLVED @ https://w3-authorization-service.w3-globals.dal.app.cirrus.ibm.com/v1/validate/tokenexp/1783696205:0
[114186678ms] [ERROR] Failed to load resource: net::ERR_NAME_NOT_RESOLVED @ https://w3-graph-w3-graph.w3-globals.dal.app.cirrus.ibm.com/graphql?client-tracking-id=w3-web-carbon&op=getUserNotifications:0
[114277068ms] [ERROR] Failed to load resource: net::ERR_NAME_NOT_RESOLVED @ https://w3-authorization-service.w3-globals.dal.app.cirrus.ibm.com/v1/validate/tokenexp/1783696205:0
[114336785ms] [ERROR] Failed to load resource: net::ERR_NAME_NOT_RESOLVED @ https://w3-graph-w3-graph.w3-globals.dal.app.cirrus.ibm.com/graphql?client-tracking-id=w3-web-carbon&op=getUserNotifications:0
[114457059ms] [ERROR] Failed to load resource: net::ERR_NAME_NOT_RESOLVED @ https://w3-authorization-service.w3-globals.dal.app.cirrus.ibm.com/v1/validate/tokenexp/1783696205:0
[114487222ms] [ERROR] Failed to load resource: net::ERR_NAME_NOT_RESOLVED @ https://w3-graph-w3-graph.w3-globals.dal.app.cirrus.ibm.com/graphql?client-tracking-id=w3-web-carbon&op=getUserNotifications:0
[114637052ms] [ERROR] Failed to load resource: net::ERR_NAME_NOT_RESOLVED @ https://w3-authorization-service.w3-globals.dal.app.cirrus.ibm.com/v1/validate/tokenexp/1783696205:0
[114637318ms] [ERROR] Failed to load resource: net::ERR_NAME_NOT_RESOLVED @ https://w3-graph-w3-graph.w3-globals.dal.app.cirrus.ibm.com/graphql?client-tracking-id=w3-web-carbon&op=getUserNotifications:0
[114787419ms] [ERROR] Failed to load resource: net::ERR_NAME_NOT_RESOLVED @ https://w3-graph-w3-graph.w3-globals.dal.app.cirrus.ibm.com/graphql?client-tracking-id=w3-web-carbon&op=getUserNotifications:0
[114817151ms] [ERROR] Failed to load resource: net::ERR_NAME_NOT_RESOLVED @ https://w3-authorization-service.w3-globals.dal.app.cirrus.ibm.com/v1/validate/tokenexp/1783696205:0
[114937682ms] [ERROR] Failed to load resource: net::ERR_NAME_NOT_RESOLVED @ https://w3-graph-w3-graph.w3-globals.dal.app.cirrus.ibm.com/graphql?client-tracking-id=w3-web-carbon&op=getUserNotifications:0
[114997059ms] [ERROR] Failed to load resource: net::ERR_NAME_NOT_RESOLVED @ https://w3-authorization-service.w3-globals.dal.app.cirrus.ibm.com/v1/validate/tokenexp/1783696205:0
[115087766ms] [ERROR] Failed to load resource: net::ERR_NAME_NOT_RESOLVED @ https://w3-graph-w3-graph.w3-globals.dal.app.cirrus.ibm.com/graphql?client-tracking-id=w3-web-carbon&op=getUserNotifications:0
[115177036ms] [ERROR] Failed to load resource: net::ERR_NAME_NOT_RESOLVED @ https://w3-authorization-service.w3-globals.dal.app.cirrus.ibm.com/v1/validate/tokenexp/1783696205:0
[115237895ms] [ERROR] Failed to load resource: net::ERR_NAME_NOT_RESOLVED @ https://w3-graph-w3-graph.w3-globals.dal.app.cirrus.ibm.com/graphql?client-tracking-id=w3-web-carbon&op=getUserNotifications:0
[115357018ms] [ERROR] Failed to load resource: net::ERR_NAME_NOT_RESOLVED @ https://w3-authorization-service.w3-globals.dal.app.cirrus.ibm.com/v1/validate/tokenexp/1783696205:0
[115387990ms] [ERROR] Failed to load resource: net::ERR_NAME_NOT_RESOLVED @ https://w3-graph-w3-graph.w3-globals.dal.app.cirrus.ibm.com/graphql?client-tracking-id=w3-web-carbon&op=getUserNotifications:0
[115537007ms] [ERROR] Failed to load resource: net::ERR_NAME_NOT_RESOLVED @ https://w3-authorization-service.w3-globals.dal.app.cirrus.ibm.com/v1/validate/tokenexp/1783696205:0
[115538075ms] [ERROR] Failed to load resource: net::ERR_NAME_NOT_RESOLVED @ https://w3-graph-w3-graph.w3-globals.dal.app.cirrus.ibm.com/graphql?client-tracking-id=w3-web-carbon&op=getUserNotifications:0
[115688158ms] [ERROR] Failed to load resource: net::ERR_NAME_NOT_RESOLVED @ https://w3-graph-w3-graph.w3-globals.dal.app.cirrus.ibm.com/graphql?client-tracking-id=w3-web-carbon&op=getUserNotifications:0
[115717007ms] [ERROR] Failed to load resource: net::ERR_NAME_NOT_RESOLVED @ https://w3-authorization-service.w3-globals.dal.app.cirrus.ibm.com/v1/validate/tokenexp/1783696205:0
[115838251ms] [ERROR] Failed to load resource: net::ERR_NAME_NOT_RESOLVED @ https://w3-graph-w3-graph.w3-globals.dal.app.cirrus.ibm.com/graphql?client-tracking-id=w3-web-carbon&op=getUserNotifications:0
[115897002ms] [ERROR] Failed to load resource: net::ERR_NAME_NOT_RESOLVED @ https://w3-authorization-service.w3-globals.dal.app.cirrus.ibm.com/v1/validate/tokenexp/1783696205:0
[115988348ms] [ERROR] Failed to load resource: net::ERR_NAME_NOT_RESOLVED @ https://w3-graph-w3-graph.w3-globals.dal.app.cirrus.ibm.com/graphql?client-tracking-id=w3-web-carbon&op=getUserNotifications:0
[116077031ms] [ERROR] Failed to load resource: net::ERR_NAME_NOT_RESOLVED @ https://w3-authorization-service.w3-globals.dal.app.cirrus.ibm.com/v1/validate/tokenexp/1783696205:0
[116138432ms] [ERROR] Failed to load resource: net::ERR_NAME_NOT_RESOLVED @ https://w3-graph-w3-graph.w3-globals.dal.app.cirrus.ibm.com/graphql?client-tracking-id=w3-web-carbon&op=getUserNotifications:0
[116257002ms] [ERROR] Failed to load resource: net::ERR_NAME_NOT_RESOLVED @ https://w3-authorization-service.w3-globals.dal.app.cirrus.ibm.com/v1/validate/tokenexp/1783696205:0
[116288519ms] [ERROR] Failed to load resource: net::ERR_NAME_NOT_RESOLVED @ https://w3-graph-w3-graph.w3-globals.dal.app.cirrus.ibm.com/graphql?client-tracking-id=w3-web-carbon&op=getUserNotifications:0
[116437003ms] [ERROR] Failed to load resource: net::ERR_NAME_NOT_RESOLVED @ https://w3-authorization-service.w3-globals.dal.app.cirrus.ibm.com/v1/validate/tokenexp/1783696205:0
[116438619ms] [ERROR] Failed to load resource: net::ERR_NAME_NOT_RESOLVED @ https://w3-graph-w3-graph.w3-globals.dal.app.cirrus.ibm.com/graphql?client-tracking-id=w3-web-carbon&op=getUserNotifications:0
[116588717ms] [ERROR] Failed to load resource: net::ERR_NAME_NOT_RESOLVED @ https://w3-graph-w3-graph.w3-globals.dal.app.cirrus.ibm.com/graphql?client-tracking-id=w3-web-carbon&op=getUserNotifications:0
[116617031ms] [ERROR] Failed to load resource: net::ERR_NAME_NOT_RESOLVED @ https://w3-authorization-service.w3-globals.dal.app.cirrus.ibm.com/v1/validate/tokenexp/1783696205:0
[116738841ms] [ERROR] Failed to load resource: net::ERR_NAME_NOT_RESOLVED @ https://w3-graph-w3-graph.w3-globals.dal.app.cirrus.ibm.com/graphql?client-tracking-id=w3-web-carbon&op=getUserNotifications:0
[116797027ms] [ERROR] Failed to load resource: net::ERR_NAME_NOT_RESOLVED @ https://w3-authorization-service.w3-globals.dal.app.cirrus.ibm.com/v1/validate/tokenexp/1783696205:0
[116888943ms] [ERROR] Failed to load resource: net::ERR_NAME_NOT_RESOLVED @ https://w3-graph-w3-graph.w3-globals.dal.app.cirrus.ibm.com/graphql?client-tracking-id=w3-web-carbon&op=getUserNotifications:0
[116977040ms] [ERROR] Failed to load resource: net::ERR_NAME_NOT_RESOLVED @ https://w3-authorization-service.w3-globals.dal.app.cirrus.ibm.com/v1/validate/tokenexp/1783696205:0
[117039294ms] [ERROR] Failed to load resource: net::ERR_NAME_NOT_RESOLVED @ https://w3-graph-w3-graph.w3-globals.dal.app.cirrus.ibm.com/graphql?client-tracking-id=w3-web-carbon&op=getUserNotifications:0
[117157067ms] [ERROR] Failed to load resource: net::ERR_NAME_NOT_RESOLVED @ https://w3-authorization-service.w3-globals.dal.app.cirrus.ibm.com/v1/validate/tokenexp/1783696205:0
[117189385ms] [ERROR] Failed to load resource: net::ERR_NAME_NOT_RESOLVED @ https://w3-graph-w3-graph.w3-globals.dal.app.cirrus.ibm.com/graphql?client-tracking-id=w3-web-carbon&op=getUserNotifications:0
[117337053ms] [ERROR] Failed to load resource: net::ERR_NAME_NOT_RESOLVED @ https://w3-authorization-service.w3-globals.dal.app.cirrus.ibm.com/v1/validate/tokenexp/1783696205:0
[117339491ms] [ERROR] Failed to load resource: net::ERR_NAME_NOT_RESOLVED @ https://w3-graph-w3-graph.w3-globals.dal.app.cirrus.ibm.com/graphql?client-tracking-id=w3-web-carbon&op=getUserNotifications:0
[117489579ms] [ERROR] Failed to load resource: net::ERR_NAME_NOT_RESOLVED @ https://w3-graph-w3-graph.w3-globals.dal.app.cirrus.ibm.com/graphql?client-tracking-id=w3-web-carbon&op=getUserNotifications:0
[117517035ms] [ERROR] Failed to load resource: net::ERR_NAME_NOT_RESOLVED @ https://w3-authorization-service.w3-globals.dal.app.cirrus.ibm.com/v1/validate/tokenexp/1783696205:0
[117639676ms] [ERROR] Failed to load resource: net::ERR_NAME_NOT_RESOLVED @ https://w3-graph-w3-graph.w3-globals.dal.app.cirrus.ibm.com/graphql?client-tracking-id=w3-web-carbon&op=getUserNotifications:0
[117697042ms] [ERROR] Failed to load resource: net::ERR_NAME_NOT_RESOLVED @ https://w3-authorization-service.w3-globals.dal.app.cirrus.ibm.com/v1/validate/tokenexp/1783696205:0
[117789794ms] [ERROR] Failed to load resource: net::ERR_NAME_NOT_RESOLVED @ https://w3-graph-w3-graph.w3-globals.dal.app.cirrus.ibm.com/graphql?client-tracking-id=w3-web-carbon&op=getUserNotifications:0
[117877063ms] [ERROR] Failed to load resource: net::ERR_NAME_NOT_RESOLVED @ https://w3-authorization-service.w3-globals.dal.app.cirrus.ibm.com/v1/validate/tokenexp/1783696205:0
[117939898ms] [ERROR] Failed to load resource: net::ERR_NAME_NOT_RESOLVED @ https://w3-graph-w3-graph.w3-globals.dal.app.cirrus.ibm.com/graphql?client-tracking-id=w3-web-carbon&op=getUserNotifications:0
[118057041ms] [ERROR] Failed to load resource: net::ERR_NAME_NOT_RESOLVED @ https://w3-authorization-service.w3-globals.dal.app.cirrus.ibm.com/v1/validate/tokenexp/1783696205:0
[118090022ms] [ERROR] Failed to load resource: net::ERR_NAME_NOT_RESOLVED @ https://w3-graph-w3-graph.w3-globals.dal.app.cirrus.ibm.com/graphql?client-tracking-id=w3-web-carbon&op=getUserNotifications:0
[118237045ms] [ERROR] Failed to load resource: net::ERR_NAME_NOT_RESOLVED @ https://w3-authorization-service.w3-globals.dal.app.cirrus.ibm.com/v1/validate/tokenexp/1783696205:0
[118240114ms] [ERROR] Failed to load resource: net::ERR_NAME_NOT_RESOLVED @ https://w3-graph-w3-graph.w3-globals.dal.app.cirrus.ibm.com/graphql?client-tracking-id=w3-web-carbon&op=getUserNotifications:0
[118390199ms] [ERROR] Failed to load resource: net::ERR_NAME_NOT_RESOLVED @ https://w3-graph-w3-graph.w3-globals.dal.app.cirrus.ibm.com/graphql?client-tracking-id=w3-web-carbon&op=getUserNotifications:0
[118417058ms] [ERROR] Failed to load resource: net::ERR_NAME_NOT_RESOLVED @ https://w3-authorization-service.w3-globals.dal.app.cirrus.ibm.com/v1/validate/tokenexp/1783696205:0
[118540301ms] [ERROR] Failed to load resource: net::ERR_NAME_NOT_RESOLVED @ https://w3-graph-w3-graph.w3-globals.dal.app.cirrus.ibm.com/graphql?client-tracking-id=w3-web-carbon&op=getUserNotifications:0
[118597042ms] [ERROR] Failed to load resource: net::ERR_NAME_NOT_RESOLVED @ https://w3-authorization-service.w3-globals.dal.app.cirrus.ibm.com/v1/validate/tokenexp/1783696205:0
[118690402ms] [ERROR] Failed to load resource: net::ERR_NAME_NOT_RESOLVED @ https://w3-graph-w3-graph.w3-globals.dal.app.cirrus.ibm.com/graphql?client-tracking-id=w3-web-carbon&op=getUserNotifications:0
[118777041ms] [ERROR] Failed to load resource: net::ERR_NAME_NOT_RESOLVED @ https://w3-authorization-service.w3-globals.dal.app.cirrus.ibm.com/v1/validate/tokenexp/1783696205:0
[118840492ms] [ERROR] Failed to load resource: net::ERR_NAME_NOT_RESOLVED @ https://w3-graph-w3-graph.w3-globals.dal.app.cirrus.ibm.com/graphql?client-tracking-id=w3-web-carbon&op=getUserNotifications:0
[118957050ms] [ERROR] Failed to load resource: net::ERR_NAME_NOT_RESOLVED @ https://w3-authorization-service.w3-globals.dal.app.cirrus.ibm.com/v1/validate/tokenexp/1783696205:0
[118990573ms] [ERROR] Failed to load resource: net::ERR_NAME_NOT_RESOLVED @ https://w3-graph-w3-graph.w3-globals.dal.app.cirrus.ibm.com/graphql?client-tracking-id=w3-web-carbon&op=getUserNotifications:0
[119137056ms] [ERROR] Failed to load resource: net::ERR_NAME_NOT_RESOLVED @ https://w3-authorization-service.w3-globals.dal.app.cirrus.ibm.com/v1/validate/tokenexp/1783696205:0
[119140666ms] [ERROR] Failed to load resource: net::ERR_NAME_NOT_RESOLVED @ https://w3-graph-w3-graph.w3-globals.dal.app.cirrus.ibm.com/graphql?client-tracking-id=w3-web-carbon&op=getUserNotifications:0
[119290855ms] [ERROR] Failed to load resource: net::ERR_NAME_NOT_RESOLVED @ https://w3-graph-w3-graph.w3-globals.dal.app.cirrus.ibm.com/graphql?client-tracking-id=w3-web-carbon&op=getUserNotifications:0
[119317047ms] [ERROR] Failed to load resource: net::ERR_NAME_NOT_RESOLVED @ https://w3-authorization-service.w3-globals.dal.app.cirrus.ibm.com/v1/validate/tokenexp/1783696205:0
[119440961ms] [ERROR] Failed to load resource: net::ERR_NAME_NOT_RESOLVED @ https://w3-graph-w3-graph.w3-globals.dal.app.cirrus.ibm.com/graphql?client-tracking-id=w3-web-carbon&op=getUserNotifications:0
[119497051ms] [ERROR] Failed to load resource: net::ERR_NAME_NOT_RESOLVED @ https://w3-authorization-service.w3-globals.dal.app.cirrus.ibm.com/v1/validate/tokenexp/1783696205:0
[119591053ms] [ERROR] Failed to load resource: net::ERR_NAME_NOT_RESOLVED @ https://w3-graph-w3-graph.w3-globals.dal.app.cirrus.ibm.com/graphql?client-tracking-id=w3-web-carbon&op=getUserNotifications:0
[119677063ms] [ERROR] Failed to load resource: net::ERR_NAME_NOT_RESOLVED @ https://w3-authorization-service.w3-globals.dal.app.cirrus.ibm.com/v1/validate/tokenexp/1783696205:0
[119741151ms] [ERROR] Failed to load resource: net::ERR_NAME_NOT_RESOLVED @ https://w3-graph-w3-graph.w3-globals.dal.app.cirrus.ibm.com/graphql?client-tracking-id=w3-web-carbon&op=getUserNotifications:0
[119857043ms] [ERROR] Failed to load resource: net::ERR_NAME_NOT_RESOLVED @ https://w3-authorization-service.w3-globals.dal.app.cirrus.ibm.com/v1/validate/tokenexp/1783696205:0
[119891225ms] [ERROR] Failed to load resource: net::ERR_NAME_NOT_RESOLVED @ https://w3-graph-w3-graph.w3-globals.dal.app.cirrus.ibm.com/graphql?client-tracking-id=w3-web-carbon&op=getUserNotifications:0
[120037045ms] [ERROR] Failed to load resource: net::ERR_NAME_NOT_RESOLVED @ https://w3-authorization-service.w3-globals.dal.app.cirrus.ibm.com/v1/validate/tokenexp/1783696205:0
[120041315ms] [ERROR] Failed to load resource: net::ERR_NAME_NOT_RESOLVED @ https://w3-graph-w3-graph.w3-globals.dal.app.cirrus.ibm.com/graphql?client-tracking-id=w3-web-carbon&op=getUserNotifications:0
[120191407ms] [ERROR] Failed to load resource: net::ERR_NAME_NOT_RESOLVED @ https://w3-graph-w3-graph.w3-globals.dal.app.cirrus.ibm.com/graphql?client-tracking-id=w3-web-carbon&op=getUserNotifications:0
[120217043ms] [ERROR] Failed to load resource: net::ERR_NAME_NOT_RESOLVED @ https://w3-authorization-service.w3-globals.dal.app.cirrus.ibm.com/v1/validate/tokenexp/1783696205:0
[120341499ms] [ERROR] Failed to load resource: net::ERR_NAME_NOT_RESOLVED @ https://w3-graph-w3-graph.w3-globals.dal.app.cirrus.ibm.com/graphql?client-tracking-id=w3-web-carbon&op=getUserNotifications:0
[120397035ms] [ERROR] Failed to load resource: net::ERR_NAME_NOT_RESOLVED @ https://w3-authorization-service.w3-globals.dal.app.cirrus.ibm.com/v1/validate/tokenexp/1783696205:0
[120491592ms] [ERROR] Failed to load resource: net::ERR_NAME_NOT_RESOLVED @ https://w3-graph-w3-graph.w3-globals.dal.app.cirrus.ibm.com/graphql?client-tracking-id=w3-web-carbon&op=getUserNotifications:0
[120577069ms] [ERROR] Failed to load resource: net::ERR_NAME_NOT_RESOLVED @ https://w3-authorization-service.w3-globals.dal.app.cirrus.ibm.com/v1/validate/tokenexp/1783696205:0
[120641685ms] [ERROR] Failed to load resource: net::ERR_NAME_NOT_RESOLVED @ https://w3-graph-w3-graph.w3-globals.dal.app.cirrus.ibm.com/graphql?client-tracking-id=w3-web-carbon&op=getUserNotifications:0
[120757041ms] [ERROR] Failed to load resource: net::ERR_NAME_NOT_RESOLVED @ https://w3-authorization-service.w3-globals.dal.app.cirrus.ibm.com/v1/validate/tokenexp/1783696205:0
[120791777ms] [ERROR] Failed to load resource: net::ERR_NAME_NOT_RESOLVED @ https://w3-graph-w3-graph.w3-globals.dal.app.cirrus.ibm.com/graphql?client-tracking-id=w3-web-carbon&op=getUserNotifications:0
[120937053ms] [ERROR] Failed to load resource: net::ERR_NAME_NOT_RESOLVED @ https://w3-authorization-service.w3-globals.dal.app.cirrus.ibm.com/v1/validate/tokenexp/1783696205:0
[120941879ms] [ERROR] Failed to load resource: net::ERR_NAME_NOT_RESOLVED @ https://w3-graph-w3-graph.w3-globals.dal.app.cirrus.ibm.com/graphql?client-tracking-id=w3-web-carbon&op=getUserNotifications:0
[121091983ms] [ERROR] Failed to load resource: net::ERR_NAME_NOT_RESOLVED @ https://w3-graph-w3-graph.w3-globals.dal.app.cirrus.ibm.com/graphql?client-tracking-id=w3-web-carbon&op=getUserNotifications:0
[121117034ms] [ERROR] Failed to load resource: net::ERR_NAME_NOT_RESOLVED @ https://w3-authorization-service.w3-globals.dal.app.cirrus.ibm.com/v1/validate/tokenexp/1783696205:0
[121242088ms] [ERROR] Failed to load resource: net::ERR_NAME_NOT_RESOLVED @ https://w3-graph-w3-graph.w3-globals.dal.app.cirrus.ibm.com/graphql?client-tracking-id=w3-web-carbon&op=getUserNotifications:0
[121297035ms] [ERROR] Failed to load resource: net::ERR_NAME_NOT_RESOLVED @ https://w3-authorization-service.w3-globals.dal.app.cirrus.ibm.com/v1/validate/tokenexp/1783696205:0
[121392147ms] [ERROR] Failed to load resource: net::ERR_NAME_NOT_RESOLVED @ https://w3-graph-w3-graph.w3-globals.dal.app.cirrus.ibm.com/graphql?client-tracking-id=w3-web-carbon&op=getUserNotifications:0
[121477011ms] [ERROR] Failed to load resource: net::ERR_NAME_NOT_RESOLVED @ https://w3-authorization-service.w3-globals.dal.app.cirrus.ibm.com/v1/validate/tokenexp/1783696205:0
[121542226ms] [ERROR] Failed to load resource: net::ERR_NAME_NOT_RESOLVED @ https://w3-graph-w3-graph.w3-globals.dal.app.cirrus.ibm.com/graphql?client-tracking-id=w3-web-carbon&op=getUserNotifications:0
[121657009ms] [ERROR] Failed to load resource: net::ERR_NAME_NOT_RESOLVED @ https://w3-authorization-service.w3-globals.dal.app.cirrus.ibm.com/v1/validate/tokenexp/1783696205:0
[121692363ms] [ERROR] Failed to load resource: net::ERR_NAME_NOT_RESOLVED @ https://w3-graph-w3-graph.w3-globals.dal.app.cirrus.ibm.com/graphql?client-tracking-id=w3-web-carbon&op=getUserNotifications:0
[121837023ms] [ERROR] Failed to load resource: net::ERR_NAME_NOT_RESOLVED @ https://w3-authorization-service.w3-globals.dal.app.cirrus.ibm.com/v1/validate/tokenexp/1783696205:0
[121842464ms] [ERROR] Failed to load resource: net::ERR_NAME_NOT_RESOLVED @ https://w3-graph-w3-graph.w3-globals.dal.app.cirrus.ibm.com/graphql?client-tracking-id=w3-web-carbon&op=getUserNotifications:0
[121992540ms] [ERROR] Failed to load resource: net::ERR_NAME_NOT_RESOLVED @ https://w3-graph-w3-graph.w3-globals.dal.app.cirrus.ibm.com/graphql?client-tracking-id=w3-web-carbon&op=getUserNotifications:0
[122017017ms] [ERROR] Failed to load resource: net::ERR_NAME_NOT_RESOLVED @ https://w3-authorization-service.w3-globals.dal.app.cirrus.ibm.com/v1/validate/tokenexp/1783696205:0
[122142643ms] [ERROR] Failed to load resource: net::ERR_NAME_NOT_RESOLVED @ https://w3-graph-w3-graph.w3-globals.dal.app.cirrus.ibm.com/graphql?client-tracking-id=w3-web-carbon&op=getUserNotifications:0
[122197015ms] [ERROR] Failed to load resource: net::ERR_NAME_NOT_RESOLVED @ https://w3-authorization-service.w3-globals.dal.app.cirrus.ibm.com/v1/validate/tokenexp/1783696205:0
[122292739ms] [ERROR] Failed to load resource: net::ERR_NAME_NOT_RESOLVED @ https://w3-graph-w3-graph.w3-globals.dal.app.cirrus.ibm.com/graphql?client-tracking-id=w3-web-carbon&op=getUserNotifications:0
[122377020ms] [ERROR] Failed to load resource: net::ERR_NAME_NOT_RESOLVED @ https://w3-authorization-service.w3-globals.dal.app.cirrus.ibm.com/v1/validate/tokenexp/1783696205:0
[122442818ms] [ERROR] Failed to load resource: net::ERR_NAME_NOT_RESOLVED @ https://w3-graph-w3-graph.w3-globals.dal.app.cirrus.ibm.com/graphql?client-tracking-id=w3-web-carbon&op=getUserNotifications:0
[122557016ms] [ERROR] Failed to load resource: net::ERR_NAME_NOT_RESOLVED @ https://w3-authorization-service.w3-globals.dal.app.cirrus.ibm.com/v1/validate/tokenexp/1783696205:0
[122592913ms] [ERROR] Failed to load resource: net::ERR_NAME_NOT_RESOLVED @ https://w3-graph-w3-graph.w3-globals.dal.app.cirrus.ibm.com/graphql?client-tracking-id=w3-web-carbon&op=getUserNotifications:0
[122737017ms] [ERROR] Failed to load resource: net::ERR_NAME_NOT_RESOLVED @ https://w3-authorization-service.w3-globals.dal.app.cirrus.ibm.com/v1/validate/tokenexp/1783696205:0
[122742987ms] [ERROR] Failed to load resource: net::ERR_NAME_NOT_RESOLVED @ https://w3-graph-w3-graph.w3-globals.dal.app.cirrus.ibm.com/graphql?client-tracking-id=w3-web-carbon&op=getUserNotifications:0
[122893093ms] [ERROR] Failed to load resource: net::ERR_NAME_NOT_RESOLVED @ https://w3-graph-w3-graph.w3-globals.dal.app.cirrus.ibm.com/graphql?client-tracking-id=w3-web-carbon&op=getUserNotifications:0
[122917027ms] [ERROR] Failed to load resource: net::ERR_NAME_NOT_RESOLVED @ https://w3-authorization-service.w3-globals.dal.app.cirrus.ibm.com/v1/validate/tokenexp/1783696205:0
[123043219ms] [ERROR] Failed to load resource: net::ERR_NAME_NOT_RESOLVED @ https://w3-graph-w3-graph.w3-globals.dal.app.cirrus.ibm.com/graphql?client-tracking-id=w3-web-carbon&op=getUserNotifications:0
[123097035ms] [ERROR] Failed to load resource: net::ERR_NAME_NOT_RESOLVED @ https://w3-authorization-service.w3-globals.dal.app.cirrus.ibm.com/v1/validate/tokenexp/1783696205:0
[123193317ms] [ERROR] Failed to load resource: net::ERR_NAME_NOT_RESOLVED @ https://w3-graph-w3-graph.w3-globals.dal.app.cirrus.ibm.com/graphql?client-tracking-id=w3-web-carbon&op=getUserNotifications:0
[123277040ms] [ERROR] Failed to load resource: net::ERR_NAME_NOT_RESOLVED @ https://w3-authorization-service.w3-globals.dal.app.cirrus.ibm.com/v1/validate/tokenexp/1783696205:0
[123343396ms] [ERROR] Failed to load resource: net::ERR_NAME_NOT_RESOLVED @ https://w3-graph-w3-graph.w3-globals.dal.app.cirrus.ibm.com/graphql?client-tracking-id=w3-web-carbon&op=getUserNotifications:0
[123430919ms] [LOG] undefined @ https://w3.ibm.com/assets/index-C-cTVSOj.js:11
