[     152ms] [ERROR] Connecting to 'https://splunk-proxy.w3-9203.ibm.com/w3ds-metrics' violates the following Content Security Policy directive: "connect-src 'self' *.cirrus.ibm.com *.s81c.com w3.ibm.com *.06f18550.public.multi-containers.ibm.com *.8fcf3624.public.multi-containers.ibm.com bluepages.ibm.com w3-pre.ibm.com api.box.com cdn01.boxcdn.net dl.boxcloud.com *.watson.appdomain.cloud *.watson-orchestrate.ibm.com *.watson-orchestrate.cloud.ibm.com askresearch.apps.res.ibm.com *.cloud-object-storage.appdomain.cloud www-api.ibm.com upload.box.com wss://cio.watson-orchestrate.ibm.com wss://dl.watson-orchestrate.ibm.com wss://us-south.watson-orchestrate.cloud.ibm.com cm-api-v4.contact-module.ibm.com cm-log-service.contact-module.ibm.com cdn.jsdelivr.net unpkg.com". The action has been blocked. @ https://w3.s81c.com/w3publisher/static-asset-cache/scripts/w3ds.js:2
[     157ms] [ERROR] Error: Failed to collect w3DS metrics
    at i.onreadystatechange (https://w3.s81c.com/w3publisher/static-asset-cache/scripts/w3ds.js:3:27910) @ :0
[    1166ms] [INFO] %c BeeHeard %c 408 color: white; background: blue;  @ :0
[    6181ms] [WARNING] The resource https://w3.ibm.com/w3publisher/devices-ibm/assets/rolldown-runtime-DAXXjFlN.js was preloaded using link preload but not used within a few seconds from the window's load event. Please make sure it has an appropriate `as` value and it is preloaded intentionally. @ https://w3.ibm.com/w3publisher/devices-ibm/return-your-device:0
[    6181ms] [WARNING] The resource https://w3.ibm.com/w3publisher/devices-ibm/assets/site-viewer-vendor-BI3YB0Ka.js was preloaded using link preload but not used within a few seconds from the window's load event. Please make sure it has an appropriate `as` value and it is preloaded intentionally. @ https://w3.ibm.com/w3publisher/devices-ibm/return-your-device:0
[   10422ms] [ERROR] Loading the image 'box:790990132125' violates the following Content Security Policy directive: "img-src 'self' *.cirrus.ibm.com *.s81c.com w3.ibm.com *.06f18550.public.multi-containers.ibm.com *.8fcf3624.public.multi-containers.ibm.com dl.boxcloud.com data: *.cloud-object-storage.appdomain.cloud *.ftcdn.net ibm.box.com ibm.ent.box.com public.boxcloud.com". The action has been blocked. @ https://w3.ibm.com/w3publisher/devices-ibm/return-your-device:0
[   10422ms] [ERROR] Loading the image 'box:790990132125' violates the following Content Security Policy directive: "img-src 'self' *.cirrus.ibm.com *.s81c.com w3.ibm.com *.06f18550.public.multi-containers.ibm.com *.8fcf3624.public.multi-containers.ibm.com dl.boxcloud.com data: *.cloud-object-storage.appdomain.cloud *.ftcdn.net ibm.box.com ibm.ent.box.com public.boxcloud.com". The action has been blocked. @ https://w3.ibm.com/w3publisher/devices-ibm/return-your-device:0
[   14186ms] [WARNING] The resource https://w3.ibm.com/w3publisher/devices-ibm/assets/rolldown-runtime-DAXXjFlN.js was preloaded using link preload but not used within a few seconds from the window's load event. Please make sure it has an appropriate `as` value and it is preloaded intentionally. @ https://w3.ibm.com/w3publisher/devices-ibm/return-your-device:0
[   14187ms] [WARNING] The resource https://w3.ibm.com/w3publisher/devices-ibm/assets/site-viewer-vendor-BI3YB0Ka.js was preloaded using link preload but not used within a few seconds from the window's load event. Please make sure it has an appropriate `as` value and it is preloaded intentionally. @ https://w3.ibm.com/w3publisher/devices-ibm/return-your-device:0
[   18146ms] [WARNING] The resource https://w3.ibm.com/w3publisher/devices-ibm/assets/rolldown-runtime-DAXXjFlN.js was preloaded using link preload but not used within a few seconds from the window's load event. Please make sure it has an appropriate `as` value and it is preloaded intentionally. @ https://w3.ibm.com/w3publisher/devices-ibm/return-your-device:0
[   18146ms] [WARNING] The resource https://w3.ibm.com/w3publisher/devices-ibm/assets/site-viewer-vendor-BI3YB0Ka.js was preloaded using link preload but not used within a few seconds from the window's load event. Please make sure it has an appropriate `as` value and it is preloaded intentionally. @ https://w3.ibm.com/w3publisher/devices-ibm/return-your-device:0
[  903884ms] [WARNING] The resource https://w3.ibm.com/w3publisher/devices-ibm/assets/rolldown-runtime-DAXXjFlN.js was preloaded using link preload but not used within a few seconds from the window's load event. Please make sure it has an appropriate `as` value and it is preloaded intentionally. @ https://w3.ibm.com/w3publisher/devices-ibm/return-your-device:0
[  903884ms] [WARNING] The resource https://w3.ibm.com/w3publisher/devices-ibm/assets/site-viewer-vendor-BI3YB0Ka.js was preloaded using link preload but not used within a few seconds from the window's load event. Please make sure it has an appropriate `as` value and it is preloaded intentionally. @ https://w3.ibm.com/w3publisher/devices-ibm/return-your-device:0
[ 1803894ms] [WARNING] The resource https://w3.ibm.com/w3publisher/devices-ibm/assets/rolldown-runtime-DAXXjFlN.js was preloaded using link preload but not used within a few seconds from the window's load event. Please make sure it has an appropriate `as` value and it is preloaded intentionally. @ https://w3.ibm.com/w3publisher/devices-ibm/return-your-device:0
[ 1803894ms] [WARNING] The resource https://w3.ibm.com/w3publisher/devices-ibm/assets/site-viewer-vendor-BI3YB0Ka.js was preloaded using link preload but not used within a few seconds from the window's load event. Please make sure it has an appropriate `as` value and it is preloaded intentionally. @ https://w3.ibm.com/w3publisher/devices-ibm/return-your-device:0
[ 2711133ms] [WARNING] The resource https://w3.ibm.com/w3publisher/devices-ibm/assets/rolldown-runtime-DAXXjFlN.js was preloaded using link preload but not used within a few seconds from the window's load event. Please make sure it has an appropriate `as` value and it is preloaded intentionally. @ https://w3.ibm.com/w3publisher/devices-ibm/return-your-device:0
[ 2711133ms] [WARNING] The resource https://w3.ibm.com/w3publisher/devices-ibm/assets/site-viewer-vendor-BI3YB0Ka.js was preloaded using link preload but not used within a few seconds from the window's load event. Please make sure it has an appropriate `as` value and it is preloaded intentionally. @ https://w3.ibm.com/w3publisher/devices-ibm/return-your-device:0
[ 3399653ms] [WARNING] The resource https://w3.ibm.com/w3publisher/devices-ibm/assets/rolldown-runtime-DAXXjFlN.js was preloaded using link preload but not used within a few seconds from the window's load event. Please make sure it has an appropriate `as` value and it is preloaded intentionally. @ https://w3.ibm.com/w3publisher/devices-ibm/return-your-device:0
[ 3399654ms] [WARNING] The resource https://w3.ibm.com/w3publisher/devices-ibm/assets/site-viewer-vendor-BI3YB0Ka.js was preloaded using link preload but not used within a few seconds from the window's load event. Please make sure it has an appropriate `as` value and it is preloaded intentionally. @ https://w3.ibm.com/w3publisher/devices-ibm/return-your-device:0
[ 3604037ms] [WARNING] The resource https://w3.ibm.com/w3publisher/devices-ibm/assets/rolldown-runtime-DAXXjFlN.js was preloaded using link preload but not used within a few seconds from the window's load event. Please make sure it has an appropriate `as` value and it is preloaded intentionally. @ https://w3.ibm.com/w3publisher/devices-ibm/return-your-device:0
[ 3604037ms] [WARNING] The resource https://w3.ibm.com/w3publisher/devices-ibm/assets/site-viewer-vendor-BI3YB0Ka.js was preloaded using link preload but not used within a few seconds from the window's load event. Please make sure it has an appropriate `as` value and it is preloaded intentionally. @ https://w3.ibm.com/w3publisher/devices-ibm/return-your-device:0
[ 4503912ms] [WARNING] The resource https://w3.ibm.com/w3publisher/devices-ibm/assets/rolldown-runtime-DAXXjFlN.js was preloaded using link preload but not used within a few seconds from the window's load event. Please make sure it has an appropriate `as` value and it is preloaded intentionally. @ https://w3.ibm.com/w3publisher/devices-ibm/return-your-device:0
[ 4503912ms] [WARNING] The resource https://w3.ibm.com/w3publisher/devices-ibm/assets/site-viewer-vendor-BI3YB0Ka.js was preloaded using link preload but not used within a few seconds from the window's load event. Please make sure it has an appropriate `as` value and it is preloaded intentionally. @ https://w3.ibm.com/w3publisher/devices-ibm/return-your-device:0
[ 5403899ms] [WARNING] The resource https://w3.ibm.com/w3publisher/devices-ibm/assets/rolldown-runtime-DAXXjFlN.js was preloaded using link preload but not used within a few seconds from the window's load event. Please make sure it has an appropriate `as` value and it is preloaded intentionally. @ https://w3.ibm.com/w3publisher/devices-ibm/return-your-device:0
[ 5403900ms] [WARNING] The resource https://w3.ibm.com/w3publisher/devices-ibm/assets/site-viewer-vendor-BI3YB0Ka.js was preloaded using link preload but not used within a few seconds from the window's load event. Please make sure it has an appropriate `as` value and it is preloaded intentionally. @ https://w3.ibm.com/w3publisher/devices-ibm/return-your-device:0
[ 6303907ms] [WARNING] The resource https://w3.ibm.com/w3publisher/devices-ibm/assets/rolldown-runtime-DAXXjFlN.js was preloaded using link preload but not used within a few seconds from the window's load event. Please make sure it has an appropriate `as` value and it is preloaded intentionally. @ https://w3.ibm.com/w3publisher/devices-ibm/return-your-device:0
[ 6303907ms] [WARNING] The resource https://w3.ibm.com/w3publisher/devices-ibm/assets/site-viewer-vendor-BI3YB0Ka.js was preloaded using link preload but not used within a few seconds from the window's load event. Please make sure it has an appropriate `as` value and it is preloaded intentionally. @ https://w3.ibm.com/w3publisher/devices-ibm/return-your-device:0
[ 9471529ms] [ERROR] Failed to load resource: net::ERR_NAME_NOT_RESOLVED @ https://w3.s81c.com/w3publisher/site-service/health/ping:0
[ 9471530ms] AxiosError: Network Error
    at h.onerror (https://w3.ibm.com/w3publisher/assets/site-viewer-vendor-BI3YB0Ka.js:26:17204)
    at qx.request (https://w3.ibm.com/w3publisher/assets/site-viewer-vendor-BI3YB0Ka.js:28:2131)
    at async Lh (https://w3.ibm.com/w3publisher/assets/index-M7xrVzMj.js:318:23696)
    at async qS.Rh (https://w3.ibm.com/w3publisher/assets/index-M7xrVzMj.js:318:23763)
[ 9474530ms] [WARNING] The resource https://w3.ibm.com/w3publisher/devices-ibm/assets/rolldown-runtime-DAXXjFlN.js was preloaded using link preload but not used within a few seconds from the window's load event. Please make sure it has an appropriate `as` value and it is preloaded intentionally. @ https://w3.ibm.com/w3publisher/devices-ibm/return-your-device:0
[ 9474531ms] [WARNING] The resource https://w3.ibm.com/w3publisher/devices-ibm/assets/site-viewer-vendor-BI3YB0Ka.js was preloaded using link preload but not used within a few seconds from the window's load event. Please make sure it has an appropriate `as` value and it is preloaded intentionally. @ https://w3.ibm.com/w3publisher/devices-ibm/return-your-device:0
[10371520ms] [ERROR] Failed to load resource: net::ERR_NAME_NOT_RESOLVED @ https://w3.s81c.com/w3publisher/site-service/health/ping:0
[10371521ms] AxiosError: Network Error
    at h.onerror (https://w3.ibm.com/w3publisher/assets/site-viewer-vendor-BI3YB0Ka.js:26:17204)
    at qx.request (https://w3.ibm.com/w3publisher/assets/site-viewer-vendor-BI3YB0Ka.js:28:2131)
    at async Lh (https://w3.ibm.com/w3publisher/assets/index-M7xrVzMj.js:318:23696)
    at async qS.Rh (https://w3.ibm.com/w3publisher/assets/index-M7xrVzMj.js:318:23763)
[10374522ms] [WARNING] The resource https://w3.ibm.com/w3publisher/devices-ibm/assets/rolldown-runtime-DAXXjFlN.js was preloaded using link preload but not used within a few seconds from the window's load event. Please make sure it has an appropriate `as` value and it is preloaded intentionally. @ https://w3.ibm.com/w3publisher/devices-ibm/return-your-device:0
[10374523ms] [WARNING] The resource https://w3.ibm.com/w3publisher/devices-ibm/assets/site-viewer-vendor-BI3YB0Ka.js was preloaded using link preload but not used within a few seconds from the window's load event. Please make sure it has an appropriate `as` value and it is preloaded intentionally. @ https://w3.ibm.com/w3publisher/devices-ibm/return-your-device:0
[10480869ms] [ERROR] TypeError: Cannot read properties of undefined (reading 'location')
    at Proxy.isCanadaUser (https://w3.ibm.com/w3publisher/assets/index-M7xrVzMj.js:327:16496)
    at Ae (https://w3.ibm.com/w3publisher/assets/site-viewer-vendor-BI3YB0Ka.js:1:4949)
    at ke (https://w3.ibm.com/w3publisher/assets/site-viewer-vendor-BI3YB0Ka.js:1:4655)
    at At.runIfDirty (https://w3.ibm.com/w3publisher/assets/site-viewer-vendor-BI3YB0Ka.js:1:15311)
    at On (https://w3.ibm.com/w3publisher/assets/site-viewer-vendor-BI3YB0Ka.js:1:21650)
    at zn (https://w3.ibm.com/w3publisher/assets/site-viewer-vendor-BI3YB0Ka.js:1:23231) @ https://w3.ibm.com/w3publisher/assets/site-viewer-vendor-BI3YB0Ka.js:0
[10480891ms] [ERROR] Failed to load resource: net::ERR_NAME_NOT_RESOLVED @ https://w3.ibm.com/w3publisher/authorization-service/v1/login/refresh:0
[10483894ms] [WARNING] The resource https://w3.ibm.com/w3publisher/devices-ibm/assets/rolldown-runtime-DAXXjFlN.js was preloaded using link preload but not used within a few seconds from the window's load event. Please make sure it has an appropriate `as` value and it is preloaded intentionally. @ https://w3.ibm.com/w3publisher/devices-ibm/return-your-device:0
[10483894ms] [WARNING] The resource https://w3.ibm.com/w3publisher/devices-ibm/assets/site-viewer-vendor-BI3YB0Ka.js was preloaded using link preload but not used within a few seconds from the window's load event. Please make sure it has an appropriate `as` value and it is preloaded intentionally. @ https://w3.ibm.com/w3publisher/devices-ibm/return-your-device:0
[11271550ms] [ERROR] Failed to load resource: net::ERR_NAME_NOT_RESOLVED @ https://w3.s81c.com/w3publisher/site-service/health/ping:0
[11271552ms] AxiosError: Network Error
    at h.onerror (https://w3.ibm.com/w3publisher/assets/site-viewer-vendor-BI3YB0Ka.js:26:17204)
    at qx.request (https://w3.ibm.com/w3publisher/assets/site-viewer-vendor-BI3YB0Ka.js:28:2131)
    at async Lh (https://w3.ibm.com/w3publisher/assets/index-M7xrVzMj.js:318:23696)
    at async qS.Rh (https://w3.ibm.com/w3publisher/assets/index-M7xrVzMj.js:318:23763)
[11274552ms] [WARNING] The resource https://w3.ibm.com/w3publisher/devices-ibm/assets/rolldown-runtime-DAXXjFlN.js was preloaded using link preload but not used within a few seconds from the window's load event. Please make sure it has an appropriate `as` value and it is preloaded intentionally. @ https://w3.ibm.com/w3publisher/devices-ibm/return-your-device:0
[11274552ms] [WARNING] The resource https://w3.ibm.com/w3publisher/devices-ibm/assets/site-viewer-vendor-BI3YB0Ka.js was preloaded using link preload but not used within a few seconds from the window's load event. Please make sure it has an appropriate `as` value and it is preloaded intentionally. @ https://w3.ibm.com/w3publisher/devices-ibm/return-your-device:0
[12171554ms] [ERROR] Failed to load resource: net::ERR_NAME_NOT_RESOLVED @ https://w3.s81c.com/w3publisher/site-service/health/ping:0
[12171556ms] AxiosError: Network Error
    at h.onerror (https://w3.ibm.com/w3publisher/assets/site-viewer-vendor-BI3YB0Ka.js:26:17204)
    at qx.request (https://w3.ibm.com/w3publisher/assets/site-viewer-vendor-BI3YB0Ka.js:28:2131)
    at async Lh (https://w3.ibm.com/w3publisher/assets/index-M7xrVzMj.js:318:23696)
    at async qS.Rh (https://w3.ibm.com/w3publisher/assets/index-M7xrVzMj.js:318:23763)
[12174557ms] [WARNING] The resource https://w3.ibm.com/w3publisher/devices-ibm/assets/rolldown-runtime-DAXXjFlN.js was preloaded using link preload but not used within a few seconds from the window's load event. Please make sure it has an appropriate `as` value and it is preloaded intentionally. @ https://w3.ibm.com/w3publisher/devices-ibm/return-your-device:0
[12174557ms] [WARNING] The resource https://w3.ibm.com/w3publisher/devices-ibm/assets/site-viewer-vendor-BI3YB0Ka.js was preloaded using link preload but not used within a few seconds from the window's load event. Please make sure it has an appropriate `as` value and it is preloaded intentionally. @ https://w3.ibm.com/w3publisher/devices-ibm/return-your-device:0
[13071555ms] [ERROR] Failed to load resource: net::ERR_NAME_NOT_RESOLVED @ https://w3.s81c.com/w3publisher/site-service/health/ping:0
[13071558ms] AxiosError: Network Error
    at h.onerror (https://w3.ibm.com/w3publisher/assets/site-viewer-vendor-BI3YB0Ka.js:26:17204)
    at qx.request (https://w3.ibm.com/w3publisher/assets/site-viewer-vendor-BI3YB0Ka.js:28:2131)
    at async Lh (https://w3.ibm.com/w3publisher/assets/index-M7xrVzMj.js:318:23696)
    at async qS.Rh (https://w3.ibm.com/w3publisher/assets/index-M7xrVzMj.js:318:23763)
[13074558ms] [WARNING] The resource https://w3.ibm.com/w3publisher/devices-ibm/assets/rolldown-runtime-DAXXjFlN.js was preloaded using link preload but not used within a few seconds from the window's load event. Please make sure it has an appropriate `as` value and it is preloaded intentionally. @ https://w3.ibm.com/w3publisher/devices-ibm/return-your-device:0
[13074558ms] [WARNING] The resource https://w3.ibm.com/w3publisher/devices-ibm/assets/site-viewer-vendor-BI3YB0Ka.js was preloaded using link preload but not used within a few seconds from the window's load event. Please make sure it has an appropriate `as` value and it is preloaded intentionally. @ https://w3.ibm.com/w3publisher/devices-ibm/return-your-device:0
[13971685ms] [ERROR] Failed to load resource: net::ERR_NAME_NOT_RESOLVED @ https://w3.s81c.com/w3publisher/site-service/health/ping:0
[13971692ms] AxiosError: Network Error
    at h.onerror (https://w3.ibm.com/w3publisher/assets/site-viewer-vendor-BI3YB0Ka.js:26:17204)
    at qx.request (https://w3.ibm.com/w3publisher/assets/site-viewer-vendor-BI3YB0Ka.js:28:2131)
    at async Lh (https://w3.ibm.com/w3publisher/assets/index-M7xrVzMj.js:318:23696)
    at async qS.Rh (https://w3.ibm.com/w3publisher/assets/index-M7xrVzMj.js:318:23763)
[13974686ms] [WARNING] The resource https://w3.ibm.com/w3publisher/devices-ibm/assets/rolldown-runtime-DAXXjFlN.js was preloaded using link preload but not used within a few seconds from the window's load event. Please make sure it has an appropriate `as` value and it is preloaded intentionally. @ https://w3.ibm.com/w3publisher/devices-ibm/return-your-device:0
[13974687ms] [WARNING] The resource https://w3.ibm.com/w3publisher/devices-ibm/assets/site-viewer-vendor-BI3YB0Ka.js was preloaded using link preload but not used within a few seconds from the window's load event. Please make sure it has an appropriate `as` value and it is preloaded intentionally. @ https://w3.ibm.com/w3publisher/devices-ibm/return-your-device:0
[14871649ms] [ERROR] Failed to load resource: net::ERR_NAME_NOT_RESOLVED @ https://w3.s81c.com/w3publisher/site-service/health/ping:0
[14871651ms] AxiosError: Network Error
    at h.onerror (https://w3.ibm.com/w3publisher/assets/site-viewer-vendor-BI3YB0Ka.js:26:17204)
    at qx.request (https://w3.ibm.com/w3publisher/assets/site-viewer-vendor-BI3YB0Ka.js:28:2131)
    at async Lh (https://w3.ibm.com/w3publisher/assets/index-M7xrVzMj.js:318:23696)
    at async qS.Rh (https://w3.ibm.com/w3publisher/assets/index-M7xrVzMj.js:318:23763)
[14874652ms] [WARNING] The resource https://w3.ibm.com/w3publisher/devices-ibm/assets/rolldown-runtime-DAXXjFlN.js was preloaded using link preload but not used within a few seconds from the window's load event. Please make sure it has an appropriate `as` value and it is preloaded intentionally. @ https://w3.ibm.com/w3publisher/devices-ibm/return-your-device:0
[14874652ms] [WARNING] The resource https://w3.ibm.com/w3publisher/devices-ibm/assets/site-viewer-vendor-BI3YB0Ka.js was preloaded using link preload but not used within a few seconds from the window's load event. Please make sure it has an appropriate `as` value and it is preloaded intentionally. @ https://w3.ibm.com/w3publisher/devices-ibm/return-your-device:0
[15771672ms] [ERROR] Failed to load resource: net::ERR_NAME_NOT_RESOLVED @ https://w3.s81c.com/w3publisher/site-service/health/ping:0
[15771673ms] AxiosError: Network Error
    at h.onerror (https://w3.ibm.com/w3publisher/assets/site-viewer-vendor-BI3YB0Ka.js:26:17204)
    at qx.request (https://w3.ibm.com/w3publisher/assets/site-viewer-vendor-BI3YB0Ka.js:28:2131)
    at async Lh (https://w3.ibm.com/w3publisher/assets/index-M7xrVzMj.js:318:23696)
    at async qS.Rh (https://w3.ibm.com/w3publisher/assets/index-M7xrVzMj.js:318:23763)
[15774673ms] [WARNING] The resource https://w3.ibm.com/w3publisher/devices-ibm/assets/rolldown-runtime-DAXXjFlN.js was preloaded using link preload but not used within a few seconds from the window's load event. Please make sure it has an appropriate `as` value and it is preloaded intentionally. @ https://w3.ibm.com/w3publisher/devices-ibm/return-your-device:0
[15774673ms] [WARNING] The resource https://w3.ibm.com/w3publisher/devices-ibm/assets/site-viewer-vendor-BI3YB0Ka.js was preloaded using link preload but not used within a few seconds from the window's load event. Please make sure it has an appropriate `as` value and it is preloaded intentionally. @ https://w3.ibm.com/w3publisher/devices-ibm/return-your-device:0
[18641281ms] [ERROR] Failed to load resource: net::ERR_NAME_NOT_RESOLVED @ https://w3.s81c.com/w3publisher/site-service/health/ping:0
[18641284ms] AxiosError: Network Error
    at h.onerror (https://w3.ibm.com/w3publisher/assets/site-viewer-vendor-BI3YB0Ka.js:26:17204)
    at qx.request (https://w3.ibm.com/w3publisher/assets/site-viewer-vendor-BI3YB0Ka.js:28:2131)
    at async Lh (https://w3.ibm.com/w3publisher/assets/index-M7xrVzMj.js:318:23696)
    at async qS.Rh (https://w3.ibm.com/w3publisher/assets/index-M7xrVzMj.js:318:23763)
[18644282ms] [WARNING] The resource https://w3.ibm.com/w3publisher/devices-ibm/assets/rolldown-runtime-DAXXjFlN.js was preloaded using link preload but not used within a few seconds from the window's load event. Please make sure it has an appropriate `as` value and it is preloaded intentionally. @ https://w3.ibm.com/w3publisher/devices-ibm/return-your-device:0
[18644282ms] [WARNING] The resource https://w3.ibm.com/w3publisher/devices-ibm/assets/site-viewer-vendor-BI3YB0Ka.js was preloaded using link preload but not used within a few seconds from the window's load event. Please make sure it has an appropriate `as` value and it is preloaded intentionally. @ https://w3.ibm.com/w3publisher/devices-ibm/return-your-device:0
[19541178ms] [ERROR] Failed to load resource: net::ERR_NAME_NOT_RESOLVED @ https://w3.s81c.com/w3publisher/site-service/health/ping:0
[19541179ms] AxiosError: Network Error
    at h.onerror (https://w3.ibm.com/w3publisher/assets/site-viewer-vendor-BI3YB0Ka.js:26:17204)
    at qx.request (https://w3.ibm.com/w3publisher/assets/site-viewer-vendor-BI3YB0Ka.js:28:2131)
    at async Lh (https://w3.ibm.com/w3publisher/assets/index-M7xrVzMj.js:318:23696)
    at async qS.Rh (https://w3.ibm.com/w3publisher/assets/index-M7xrVzMj.js:318:23763)
[19544179ms] [WARNING] The resource https://w3.ibm.com/w3publisher/devices-ibm/assets/rolldown-runtime-DAXXjFlN.js was preloaded using link preload but not used within a few seconds from the window's load event. Please make sure it has an appropriate `as` value and it is preloaded intentionally. @ https://w3.ibm.com/w3publisher/devices-ibm/return-your-device:0
[19544179ms] [WARNING] The resource https://w3.ibm.com/w3publisher/devices-ibm/assets/site-viewer-vendor-BI3YB0Ka.js was preloaded using link preload but not used within a few seconds from the window's load event. Please make sure it has an appropriate `as` value and it is preloaded intentionally. @ https://w3.ibm.com/w3publisher/devices-ibm/return-your-device:0
[20441178ms] [ERROR] Failed to load resource: net::ERR_NAME_NOT_RESOLVED @ https://w3.s81c.com/w3publisher/site-service/health/ping:0
[20441179ms] AxiosError: Network Error
    at h.onerror (https://w3.ibm.com/w3publisher/assets/site-viewer-vendor-BI3YB0Ka.js:26:17204)
    at qx.request (https://w3.ibm.com/w3publisher/assets/site-viewer-vendor-BI3YB0Ka.js:28:2131)
    at async Lh (https://w3.ibm.com/w3publisher/assets/index-M7xrVzMj.js:318:23696)
    at async qS.Rh (https://w3.ibm.com/w3publisher/assets/index-M7xrVzMj.js:318:23763)
[20444180ms] [WARNING] The resource https://w3.ibm.com/w3publisher/devices-ibm/assets/rolldown-runtime-DAXXjFlN.js was preloaded using link preload but not used within a few seconds from the window's load event. Please make sure it has an appropriate `as` value and it is preloaded intentionally. @ https://w3.ibm.com/w3publisher/devices-ibm/return-your-device:0
[20444180ms] [WARNING] The resource https://w3.ibm.com/w3publisher/devices-ibm/assets/site-viewer-vendor-BI3YB0Ka.js was preloaded using link preload but not used within a few seconds from the window's load event. Please make sure it has an appropriate `as` value and it is preloaded intentionally. @ https://w3.ibm.com/w3publisher/devices-ibm/return-your-device:0
[21341194ms] [ERROR] Failed to load resource: net::ERR_NAME_NOT_RESOLVED @ https://w3.s81c.com/w3publisher/site-service/health/ping:0
[21341195ms] AxiosError: Network Error
    at h.onerror (https://w3.ibm.com/w3publisher/assets/site-viewer-vendor-BI3YB0Ka.js:26:17204)
    at qx.request (https://w3.ibm.com/w3publisher/assets/site-viewer-vendor-BI3YB0Ka.js:28:2131)
    at async Lh (https://w3.ibm.com/w3publisher/assets/index-M7xrVzMj.js:318:23696)
    at async qS.Rh (https://w3.ibm.com/w3publisher/assets/index-M7xrVzMj.js:318:23763)
[21344196ms] [WARNING] The resource https://w3.ibm.com/w3publisher/devices-ibm/assets/rolldown-runtime-DAXXjFlN.js was preloaded using link preload but not used within a few seconds from the window's load event. Please make sure it has an appropriate `as` value and it is preloaded intentionally. @ https://w3.ibm.com/w3publisher/devices-ibm/return-your-device:0
[21344196ms] [WARNING] The resource https://w3.ibm.com/w3publisher/devices-ibm/assets/site-viewer-vendor-BI3YB0Ka.js was preloaded using link preload but not used within a few seconds from the window's load event. Please make sure it has an appropriate `as` value and it is preloaded intentionally. @ https://w3.ibm.com/w3publisher/devices-ibm/return-your-device:0
[24337057ms] [ERROR] Failed to load resource: net::ERR_NAME_NOT_RESOLVED @ https://w3.s81c.com/w3publisher/site-service/health/ping:0
[24337058ms] AxiosError: Network Error
    at h.onerror (https://w3.ibm.com/w3publisher/assets/site-viewer-vendor-BI3YB0Ka.js:26:17204)
    at qx.request (https://w3.ibm.com/w3publisher/assets/site-viewer-vendor-BI3YB0Ka.js:28:2131)
    at async Lh (https://w3.ibm.com/w3publisher/assets/index-M7xrVzMj.js:318:23696)
    at async qS.Rh (https://w3.ibm.com/w3publisher/assets/index-M7xrVzMj.js:318:23763)
[24340059ms] [WARNING] The resource https://w3.ibm.com/w3publisher/devices-ibm/assets/rolldown-runtime-DAXXjFlN.js was preloaded using link preload but not used within a few seconds from the window's load event. Please make sure it has an appropriate `as` value and it is preloaded intentionally. @ https://w3.ibm.com/w3publisher/devices-ibm/return-your-device:0
[24340059ms] [WARNING] The resource https://w3.ibm.com/w3publisher/devices-ibm/assets/site-viewer-vendor-BI3YB0Ka.js was preloaded using link preload but not used within a few seconds from the window's load event. Please make sure it has an appropriate `as` value and it is preloaded intentionally. @ https://w3.ibm.com/w3publisher/devices-ibm/return-your-device:0
[25238331ms] [ERROR] Failed to load resource: net::ERR_NAME_NOT_RESOLVED @ https://w3.s81c.com/w3publisher/site-service/health/ping:0
[25238332ms] AxiosError: Network Error
    at h.onerror (https://w3.ibm.com/w3publisher/assets/site-viewer-vendor-BI3YB0Ka.js:26:17204)
    at qx.request (https://w3.ibm.com/w3publisher/assets/site-viewer-vendor-BI3YB0Ka.js:28:2131)
    at async Lh (https://w3.ibm.com/w3publisher/assets/index-M7xrVzMj.js:318:23696)
    at async qS.Rh (https://w3.ibm.com/w3publisher/assets/index-M7xrVzMj.js:318:23763)
[25241333ms] [WARNING] The resource https://w3.ibm.com/w3publisher/devices-ibm/assets/rolldown-runtime-DAXXjFlN.js was preloaded using link preload but not used within a few seconds from the window's load event. Please make sure it has an appropriate `as` value and it is preloaded intentionally. @ https://w3.ibm.com/w3publisher/devices-ibm/return-your-device:0
[25241372ms] [WARNING] The resource https://w3.ibm.com/w3publisher/devices-ibm/assets/site-viewer-vendor-BI3YB0Ka.js was preloaded using link preload but not used within a few seconds from the window's load event. Please make sure it has an appropriate `as` value and it is preloaded intentionally. @ https://w3.ibm.com/w3publisher/devices-ibm/return-your-device:0
[26215441ms] [ERROR] Failed to load resource: net::ERR_NAME_NOT_RESOLVED @ https://w3.s81c.com/w3publisher/site-service/health/ping:0
[26215442ms] AxiosError: Network Error
    at h.onerror (https://w3.ibm.com/w3publisher/assets/site-viewer-vendor-BI3YB0Ka.js:26:17204)
    at qx.request (https://w3.ibm.com/w3publisher/assets/site-viewer-vendor-BI3YB0Ka.js:28:2131)
    at async Lh (https://w3.ibm.com/w3publisher/assets/index-M7xrVzMj.js:318:23696)
    at async qS.Rh (https://w3.ibm.com/w3publisher/assets/index-M7xrVzMj.js:318:23763)
[26218443ms] [WARNING] The resource https://w3.ibm.com/w3publisher/devices-ibm/assets/rolldown-runtime-DAXXjFlN.js was preloaded using link preload but not used within a few seconds from the window's load event. Please make sure it has an appropriate `as` value and it is preloaded intentionally. @ https://w3.ibm.com/w3publisher/devices-ibm/return-your-device:0
[26218443ms] [WARNING] The resource https://w3.ibm.com/w3publisher/devices-ibm/assets/site-viewer-vendor-BI3YB0Ka.js was preloaded using link preload but not used within a few seconds from the window's load event. Please make sure it has an appropriate `as` value and it is preloaded intentionally. @ https://w3.ibm.com/w3publisher/devices-ibm/return-your-device:0
[27115446ms] [ERROR] Failed to load resource: net::ERR_NAME_NOT_RESOLVED @ https://w3.s81c.com/w3publisher/site-service/health/ping:0
[27115447ms] AxiosError: Network Error
    at h.onerror (https://w3.ibm.com/w3publisher/assets/site-viewer-vendor-BI3YB0Ka.js:26:17204)
    at qx.request (https://w3.ibm.com/w3publisher/assets/site-viewer-vendor-BI3YB0Ka.js:28:2131)
    at async Lh (https://w3.ibm.com/w3publisher/assets/index-M7xrVzMj.js:318:23696)
    at async qS.Rh (https://w3.ibm.com/w3publisher/assets/index-M7xrVzMj.js:318:23763)
[27118448ms] [WARNING] The resource https://w3.ibm.com/w3publisher/devices-ibm/assets/rolldown-runtime-DAXXjFlN.js was preloaded using link preload but not used within a few seconds from the window's load event. Please make sure it has an appropriate `as` value and it is preloaded intentionally. @ https://w3.ibm.com/w3publisher/devices-ibm/return-your-device:0
[27118448ms] [WARNING] The resource https://w3.ibm.com/w3publisher/devices-ibm/assets/site-viewer-vendor-BI3YB0Ka.js was preloaded using link preload but not used within a few seconds from the window's load event. Please make sure it has an appropriate `as` value and it is preloaded intentionally. @ https://w3.ibm.com/w3publisher/devices-ibm/return-your-device:0
[28025202ms] [ERROR] Failed to load resource: net::ERR_NAME_NOT_RESOLVED @ https://w3.s81c.com/w3publisher/site-service/health/ping:0
[28025209ms] AxiosError: Network Error
    at h.onerror (https://w3.ibm.com/w3publisher/assets/site-viewer-vendor-BI3YB0Ka.js:26:17204)
    at qx.request (https://w3.ibm.com/w3publisher/assets/site-viewer-vendor-BI3YB0Ka.js:28:2131)
    at async Lh (https://w3.ibm.com/w3publisher/assets/index-M7xrVzMj.js:318:23696)
    at async qS.Rh (https://w3.ibm.com/w3publisher/assets/index-M7xrVzMj.js:318:23763)
[28028204ms] [WARNING] The resource https://w3.ibm.com/w3publisher/devices-ibm/assets/rolldown-runtime-DAXXjFlN.js was preloaded using link preload but not used within a few seconds from the window's load event. Please make sure it has an appropriate `as` value and it is preloaded intentionally. @ https://w3.ibm.com/w3publisher/devices-ibm/return-your-device:0
[28028204ms] [WARNING] The resource https://w3.ibm.com/w3publisher/devices-ibm/assets/site-viewer-vendor-BI3YB0Ka.js was preloaded using link preload but not used within a few seconds from the window's load event. Please make sure it has an appropriate `as` value and it is preloaded intentionally. @ https://w3.ibm.com/w3publisher/devices-ibm/return-your-device:0
[28925210ms] [ERROR] Failed to load resource: net::ERR_NAME_NOT_RESOLVED @ https://w3.s81c.com/w3publisher/site-service/health/ping:0
[28925211ms] AxiosError: Network Error
    at h.onerror (https://w3.ibm.com/w3publisher/assets/site-viewer-vendor-BI3YB0Ka.js:26:17204)
    at qx.request (https://w3.ibm.com/w3publisher/assets/site-viewer-vendor-BI3YB0Ka.js:28:2131)
    at async Lh (https://w3.ibm.com/w3publisher/assets/index-M7xrVzMj.js:318:23696)
    at async qS.Rh (https://w3.ibm.com/w3publisher/assets/index-M7xrVzMj.js:318:23763)
[28928211ms] [WARNING] The resource https://w3.ibm.com/w3publisher/devices-ibm/assets/rolldown-runtime-DAXXjFlN.js was preloaded using link preload but not used within a few seconds from the window's load event. Please make sure it has an appropriate `as` value and it is preloaded intentionally. @ https://w3.ibm.com/w3publisher/devices-ibm/return-your-device:0
[28928211ms] [WARNING] The resource https://w3.ibm.com/w3publisher/devices-ibm/assets/site-viewer-vendor-BI3YB0Ka.js was preloaded using link preload but not used within a few seconds from the window's load event. Please make sure it has an appropriate `as` value and it is preloaded intentionally. @ https://w3.ibm.com/w3publisher/devices-ibm/return-your-device:0
[29825241ms] [ERROR] Failed to load resource: net::ERR_NAME_NOT_RESOLVED @ https://w3.s81c.com/w3publisher/site-service/health/ping:0
[29825241ms] AxiosError: Network Error
    at h.onerror (https://w3.ibm.com/w3publisher/assets/site-viewer-vendor-BI3YB0Ka.js:26:17204)
    at qx.request (https://w3.ibm.com/w3publisher/assets/site-viewer-vendor-BI3YB0Ka.js:28:2131)
    at async Lh (https://w3.ibm.com/w3publisher/assets/index-M7xrVzMj.js:318:23696)
    at async qS.Rh (https://w3.ibm.com/w3publisher/assets/index-M7xrVzMj.js:318:23763)
[29828243ms] [WARNING] The resource https://w3.ibm.com/w3publisher/devices-ibm/assets/rolldown-runtime-DAXXjFlN.js was preloaded using link preload but not used within a few seconds from the window's load event. Please make sure it has an appropriate `as` value and it is preloaded intentionally. @ https://w3.ibm.com/w3publisher/devices-ibm/return-your-device:0
[29828243ms] [WARNING] The resource https://w3.ibm.com/w3publisher/devices-ibm/assets/site-viewer-vendor-BI3YB0Ka.js was preloaded using link preload but not used within a few seconds from the window's load event. Please make sure it has an appropriate `as` value and it is preloaded intentionally. @ https://w3.ibm.com/w3publisher/devices-ibm/return-your-device:0
[30725300ms] [ERROR] Failed to load resource: net::ERR_NAME_NOT_RESOLVED @ https://w3.s81c.com/w3publisher/site-service/health/ping:0
[30725301ms] AxiosError: Network Error
    at h.onerror (https://w3.ibm.com/w3publisher/assets/site-viewer-vendor-BI3YB0Ka.js:26:17204)
    at qx.request (https://w3.ibm.com/w3publisher/assets/site-viewer-vendor-BI3YB0Ka.js:28:2131)
    at async Lh (https://w3.ibm.com/w3publisher/assets/index-M7xrVzMj.js:318:23696)
    at async qS.Rh (https://w3.ibm.com/w3publisher/assets/index-M7xrVzMj.js:318:23763)
[30728302ms] [WARNING] The resource https://w3.ibm.com/w3publisher/devices-ibm/assets/rolldown-runtime-DAXXjFlN.js was preloaded using link preload but not used within a few seconds from the window's load event. Please make sure it has an appropriate `as` value and it is preloaded intentionally. @ https://w3.ibm.com/w3publisher/devices-ibm/return-your-device:0
[30728302ms] [WARNING] The resource https://w3.ibm.com/w3publisher/devices-ibm/assets/site-viewer-vendor-BI3YB0Ka.js was preloaded using link preload but not used within a few seconds from the window's load event. Please make sure it has an appropriate `as` value and it is preloaded intentionally. @ https://w3.ibm.com/w3publisher/devices-ibm/return-your-device:0
[31681720ms] [ERROR] Failed to load resource: net::ERR_NAME_NOT_RESOLVED @ https://w3.s81c.com/w3publisher/site-service/health/ping:0
[31681721ms] AxiosError: Network Error
    at h.onerror (https://w3.ibm.com/w3publisher/assets/site-viewer-vendor-BI3YB0Ka.js:26:17204)
    at qx.request (https://w3.ibm.com/w3publisher/assets/site-viewer-vendor-BI3YB0Ka.js:28:2131)
    at async Lh (https://w3.ibm.com/w3publisher/assets/index-M7xrVzMj.js:318:23696)
    at async qS.Rh (https://w3.ibm.com/w3publisher/assets/index-M7xrVzMj.js:318:23763)
[31684722ms] [WARNING] The resource https://w3.ibm.com/w3publisher/devices-ibm/assets/rolldown-runtime-DAXXjFlN.js was preloaded using link preload but not used within a few seconds from the window's load event. Please make sure it has an appropriate `as` value and it is preloaded intentionally. @ https://w3.ibm.com/w3publisher/devices-ibm/return-your-device:0
[31684722ms] [WARNING] The resource https://w3.ibm.com/w3publisher/devices-ibm/assets/site-viewer-vendor-BI3YB0Ka.js was preloaded using link preload but not used within a few seconds from the window's load event. Please make sure it has an appropriate `as` value and it is preloaded intentionally. @ https://w3.ibm.com/w3publisher/devices-ibm/return-your-device:0
[32600325ms] [ERROR] Failed to load resource: net::ERR_NAME_NOT_RESOLVED @ https://w3.s81c.com/w3publisher/site-service/health/ping:0
[32600330ms] AxiosError: Network Error
    at h.onerror (https://w3.ibm.com/w3publisher/assets/site-viewer-vendor-BI3YB0Ka.js:26:17204)
    at qx.request (https://w3.ibm.com/w3publisher/assets/site-viewer-vendor-BI3YB0Ka.js:28:2131)
    at async Lh (https://w3.ibm.com/w3publisher/assets/index-M7xrVzMj.js:318:23696)
    at async qS.Rh (https://w3.ibm.com/w3publisher/assets/index-M7xrVzMj.js:318:23763)
[32603327ms] [WARNING] The resource https://w3.ibm.com/w3publisher/devices-ibm/assets/rolldown-runtime-DAXXjFlN.js was preloaded using link preload but not used within a few seconds from the window's load event. Please make sure it has an appropriate `as` value and it is preloaded intentionally. @ https://w3.ibm.com/w3publisher/devices-ibm/return-your-device:0
[32603327ms] [WARNING] The resource https://w3.ibm.com/w3publisher/devices-ibm/assets/site-viewer-vendor-BI3YB0Ka.js was preloaded using link preload but not used within a few seconds from the window's load event. Please make sure it has an appropriate `as` value and it is preloaded intentionally. @ https://w3.ibm.com/w3publisher/devices-ibm/return-your-device:0
[33500328ms] [ERROR] Failed to load resource: net::ERR_NAME_NOT_RESOLVED @ https://w3.s81c.com/w3publisher/site-service/health/ping:0
[33500332ms] AxiosError: Network Error
    at h.onerror (https://w3.ibm.com/w3publisher/assets/site-viewer-vendor-BI3YB0Ka.js:26:17204)
    at qx.request (https://w3.ibm.com/w3publisher/assets/site-viewer-vendor-BI3YB0Ka.js:28:2131)
    at async Lh (https://w3.ibm.com/w3publisher/assets/index-M7xrVzMj.js:318:23696)
    at async qS.Rh (https://w3.ibm.com/w3publisher/assets/index-M7xrVzMj.js:318:23763)
[33503330ms] [WARNING] The resource https://w3.ibm.com/w3publisher/devices-ibm/assets/rolldown-runtime-DAXXjFlN.js was preloaded using link preload but not used within a few seconds from the window's load event. Please make sure it has an appropriate `as` value and it is preloaded intentionally. @ https://w3.ibm.com/w3publisher/devices-ibm/return-your-device:0
[33503330ms] [WARNING] The resource https://w3.ibm.com/w3publisher/devices-ibm/assets/site-viewer-vendor-BI3YB0Ka.js was preloaded using link preload but not used within a few seconds from the window's load event. Please make sure it has an appropriate `as` value and it is preloaded intentionally. @ https://w3.ibm.com/w3publisher/devices-ibm/return-your-device:0
[34400330ms] [ERROR] Failed to load resource: net::ERR_NAME_NOT_RESOLVED @ https://w3.s81c.com/w3publisher/site-service/health/ping:0
[34400332ms] AxiosError: Network Error
    at h.onerror (https://w3.ibm.com/w3publisher/assets/site-viewer-vendor-BI3YB0Ka.js:26:17204)
    at qx.request (https://w3.ibm.com/w3publisher/assets/site-viewer-vendor-BI3YB0Ka.js:28:2131)
    at async Lh (https://w3.ibm.com/w3publisher/assets/index-M7xrVzMj.js:318:23696)
    at async qS.Rh (https://w3.ibm.com/w3publisher/assets/index-M7xrVzMj.js:318:23763)
[34403332ms] [WARNING] The resource https://w3.ibm.com/w3publisher/devices-ibm/assets/rolldown-runtime-DAXXjFlN.js was preloaded using link preload but not used within a few seconds from the window's load event. Please make sure it has an appropriate `as` value and it is preloaded intentionally. @ https://w3.ibm.com/w3publisher/devices-ibm/return-your-device:0
[34403332ms] [WARNING] The resource https://w3.ibm.com/w3publisher/devices-ibm/assets/site-viewer-vendor-BI3YB0Ka.js was preloaded using link preload but not used within a few seconds from the window's load event. Please make sure it has an appropriate `as` value and it is preloaded intentionally. @ https://w3.ibm.com/w3publisher/devices-ibm/return-your-device:0
[35300346ms] [ERROR] Failed to load resource: net::ERR_NAME_NOT_RESOLVED @ https://w3.s81c.com/w3publisher/site-service/health/ping:0
[35300347ms] AxiosError: Network Error
    at h.onerror (https://w3.ibm.com/w3publisher/assets/site-viewer-vendor-BI3YB0Ka.js:26:17204)
    at qx.request (https://w3.ibm.com/w3publisher/assets/site-viewer-vendor-BI3YB0Ka.js:28:2131)
    at async Lh (https://w3.ibm.com/w3publisher/assets/index-M7xrVzMj.js:318:23696)
    at async qS.Rh (https://w3.ibm.com/w3publisher/assets/index-M7xrVzMj.js:318:23763)
[35303347ms] [WARNING] The resource https://w3.ibm.com/w3publisher/devices-ibm/assets/rolldown-runtime-DAXXjFlN.js was preloaded using link preload but not used within a few seconds from the window's load event. Please make sure it has an appropriate `as` value and it is preloaded intentionally. @ https://w3.ibm.com/w3publisher/devices-ibm/return-your-device:0
[35303347ms] [WARNING] The resource https://w3.ibm.com/w3publisher/devices-ibm/assets/site-viewer-vendor-BI3YB0Ka.js was preloaded using link preload but not used within a few seconds from the window's load event. Please make sure it has an appropriate `as` value and it is preloaded intentionally. @ https://w3.ibm.com/w3publisher/devices-ibm/return-your-device:0
[36200328ms] [ERROR] Failed to load resource: net::ERR_NAME_NOT_RESOLVED @ https://w3.s81c.com/w3publisher/site-service/health/ping:0
[36200329ms] AxiosError: Network Error
    at h.onerror (https://w3.ibm.com/w3publisher/assets/site-viewer-vendor-BI3YB0Ka.js:26:17204)
    at qx.request (https://w3.ibm.com/w3publisher/assets/site-viewer-vendor-BI3YB0Ka.js:28:2131)
    at async Lh (https://w3.ibm.com/w3publisher/assets/index-M7xrVzMj.js:318:23696)
    at async qS.Rh (https://w3.ibm.com/w3publisher/assets/index-M7xrVzMj.js:318:23763)
[36203330ms] [WARNING] The resource https://w3.ibm.com/w3publisher/devices-ibm/assets/rolldown-runtime-DAXXjFlN.js was preloaded using link preload but not used within a few seconds from the window's load event. Please make sure it has an appropriate `as` value and it is preloaded intentionally. @ https://w3.ibm.com/w3publisher/devices-ibm/return-your-device:0
[36203330ms] [WARNING] The resource https://w3.ibm.com/w3publisher/devices-ibm/assets/site-viewer-vendor-BI3YB0Ka.js was preloaded using link preload but not used within a few seconds from the window's load event. Please make sure it has an appropriate `as` value and it is preloaded intentionally. @ https://w3.ibm.com/w3publisher/devices-ibm/return-your-device:0
[37100343ms] [ERROR] Failed to load resource: net::ERR_NAME_NOT_RESOLVED @ https://w3.s81c.com/w3publisher/site-service/health/ping:0
[37100344ms] AxiosError: Network Error
    at h.onerror (https://w3.ibm.com/w3publisher/assets/site-viewer-vendor-BI3YB0Ka.js:26:17204)
    at qx.request (https://w3.ibm.com/w3publisher/assets/site-viewer-vendor-BI3YB0Ka.js:28:2131)
    at async Lh (https://w3.ibm.com/w3publisher/assets/index-M7xrVzMj.js:318:23696)
    at async qS.Rh (https://w3.ibm.com/w3publisher/assets/index-M7xrVzMj.js:318:23763)
[37103345ms] [WARNING] The resource https://w3.ibm.com/w3publisher/devices-ibm/assets/rolldown-runtime-DAXXjFlN.js was preloaded using link preload but not used within a few seconds from the window's load event. Please make sure it has an appropriate `as` value and it is preloaded intentionally. @ https://w3.ibm.com/w3publisher/devices-ibm/return-your-device:0
[37103346ms] [WARNING] The resource https://w3.ibm.com/w3publisher/devices-ibm/assets/site-viewer-vendor-BI3YB0Ka.js was preloaded using link preload but not used within a few seconds from the window's load event. Please make sure it has an appropriate `as` value and it is preloaded intentionally. @ https://w3.ibm.com/w3publisher/devices-ibm/return-your-device:0
[38000388ms] [ERROR] Failed to load resource: net::ERR_NAME_NOT_RESOLVED @ https://w3.s81c.com/w3publisher/site-service/health/ping:0
[38000388ms] AxiosError: Network Error
    at h.onerror (https://w3.ibm.com/w3publisher/assets/site-viewer-vendor-BI3YB0Ka.js:26:17204)
    at qx.request (https://w3.ibm.com/w3publisher/assets/site-viewer-vendor-BI3YB0Ka.js:28:2131)
    at async Lh (https://w3.ibm.com/w3publisher/assets/index-M7xrVzMj.js:318:23696)
    at async qS.Rh (https://w3.ibm.com/w3publisher/assets/index-M7xrVzMj.js:318:23763)
[38003390ms] [WARNING] The resource https://w3.ibm.com/w3publisher/devices-ibm/assets/rolldown-runtime-DAXXjFlN.js was preloaded using link preload but not used within a few seconds from the window's load event. Please make sure it has an appropriate `as` value and it is preloaded intentionally. @ https://w3.ibm.com/w3publisher/devices-ibm/return-your-device:0
[38003390ms] [WARNING] The resource https://w3.ibm.com/w3publisher/devices-ibm/assets/site-viewer-vendor-BI3YB0Ka.js was preloaded using link preload but not used within a few seconds from the window's load event. Please make sure it has an appropriate `as` value and it is preloaded intentionally. @ https://w3.ibm.com/w3publisher/devices-ibm/return-your-device:0
[38900332ms] [ERROR] Failed to load resource: net::ERR_NAME_NOT_RESOLVED @ https://w3.s81c.com/w3publisher/site-service/health/ping:0
[38900335ms] AxiosError: Network Error
    at h.onerror (https://w3.ibm.com/w3publisher/assets/site-viewer-vendor-BI3YB0Ka.js:26:17204)
    at qx.request (https://w3.ibm.com/w3publisher/assets/site-viewer-vendor-BI3YB0Ka.js:28:2131)
    at async Lh (https://w3.ibm.com/w3publisher/assets/index-M7xrVzMj.js:318:23696)
    at async qS.Rh (https://w3.ibm.com/w3publisher/assets/index-M7xrVzMj.js:318:23763)
[38903343ms] [WARNING] The resource https://w3.ibm.com/w3publisher/devices-ibm/assets/rolldown-runtime-DAXXjFlN.js was preloaded using link preload but not used within a few seconds from the window's load event. Please make sure it has an appropriate `as` value and it is preloaded intentionally. @ https://w3.ibm.com/w3publisher/devices-ibm/return-your-device:0
[38903343ms] [WARNING] The resource https://w3.ibm.com/w3publisher/devices-ibm/assets/site-viewer-vendor-BI3YB0Ka.js was preloaded using link preload but not used within a few seconds from the window's load event. Please make sure it has an appropriate `as` value and it is preloaded intentionally. @ https://w3.ibm.com/w3publisher/devices-ibm/return-your-device:0
[39800320ms] [ERROR] Failed to load resource: net::ERR_NAME_NOT_RESOLVED @ https://w3.s81c.com/w3publisher/site-service/health/ping:0
[39800321ms] AxiosError: Network Error
    at h.onerror (https://w3.ibm.com/w3publisher/assets/site-viewer-vendor-BI3YB0Ka.js:26:17204)
    at qx.request (https://w3.ibm.com/w3publisher/assets/site-viewer-vendor-BI3YB0Ka.js:28:2131)
    at async Lh (https://w3.ibm.com/w3publisher/assets/index-M7xrVzMj.js:318:23696)
    at async qS.Rh (https://w3.ibm.com/w3publisher/assets/index-M7xrVzMj.js:318:23763)
[39803322ms] [WARNING] The resource https://w3.ibm.com/w3publisher/devices-ibm/assets/rolldown-runtime-DAXXjFlN.js was preloaded using link preload but not used within a few seconds from the window's load event. Please make sure it has an appropriate `as` value and it is preloaded intentionally. @ https://w3.ibm.com/w3publisher/devices-ibm/return-your-device:0
[39803322ms] [WARNING] The resource https://w3.ibm.com/w3publisher/devices-ibm/assets/site-viewer-vendor-BI3YB0Ka.js was preloaded using link preload but not used within a few seconds from the window's load event. Please make sure it has an appropriate `as` value and it is preloaded intentionally. @ https://w3.ibm.com/w3publisher/devices-ibm/return-your-device:0
[40700358ms] [ERROR] Failed to load resource: net::ERR_NAME_NOT_RESOLVED @ https://w3.s81c.com/w3publisher/site-service/health/ping:0
[40700359ms] AxiosError: Network Error
    at h.onerror (https://w3.ibm.com/w3publisher/assets/site-viewer-vendor-BI3YB0Ka.js:26:17204)
    at qx.request (https://w3.ibm.com/w3publisher/assets/site-viewer-vendor-BI3YB0Ka.js:28:2131)
    at async Lh (https://w3.ibm.com/w3publisher/assets/index-M7xrVzMj.js:318:23696)
    at async qS.Rh (https://w3.ibm.com/w3publisher/assets/index-M7xrVzMj.js:318:23763)
[40703361ms] [WARNING] The resource https://w3.ibm.com/w3publisher/devices-ibm/assets/rolldown-runtime-DAXXjFlN.js was preloaded using link preload but not used within a few seconds from the window's load event. Please make sure it has an appropriate `as` value and it is preloaded intentionally. @ https://w3.ibm.com/w3publisher/devices-ibm/return-your-device:0
[40703362ms] [WARNING] The resource https://w3.ibm.com/w3publisher/devices-ibm/assets/site-viewer-vendor-BI3YB0Ka.js was preloaded using link preload but not used within a few seconds from the window's load event. Please make sure it has an appropriate `as` value and it is preloaded intentionally. @ https://w3.ibm.com/w3publisher/devices-ibm/return-your-device:0
[41600358ms] [ERROR] Failed to load resource: net::ERR_NAME_NOT_RESOLVED @ https://w3.s81c.com/w3publisher/site-service/health/ping:0
[41600359ms] AxiosError: Network Error
    at h.onerror (https://w3.ibm.com/w3publisher/assets/site-viewer-vendor-BI3YB0Ka.js:26:17204)
    at qx.request (https://w3.ibm.com/w3publisher/assets/site-viewer-vendor-BI3YB0Ka.js:28:2131)
    at async Lh (https://w3.ibm.com/w3publisher/assets/index-M7xrVzMj.js:318:23696)
    at async qS.Rh (https://w3.ibm.com/w3publisher/assets/index-M7xrVzMj.js:318:23763)
[41603360ms] [WARNING] The resource https://w3.ibm.com/w3publisher/devices-ibm/assets/rolldown-runtime-DAXXjFlN.js was preloaded using link preload but not used within a few seconds from the window's load event. Please make sure it has an appropriate `as` value and it is preloaded intentionally. @ https://w3.ibm.com/w3publisher/devices-ibm/return-your-device:0
[41603360ms] [WARNING] The resource https://w3.ibm.com/w3publisher/devices-ibm/assets/site-viewer-vendor-BI3YB0Ka.js was preloaded using link preload but not used within a few seconds from the window's load event. Please make sure it has an appropriate `as` value and it is preloaded intentionally. @ https://w3.ibm.com/w3publisher/devices-ibm/return-your-device:0
[42500357ms] [ERROR] Failed to load resource: net::ERR_NAME_NOT_RESOLVED @ https://w3.s81c.com/w3publisher/site-service/health/ping:0
[42500359ms] AxiosError: Network Error
    at h.onerror (https://w3.ibm.com/w3publisher/assets/site-viewer-vendor-BI3YB0Ka.js:26:17204)
    at qx.request (https://w3.ibm.com/w3publisher/assets/site-viewer-vendor-BI3YB0Ka.js:28:2131)
    at async Lh (https://w3.ibm.com/w3publisher/assets/index-M7xrVzMj.js:318:23696)
    at async qS.Rh (https://w3.ibm.com/w3publisher/assets/index-M7xrVzMj.js:318:23763)
[42503359ms] [WARNING] The resource https://w3.ibm.com/w3publisher/devices-ibm/assets/rolldown-runtime-DAXXjFlN.js was preloaded using link preload but not used within a few seconds from the window's load event. Please make sure it has an appropriate `as` value and it is preloaded intentionally. @ https://w3.ibm.com/w3publisher/devices-ibm/return-your-device:0
[42503359ms] [WARNING] The resource https://w3.ibm.com/w3publisher/devices-ibm/assets/site-viewer-vendor-BI3YB0Ka.js was preloaded using link preload but not used within a few seconds from the window's load event. Please make sure it has an appropriate `as` value and it is preloaded intentionally. @ https://w3.ibm.com/w3publisher/devices-ibm/return-your-device:0
[43400375ms] [ERROR] Failed to load resource: net::ERR_NAME_NOT_RESOLVED @ https://w3.s81c.com/w3publisher/site-service/health/ping:0
[43400376ms] AxiosError: Network Error
    at h.onerror (https://w3.ibm.com/w3publisher/assets/site-viewer-vendor-BI3YB0Ka.js:26:17204)
    at qx.request (https://w3.ibm.com/w3publisher/assets/site-viewer-vendor-BI3YB0Ka.js:28:2131)
    at async Lh (https://w3.ibm.com/w3publisher/assets/index-M7xrVzMj.js:318:23696)
    at async qS.Rh (https://w3.ibm.com/w3publisher/assets/index-M7xrVzMj.js:318:23763)
[43403378ms] [WARNING] The resource https://w3.ibm.com/w3publisher/devices-ibm/assets/rolldown-runtime-DAXXjFlN.js was preloaded using link preload but not used within a few seconds from the window's load event. Please make sure it has an appropriate `as` value and it is preloaded intentionally. @ https://w3.ibm.com/w3publisher/devices-ibm/return-your-device:0
[43403378ms] [WARNING] The resource https://w3.ibm.com/w3publisher/devices-ibm/assets/site-viewer-vendor-BI3YB0Ka.js was preloaded using link preload but not used within a few seconds from the window's load event. Please make sure it has an appropriate `as` value and it is preloaded intentionally. @ https://w3.ibm.com/w3publisher/devices-ibm/return-your-device:0
[44300387ms] [ERROR] Failed to load resource: net::ERR_NAME_NOT_RESOLVED @ https://w3.s81c.com/w3publisher/site-service/health/ping:0
[44300389ms] AxiosError: Network Error
    at h.onerror (https://w3.ibm.com/w3publisher/assets/site-viewer-vendor-BI3YB0Ka.js:26:17204)
    at qx.request (https://w3.ibm.com/w3publisher/assets/site-viewer-vendor-BI3YB0Ka.js:28:2131)
    at async Lh (https://w3.ibm.com/w3publisher/assets/index-M7xrVzMj.js:318:23696)
    at async qS.Rh (https://w3.ibm.com/w3publisher/assets/index-M7xrVzMj.js:318:23763)
[44303390ms] [WARNING] The resource https://w3.ibm.com/w3publisher/devices-ibm/assets/rolldown-runtime-DAXXjFlN.js was preloaded using link preload but not used within a few seconds from the window's load event. Please make sure it has an appropriate `as` value and it is preloaded intentionally. @ https://w3.ibm.com/w3publisher/devices-ibm/return-your-device:0
[44303390ms] [WARNING] The resource https://w3.ibm.com/w3publisher/devices-ibm/assets/site-viewer-vendor-BI3YB0Ka.js was preloaded using link preload but not used within a few seconds from the window's load event. Please make sure it has an appropriate `as` value and it is preloaded intentionally. @ https://w3.ibm.com/w3publisher/devices-ibm/return-your-device:0
[45200397ms] [ERROR] Failed to load resource: net::ERR_NAME_NOT_RESOLVED @ https://w3.s81c.com/w3publisher/site-service/health/ping:0
[45200398ms] AxiosError: Network Error
    at h.onerror (https://w3.ibm.com/w3publisher/assets/site-viewer-vendor-BI3YB0Ka.js:26:17204)
    at qx.request (https://w3.ibm.com/w3publisher/assets/site-viewer-vendor-BI3YB0Ka.js:28:2131)
    at async Lh (https://w3.ibm.com/w3publisher/assets/index-M7xrVzMj.js:318:23696)
    at async qS.Rh (https://w3.ibm.com/w3publisher/assets/index-M7xrVzMj.js:318:23763)
[45203399ms] [WARNING] The resource https://w3.ibm.com/w3publisher/devices-ibm/assets/rolldown-runtime-DAXXjFlN.js was preloaded using link preload but not used within a few seconds from the window's load event. Please make sure it has an appropriate `as` value and it is preloaded intentionally. @ https://w3.ibm.com/w3publisher/devices-ibm/return-your-device:0
[45203399ms] [WARNING] The resource https://w3.ibm.com/w3publisher/devices-ibm/assets/site-viewer-vendor-BI3YB0Ka.js was preloaded using link preload but not used within a few seconds from the window's load event. Please make sure it has an appropriate `as` value and it is preloaded intentionally. @ https://w3.ibm.com/w3publisher/devices-ibm/return-your-device:0
[46100433ms] [ERROR] Failed to load resource: net::ERR_NAME_NOT_RESOLVED @ https://w3.s81c.com/w3publisher/site-service/health/ping:0
[46100434ms] AxiosError: Network Error
    at h.onerror (https://w3.ibm.com/w3publisher/assets/site-viewer-vendor-BI3YB0Ka.js:26:17204)
    at qx.request (https://w3.ibm.com/w3publisher/assets/site-viewer-vendor-BI3YB0Ka.js:28:2131)
    at async Lh (https://w3.ibm.com/w3publisher/assets/index-M7xrVzMj.js:318:23696)
    at async qS.Rh (https://w3.ibm.com/w3publisher/assets/index-M7xrVzMj.js:318:23763)
[46103436ms] [WARNING] The resource https://w3.ibm.com/w3publisher/devices-ibm/assets/rolldown-runtime-DAXXjFlN.js was preloaded using link preload but not used within a few seconds from the window's load event. Please make sure it has an appropriate `as` value and it is preloaded intentionally. @ https://w3.ibm.com/w3publisher/devices-ibm/return-your-device:0
[46103436ms] [WARNING] The resource https://w3.ibm.com/w3publisher/devices-ibm/assets/site-viewer-vendor-BI3YB0Ka.js was preloaded using link preload but not used within a few seconds from the window's load event. Please make sure it has an appropriate `as` value and it is preloaded intentionally. @ https://w3.ibm.com/w3publisher/devices-ibm/return-your-device:0
[47000444ms] [ERROR] Failed to load resource: net::ERR_NAME_NOT_RESOLVED @ https://w3.s81c.com/w3publisher/site-service/health/ping:0
[47000445ms] AxiosError: Network Error
    at h.onerror (https://w3.ibm.com/w3publisher/assets/site-viewer-vendor-BI3YB0Ka.js:26:17204)
    at qx.request (https://w3.ibm.com/w3publisher/assets/site-viewer-vendor-BI3YB0Ka.js:28:2131)
    at async Lh (https://w3.ibm.com/w3publisher/assets/index-M7xrVzMj.js:318:23696)
    at async qS.Rh (https://w3.ibm.com/w3publisher/assets/index-M7xrVzMj.js:318:23763)
[47003447ms] [WARNING] The resource https://w3.ibm.com/w3publisher/devices-ibm/assets/rolldown-runtime-DAXXjFlN.js was preloaded using link preload but not used within a few seconds from the window's load event. Please make sure it has an appropriate `as` value and it is preloaded intentionally. @ https://w3.ibm.com/w3publisher/devices-ibm/return-your-device:0
[47003448ms] [WARNING] The resource https://w3.ibm.com/w3publisher/devices-ibm/assets/site-viewer-vendor-BI3YB0Ka.js was preloaded using link preload but not used within a few seconds from the window's load event. Please make sure it has an appropriate `as` value and it is preloaded intentionally. @ https://w3.ibm.com/w3publisher/devices-ibm/return-your-device:0
[47900475ms] [ERROR] Failed to load resource: net::ERR_NAME_NOT_RESOLVED @ https://w3.s81c.com/w3publisher/site-service/health/ping:0
[47900476ms] AxiosError: Network Error
    at h.onerror (https://w3.ibm.com/w3publisher/assets/site-viewer-vendor-BI3YB0Ka.js:26:17204)
    at qx.request (https://w3.ibm.com/w3publisher/assets/site-viewer-vendor-BI3YB0Ka.js:28:2131)
    at async Lh (https://w3.ibm.com/w3publisher/assets/index-M7xrVzMj.js:318:23696)
    at async qS.Rh (https://w3.ibm.com/w3publisher/assets/index-M7xrVzMj.js:318:23763)
[47903479ms] [WARNING] The resource https://w3.ibm.com/w3publisher/devices-ibm/assets/rolldown-runtime-DAXXjFlN.js was preloaded using link preload but not used within a few seconds from the window's load event. Please make sure it has an appropriate `as` value and it is preloaded intentionally. @ https://w3.ibm.com/w3publisher/devices-ibm/return-your-device:0
[47903479ms] [WARNING] The resource https://w3.ibm.com/w3publisher/devices-ibm/assets/site-viewer-vendor-BI3YB0Ka.js was preloaded using link preload but not used within a few seconds from the window's load event. Please make sure it has an appropriate `as` value and it is preloaded intentionally. @ https://w3.ibm.com/w3publisher/devices-ibm/return-your-device:0
[48800440ms] [ERROR] Failed to load resource: net::ERR_NAME_NOT_RESOLVED @ https://w3.s81c.com/w3publisher/site-service/health/ping:0
[48800441ms] AxiosError: Network Error
    at h.onerror (https://w3.ibm.com/w3publisher/assets/site-viewer-vendor-BI3YB0Ka.js:26:17204)
    at qx.request (https://w3.ibm.com/w3publisher/assets/site-viewer-vendor-BI3YB0Ka.js:28:2131)
    at async Lh (https://w3.ibm.com/w3publisher/assets/index-M7xrVzMj.js:318:23696)
    at async qS.Rh (https://w3.ibm.com/w3publisher/assets/index-M7xrVzMj.js:318:23763)
[48803442ms] [WARNING] The resource https://w3.ibm.com/w3publisher/devices-ibm/assets/rolldown-runtime-DAXXjFlN.js was preloaded using link preload but not used within a few seconds from the window's load event. Please make sure it has an appropriate `as` value and it is preloaded intentionally. @ https://w3.ibm.com/w3publisher/devices-ibm/return-your-device:0
[48803442ms] [WARNING] The resource https://w3.ibm.com/w3publisher/devices-ibm/assets/site-viewer-vendor-BI3YB0Ka.js was preloaded using link preload but not used within a few seconds from the window's load event. Please make sure it has an appropriate `as` value and it is preloaded intentionally. @ https://w3.ibm.com/w3publisher/devices-ibm/return-your-device:0
[49700434ms] [ERROR] Failed to load resource: net::ERR_NAME_NOT_RESOLVED @ https://w3.s81c.com/w3publisher/site-service/health/ping:0
[49700437ms] AxiosError: Network Error
    at h.onerror (https://w3.ibm.com/w3publisher/assets/site-viewer-vendor-BI3YB0Ka.js:26:17204)
    at qx.request (https://w3.ibm.com/w3publisher/assets/site-viewer-vendor-BI3YB0Ka.js:28:2131)
    at async Lh (https://w3.ibm.com/w3publisher/assets/index-M7xrVzMj.js:318:23696)
    at async qS.Rh (https://w3.ibm.com/w3publisher/assets/index-M7xrVzMj.js:318:23763)
[49703437ms] [WARNING] The resource https://w3.ibm.com/w3publisher/devices-ibm/assets/rolldown-runtime-DAXXjFlN.js was preloaded using link preload but not used within a few seconds from the window's load event. Please make sure it has an appropriate `as` value and it is preloaded intentionally. @ https://w3.ibm.com/w3publisher/devices-ibm/return-your-device:0
[49703438ms] [WARNING] The resource https://w3.ibm.com/w3publisher/devices-ibm/assets/site-viewer-vendor-BI3YB0Ka.js was preloaded using link preload but not used within a few seconds from the window's load event. Please make sure it has an appropriate `as` value and it is preloaded intentionally. @ https://w3.ibm.com/w3publisher/devices-ibm/return-your-device:0
[50600443ms] [ERROR] Failed to load resource: net::ERR_NAME_NOT_RESOLVED @ https://w3.s81c.com/w3publisher/site-service/health/ping:0
[50600444ms] AxiosError: Network Error
    at h.onerror (https://w3.ibm.com/w3publisher/assets/site-viewer-vendor-BI3YB0Ka.js:26:17204)
    at qx.request (https://w3.ibm.com/w3publisher/assets/site-viewer-vendor-BI3YB0Ka.js:28:2131)
    at async Lh (https://w3.ibm.com/w3publisher/assets/index-M7xrVzMj.js:318:23696)
    at async qS.Rh (https://w3.ibm.com/w3publisher/assets/index-M7xrVzMj.js:318:23763)
[50603446ms] [WARNING] The resource https://w3.ibm.com/w3publisher/devices-ibm/assets/rolldown-runtime-DAXXjFlN.js was preloaded using link preload but not used within a few seconds from the window's load event. Please make sure it has an appropriate `as` value and it is preloaded intentionally. @ https://w3.ibm.com/w3publisher/devices-ibm/return-your-device:0
[50603447ms] [WARNING] The resource https://w3.ibm.com/w3publisher/devices-ibm/assets/site-viewer-vendor-BI3YB0Ka.js was preloaded using link preload but not used within a few seconds from the window's load event. Please make sure it has an appropriate `as` value and it is preloaded intentionally. @ https://w3.ibm.com/w3publisher/devices-ibm/return-your-device:0
[51500420ms] [ERROR] Failed to load resource: net::ERR_NAME_NOT_RESOLVED @ https://w3.s81c.com/w3publisher/site-service/health/ping:0
[51500421ms] AxiosError: Network Error
    at h.onerror (https://w3.ibm.com/w3publisher/assets/site-viewer-vendor-BI3YB0Ka.js:26:17204)
    at qx.request (https://w3.ibm.com/w3publisher/assets/site-viewer-vendor-BI3YB0Ka.js:28:2131)
    at async Lh (https://w3.ibm.com/w3publisher/assets/index-M7xrVzMj.js:318:23696)
    at async qS.Rh (https://w3.ibm.com/w3publisher/assets/index-M7xrVzMj.js:318:23763)
[51503422ms] [WARNING] The resource https://w3.ibm.com/w3publisher/devices-ibm/assets/rolldown-runtime-DAXXjFlN.js was preloaded using link preload but not used within a few seconds from the window's load event. Please make sure it has an appropriate `as` value and it is preloaded intentionally. @ https://w3.ibm.com/w3publisher/devices-ibm/return-your-device:0
[51503422ms] [WARNING] The resource https://w3.ibm.com/w3publisher/devices-ibm/assets/site-viewer-vendor-BI3YB0Ka.js was preloaded using link preload but not used within a few seconds from the window's load event. Please make sure it has an appropriate `as` value and it is preloaded intentionally. @ https://w3.ibm.com/w3publisher/devices-ibm/return-your-device:0
[52400439ms] [ERROR] Failed to load resource: net::ERR_NAME_NOT_RESOLVED @ https://w3.s81c.com/w3publisher/site-service/health/ping:0
[52400440ms] AxiosError: Network Error
    at h.onerror (https://w3.ibm.com/w3publisher/assets/site-viewer-vendor-BI3YB0Ka.js:26:17204)
    at qx.request (https://w3.ibm.com/w3publisher/assets/site-viewer-vendor-BI3YB0Ka.js:28:2131)
    at async Lh (https://w3.ibm.com/w3publisher/assets/index-M7xrVzMj.js:318:23696)
    at async qS.Rh (https://w3.ibm.com/w3publisher/assets/index-M7xrVzMj.js:318:23763)
[52403441ms] [WARNING] The resource https://w3.ibm.com/w3publisher/devices-ibm/assets/rolldown-runtime-DAXXjFlN.js was preloaded using link preload but not used within a few seconds from the window's load event. Please make sure it has an appropriate `as` value and it is preloaded intentionally. @ https://w3.ibm.com/w3publisher/devices-ibm/return-your-device:0
[52403441ms] [WARNING] The resource https://w3.ibm.com/w3publisher/devices-ibm/assets/site-viewer-vendor-BI3YB0Ka.js was preloaded using link preload but not used within a few seconds from the window's load event. Please make sure it has an appropriate `as` value and it is preloaded intentionally. @ https://w3.ibm.com/w3publisher/devices-ibm/return-your-device:0
[53300458ms] [ERROR] Failed to load resource: net::ERR_NAME_NOT_RESOLVED @ https://w3.s81c.com/w3publisher/site-service/health/ping:0
[53300459ms] AxiosError: Network Error
    at h.onerror (https://w3.ibm.com/w3publisher/assets/site-viewer-vendor-BI3YB0Ka.js:26:17204)
    at qx.request (https://w3.ibm.com/w3publisher/assets/site-viewer-vendor-BI3YB0Ka.js:28:2131)
    at async Lh (https://w3.ibm.com/w3publisher/assets/index-M7xrVzMj.js:318:23696)
    at async qS.Rh (https://w3.ibm.com/w3publisher/assets/index-M7xrVzMj.js:318:23763)
[53303459ms] [WARNING] The resource https://w3.ibm.com/w3publisher/devices-ibm/assets/rolldown-runtime-DAXXjFlN.js was preloaded using link preload but not used within a few seconds from the window's load event. Please make sure it has an appropriate `as` value and it is preloaded intentionally. @ https://w3.ibm.com/w3publisher/devices-ibm/return-your-device:0
[53303459ms] [WARNING] The resource https://w3.ibm.com/w3publisher/devices-ibm/assets/site-viewer-vendor-BI3YB0Ka.js was preloaded using link preload but not used within a few seconds from the window's load event. Please make sure it has an appropriate `as` value and it is preloaded intentionally. @ https://w3.ibm.com/w3publisher/devices-ibm/return-your-device:0
[54200486ms] [ERROR] Failed to load resource: net::ERR_NAME_NOT_RESOLVED @ https://w3.s81c.com/w3publisher/site-service/health/ping:0
[54200488ms] AxiosError: Network Error
    at h.onerror (https://w3.ibm.com/w3publisher/assets/site-viewer-vendor-BI3YB0Ka.js:26:17204)
    at qx.request (https://w3.ibm.com/w3publisher/assets/site-viewer-vendor-BI3YB0Ka.js:28:2131)
    at async Lh (https://w3.ibm.com/w3publisher/assets/index-M7xrVzMj.js:318:23696)
    at async qS.Rh (https://w3.ibm.com/w3publisher/assets/index-M7xrVzMj.js:318:23763)
[54203489ms] [WARNING] The resource https://w3.ibm.com/w3publisher/devices-ibm/assets/rolldown-runtime-DAXXjFlN.js was preloaded using link preload but not used within a few seconds from the window's load event. Please make sure it has an appropriate `as` value and it is preloaded intentionally. @ https://w3.ibm.com/w3publisher/devices-ibm/return-your-device:0
[54203489ms] [WARNING] The resource https://w3.ibm.com/w3publisher/devices-ibm/assets/site-viewer-vendor-BI3YB0Ka.js was preloaded using link preload but not used within a few seconds from the window's load event. Please make sure it has an appropriate `as` value and it is preloaded intentionally. @ https://w3.ibm.com/w3publisher/devices-ibm/return-your-device:0
[55100502ms] [ERROR] Failed to load resource: net::ERR_NAME_NOT_RESOLVED @ https://w3.s81c.com/w3publisher/site-service/health/ping:0
[55100503ms] AxiosError: Network Error
    at h.onerror (https://w3.ibm.com/w3publisher/assets/site-viewer-vendor-BI3YB0Ka.js:26:17204)
    at qx.request (https://w3.ibm.com/w3publisher/assets/site-viewer-vendor-BI3YB0Ka.js:28:2131)
    at async Lh (https://w3.ibm.com/w3publisher/assets/index-M7xrVzMj.js:318:23696)
    at async qS.Rh (https://w3.ibm.com/w3publisher/assets/index-M7xrVzMj.js:318:23763)
[55103504ms] [WARNING] The resource https://w3.ibm.com/w3publisher/devices-ibm/assets/rolldown-runtime-DAXXjFlN.js was preloaded using link preload but not used within a few seconds from the window's load event. Please make sure it has an appropriate `as` value and it is preloaded intentionally. @ https://w3.ibm.com/w3publisher/devices-ibm/return-your-device:0
[55103504ms] [WARNING] The resource https://w3.ibm.com/w3publisher/devices-ibm/assets/site-viewer-vendor-BI3YB0Ka.js was preloaded using link preload but not used within a few seconds from the window's load event. Please make sure it has an appropriate `as` value and it is preloaded intentionally. @ https://w3.ibm.com/w3publisher/devices-ibm/return-your-device:0
[56000493ms] [ERROR] Failed to load resource: net::ERR_NAME_NOT_RESOLVED @ https://w3.s81c.com/w3publisher/site-service/health/ping:0
[56000494ms] AxiosError: Network Error
    at h.onerror (https://w3.ibm.com/w3publisher/assets/site-viewer-vendor-BI3YB0Ka.js:26:17204)
    at qx.request (https://w3.ibm.com/w3publisher/assets/site-viewer-vendor-BI3YB0Ka.js:28:2131)
    at async Lh (https://w3.ibm.com/w3publisher/assets/index-M7xrVzMj.js:318:23696)
    at async qS.Rh (https://w3.ibm.com/w3publisher/assets/index-M7xrVzMj.js:318:23763)
[56003496ms] [WARNING] The resource https://w3.ibm.com/w3publisher/devices-ibm/assets/rolldown-runtime-DAXXjFlN.js was preloaded using link preload but not used within a few seconds from the window's load event. Please make sure it has an appropriate `as` value and it is preloaded intentionally. @ https://w3.ibm.com/w3publisher/devices-ibm/return-your-device:0
[56003496ms] [WARNING] The resource https://w3.ibm.com/w3publisher/devices-ibm/assets/site-viewer-vendor-BI3YB0Ka.js was preloaded using link preload but not used within a few seconds from the window's load event. Please make sure it has an appropriate `as` value and it is preloaded intentionally. @ https://w3.ibm.com/w3publisher/devices-ibm/return-your-device:0
[56900507ms] [ERROR] Failed to load resource: net::ERR_NAME_NOT_RESOLVED @ https://w3.s81c.com/w3publisher/site-service/health/ping:0
[56900508ms] AxiosError: Network Error
    at h.onerror (https://w3.ibm.com/w3publisher/assets/site-viewer-vendor-BI3YB0Ka.js:26:17204)
    at qx.request (https://w3.ibm.com/w3publisher/assets/site-viewer-vendor-BI3YB0Ka.js:28:2131)
    at async Lh (https://w3.ibm.com/w3publisher/assets/index-M7xrVzMj.js:318:23696)
    at async qS.Rh (https://w3.ibm.com/w3publisher/assets/index-M7xrVzMj.js:318:23763)
[56903510ms] [WARNING] The resource https://w3.ibm.com/w3publisher/devices-ibm/assets/rolldown-runtime-DAXXjFlN.js was preloaded using link preload but not used within a few seconds from the window's load event. Please make sure it has an appropriate `as` value and it is preloaded intentionally. @ https://w3.ibm.com/w3publisher/devices-ibm/return-your-device:0
[56903510ms] [WARNING] The resource https://w3.ibm.com/w3publisher/devices-ibm/assets/site-viewer-vendor-BI3YB0Ka.js was preloaded using link preload but not used within a few seconds from the window's load event. Please make sure it has an appropriate `as` value and it is preloaded intentionally. @ https://w3.ibm.com/w3publisher/devices-ibm/return-your-device:0
[57800526ms] [ERROR] Failed to load resource: net::ERR_NAME_NOT_RESOLVED @ https://w3.s81c.com/w3publisher/site-service/health/ping:0
[57800527ms] AxiosError: Network Error
    at h.onerror (https://w3.ibm.com/w3publisher/assets/site-viewer-vendor-BI3YB0Ka.js:26:17204)
    at qx.request (https://w3.ibm.com/w3publisher/assets/site-viewer-vendor-BI3YB0Ka.js:28:2131)
    at async Lh (https://w3.ibm.com/w3publisher/assets/index-M7xrVzMj.js:318:23696)
    at async qS.Rh (https://w3.ibm.com/w3publisher/assets/index-M7xrVzMj.js:318:23763)
[57803527ms] [WARNING] The resource https://w3.ibm.com/w3publisher/devices-ibm/assets/rolldown-runtime-DAXXjFlN.js was preloaded using link preload but not used within a few seconds from the window's load event. Please make sure it has an appropriate `as` value and it is preloaded intentionally. @ https://w3.ibm.com/w3publisher/devices-ibm/return-your-device:0
[57803527ms] [WARNING] The resource https://w3.ibm.com/w3publisher/devices-ibm/assets/site-viewer-vendor-BI3YB0Ka.js was preloaded using link preload but not used within a few seconds from the window's load event. Please make sure it has an appropriate `as` value and it is preloaded intentionally. @ https://w3.ibm.com/w3publisher/devices-ibm/return-your-device:0
[58700523ms] [ERROR] Failed to load resource: net::ERR_NAME_NOT_RESOLVED @ https://w3.s81c.com/w3publisher/site-service/health/ping:0
[58700524ms] AxiosError: Network Error
    at h.onerror (https://w3.ibm.com/w3publisher/assets/site-viewer-vendor-BI3YB0Ka.js:26:17204)
    at qx.request (https://w3.ibm.com/w3publisher/assets/site-viewer-vendor-BI3YB0Ka.js:28:2131)
    at async Lh (https://w3.ibm.com/w3publisher/assets/index-M7xrVzMj.js:318:23696)
    at async qS.Rh (https://w3.ibm.com/w3publisher/assets/index-M7xrVzMj.js:318:23763)
[58703525ms] [WARNING] The resource https://w3.ibm.com/w3publisher/devices-ibm/assets/rolldown-runtime-DAXXjFlN.js was preloaded using link preload but not used within a few seconds from the window's load event. Please make sure it has an appropriate `as` value and it is preloaded intentionally. @ https://w3.ibm.com/w3publisher/devices-ibm/return-your-device:0
[58703525ms] [WARNING] The resource https://w3.ibm.com/w3publisher/devices-ibm/assets/site-viewer-vendor-BI3YB0Ka.js was preloaded using link preload but not used within a few seconds from the window's load event. Please make sure it has an appropriate `as` value and it is preloaded intentionally. @ https://w3.ibm.com/w3publisher/devices-ibm/return-your-device:0
[59600543ms] [ERROR] Failed to load resource: net::ERR_NAME_NOT_RESOLVED @ https://w3.s81c.com/w3publisher/site-service/health/ping:0
[59600544ms] AxiosError: Network Error
    at h.onerror (https://w3.ibm.com/w3publisher/assets/site-viewer-vendor-BI3YB0Ka.js:26:17204)
    at qx.request (https://w3.ibm.com/w3publisher/assets/site-viewer-vendor-BI3YB0Ka.js:28:2131)
    at async Lh (https://w3.ibm.com/w3publisher/assets/index-M7xrVzMj.js:318:23696)
    at async qS.Rh (https://w3.ibm.com/w3publisher/assets/index-M7xrVzMj.js:318:23763)
[59603546ms] [WARNING] The resource https://w3.ibm.com/w3publisher/devices-ibm/assets/rolldown-runtime-DAXXjFlN.js was preloaded using link preload but not used within a few seconds from the window's load event. Please make sure it has an appropriate `as` value and it is preloaded intentionally. @ https://w3.ibm.com/w3publisher/devices-ibm/return-your-device:0
[59603546ms] [WARNING] The resource https://w3.ibm.com/w3publisher/devices-ibm/assets/site-viewer-vendor-BI3YB0Ka.js was preloaded using link preload but not used within a few seconds from the window's load event. Please make sure it has an appropriate `as` value and it is preloaded intentionally. @ https://w3.ibm.com/w3publisher/devices-ibm/return-your-device:0
[60500548ms] [ERROR] Failed to load resource: net::ERR_NAME_NOT_RESOLVED @ https://w3.s81c.com/w3publisher/site-service/health/ping:0
[60500549ms] AxiosError: Network Error
    at h.onerror (https://w3.ibm.com/w3publisher/assets/site-viewer-vendor-BI3YB0Ka.js:26:17204)
    at qx.request (https://w3.ibm.com/w3publisher/assets/site-viewer-vendor-BI3YB0Ka.js:28:2131)
    at async Lh (https://w3.ibm.com/w3publisher/assets/index-M7xrVzMj.js:318:23696)
    at async qS.Rh (https://w3.ibm.com/w3publisher/assets/index-M7xrVzMj.js:318:23763)
[60503550ms] [WARNING] The resource https://w3.ibm.com/w3publisher/devices-ibm/assets/rolldown-runtime-DAXXjFlN.js was preloaded using link preload but not used within a few seconds from the window's load event. Please make sure it has an appropriate `as` value and it is preloaded intentionally. @ https://w3.ibm.com/w3publisher/devices-ibm/return-your-device:0
[60503550ms] [WARNING] The resource https://w3.ibm.com/w3publisher/devices-ibm/assets/site-viewer-vendor-BI3YB0Ka.js was preloaded using link preload but not used within a few seconds from the window's load event. Please make sure it has an appropriate `as` value and it is preloaded intentionally. @ https://w3.ibm.com/w3publisher/devices-ibm/return-your-device:0
[61400564ms] [ERROR] Failed to load resource: net::ERR_NAME_NOT_RESOLVED @ https://w3.s81c.com/w3publisher/site-service/health/ping:0
[61400567ms] AxiosError: Network Error
    at h.onerror (https://w3.ibm.com/w3publisher/assets/site-viewer-vendor-BI3YB0Ka.js:26:17204)
    at qx.request (https://w3.ibm.com/w3publisher/assets/site-viewer-vendor-BI3YB0Ka.js:28:2131)
    at async Lh (https://w3.ibm.com/w3publisher/assets/index-M7xrVzMj.js:318:23696)
    at async qS.Rh (https://w3.ibm.com/w3publisher/assets/index-M7xrVzMj.js:318:23763)
[61403565ms] [WARNING] The resource https://w3.ibm.com/w3publisher/devices-ibm/assets/rolldown-runtime-DAXXjFlN.js was preloaded using link preload but not used within a few seconds from the window's load event. Please make sure it has an appropriate `as` value and it is preloaded intentionally. @ https://w3.ibm.com/w3publisher/devices-ibm/return-your-device:0
[61403565ms] [WARNING] The resource https://w3.ibm.com/w3publisher/devices-ibm/assets/site-viewer-vendor-BI3YB0Ka.js was preloaded using link preload but not used within a few seconds from the window's load event. Please make sure it has an appropriate `as` value and it is preloaded intentionally. @ https://w3.ibm.com/w3publisher/devices-ibm/return-your-device:0
[62300565ms] [ERROR] Failed to load resource: net::ERR_NAME_NOT_RESOLVED @ https://w3.s81c.com/w3publisher/site-service/health/ping:0
[62300566ms] AxiosError: Network Error
    at h.onerror (https://w3.ibm.com/w3publisher/assets/site-viewer-vendor-BI3YB0Ka.js:26:17204)
    at qx.request (https://w3.ibm.com/w3publisher/assets/site-viewer-vendor-BI3YB0Ka.js:28:2131)
    at async Lh (https://w3.ibm.com/w3publisher/assets/index-M7xrVzMj.js:318:23696)
    at async qS.Rh (https://w3.ibm.com/w3publisher/assets/index-M7xrVzMj.js:318:23763)
[62303567ms] [WARNING] The resource https://w3.ibm.com/w3publisher/devices-ibm/assets/rolldown-runtime-DAXXjFlN.js was preloaded using link preload but not used within a few seconds from the window's load event. Please make sure it has an appropriate `as` value and it is preloaded intentionally. @ https://w3.ibm.com/w3publisher/devices-ibm/return-your-device:0
[62303568ms] [WARNING] The resource https://w3.ibm.com/w3publisher/devices-ibm/assets/site-viewer-vendor-BI3YB0Ka.js was preloaded using link preload but not used within a few seconds from the window's load event. Please make sure it has an appropriate `as` value and it is preloaded intentionally. @ https://w3.ibm.com/w3publisher/devices-ibm/return-your-device:0
[63200576ms] [ERROR] Failed to load resource: net::ERR_NAME_NOT_RESOLVED @ https://w3.s81c.com/w3publisher/site-service/health/ping:0
[63200577ms] AxiosError: Network Error
    at h.onerror (https://w3.ibm.com/w3publisher/assets/site-viewer-vendor-BI3YB0Ka.js:26:17204)
    at qx.request (https://w3.ibm.com/w3publisher/assets/site-viewer-vendor-BI3YB0Ka.js:28:2131)
    at async Lh (https://w3.ibm.com/w3publisher/assets/index-M7xrVzMj.js:318:23696)
    at async qS.Rh (https://w3.ibm.com/w3publisher/assets/index-M7xrVzMj.js:318:23763)
[63203578ms] [WARNING] The resource https://w3.ibm.com/w3publisher/devices-ibm/assets/rolldown-runtime-DAXXjFlN.js was preloaded using link preload but not used within a few seconds from the window's load event. Please make sure it has an appropriate `as` value and it is preloaded intentionally. @ https://w3.ibm.com/w3publisher/devices-ibm/return-your-device:0
[63203579ms] [WARNING] The resource https://w3.ibm.com/w3publisher/devices-ibm/assets/site-viewer-vendor-BI3YB0Ka.js was preloaded using link preload but not used within a few seconds from the window's load event. Please make sure it has an appropriate `as` value and it is preloaded intentionally. @ https://w3.ibm.com/w3publisher/devices-ibm/return-your-device:0
[64100557ms] [ERROR] Failed to load resource: net::ERR_NAME_NOT_RESOLVED @ https://w3.s81c.com/w3publisher/site-service/health/ping:0
[64100558ms] AxiosError: Network Error
    at h.onerror (https://w3.ibm.com/w3publisher/assets/site-viewer-vendor-BI3YB0Ka.js:26:17204)
    at qx.request (https://w3.ibm.com/w3publisher/assets/site-viewer-vendor-BI3YB0Ka.js:28:2131)
    at async Lh (https://w3.ibm.com/w3publisher/assets/index-M7xrVzMj.js:318:23696)
    at async qS.Rh (https://w3.ibm.com/w3publisher/assets/index-M7xrVzMj.js:318:23763)
[64103559ms] [WARNING] The resource https://w3.ibm.com/w3publisher/devices-ibm/assets/rolldown-runtime-DAXXjFlN.js was preloaded using link preload but not used within a few seconds from the window's load event. Please make sure it has an appropriate `as` value and it is preloaded intentionally. @ https://w3.ibm.com/w3publisher/devices-ibm/return-your-device:0
[64103559ms] [WARNING] The resource https://w3.ibm.com/w3publisher/devices-ibm/assets/site-viewer-vendor-BI3YB0Ka.js was preloaded using link preload but not used within a few seconds from the window's load event. Please make sure it has an appropriate `as` value and it is preloaded intentionally. @ https://w3.ibm.com/w3publisher/devices-ibm/return-your-device:0
[65000578ms] [ERROR] Failed to load resource: net::ERR_NAME_NOT_RESOLVED @ https://w3.s81c.com/w3publisher/site-service/health/ping:0
[65000580ms] AxiosError: Network Error
    at h.onerror (https://w3.ibm.com/w3publisher/assets/site-viewer-vendor-BI3YB0Ka.js:26:17204)
    at qx.request (https://w3.ibm.com/w3publisher/assets/site-viewer-vendor-BI3YB0Ka.js:28:2131)
    at async Lh (https://w3.ibm.com/w3publisher/assets/index-M7xrVzMj.js:318:23696)
    at async qS.Rh (https://w3.ibm.com/w3publisher/assets/index-M7xrVzMj.js:318:23763)
[65003581ms] [WARNING] The resource https://w3.ibm.com/w3publisher/devices-ibm/assets/rolldown-runtime-DAXXjFlN.js was preloaded using link preload but not used within a few seconds from the window's load event. Please make sure it has an appropriate `as` value and it is preloaded intentionally. @ https://w3.ibm.com/w3publisher/devices-ibm/return-your-device:0
[65003581ms] [WARNING] The resource https://w3.ibm.com/w3publisher/devices-ibm/assets/site-viewer-vendor-BI3YB0Ka.js was preloaded using link preload but not used within a few seconds from the window's load event. Please make sure it has an appropriate `as` value and it is preloaded intentionally. @ https://w3.ibm.com/w3publisher/devices-ibm/return-your-device:0
[65900591ms] [ERROR] Failed to load resource: net::ERR_NAME_NOT_RESOLVED @ https://w3.s81c.com/w3publisher/site-service/health/ping:0
[65900592ms] AxiosError: Network Error
    at h.onerror (https://w3.ibm.com/w3publisher/assets/site-viewer-vendor-BI3YB0Ka.js:26:17204)
    at qx.request (https://w3.ibm.com/w3publisher/assets/site-viewer-vendor-BI3YB0Ka.js:28:2131)
    at async Lh (https://w3.ibm.com/w3publisher/assets/index-M7xrVzMj.js:318:23696)
    at async qS.Rh (https://w3.ibm.com/w3publisher/assets/index-M7xrVzMj.js:318:23763)
[65903593ms] [WARNING] The resource https://w3.ibm.com/w3publisher/devices-ibm/assets/rolldown-runtime-DAXXjFlN.js was preloaded using link preload but not used within a few seconds from the window's load event. Please make sure it has an appropriate `as` value and it is preloaded intentionally. @ https://w3.ibm.com/w3publisher/devices-ibm/return-your-device:0
[65903593ms] [WARNING] The resource https://w3.ibm.com/w3publisher/devices-ibm/assets/site-viewer-vendor-BI3YB0Ka.js was preloaded using link preload but not used within a few seconds from the window's load event. Please make sure it has an appropriate `as` value and it is preloaded intentionally. @ https://w3.ibm.com/w3publisher/devices-ibm/return-your-device:0
[66800596ms] [ERROR] Failed to load resource: net::ERR_NAME_NOT_RESOLVED @ https://w3.s81c.com/w3publisher/site-service/health/ping:0
[66800599ms] AxiosError: Network Error
    at h.onerror (https://w3.ibm.com/w3publisher/assets/site-viewer-vendor-BI3YB0Ka.js:26:17204)
    at qx.request (https://w3.ibm.com/w3publisher/assets/site-viewer-vendor-BI3YB0Ka.js:28:2131)
    at async Lh (https://w3.ibm.com/w3publisher/assets/index-M7xrVzMj.js:318:23696)
    at async qS.Rh (https://w3.ibm.com/w3publisher/assets/index-M7xrVzMj.js:318:23763)
[66803599ms] [WARNING] The resource https://w3.ibm.com/w3publisher/devices-ibm/assets/rolldown-runtime-DAXXjFlN.js was preloaded using link preload but not used within a few seconds from the window's load event. Please make sure it has an appropriate `as` value and it is preloaded intentionally. @ https://w3.ibm.com/w3publisher/devices-ibm/return-your-device:0
[66803599ms] [WARNING] The resource https://w3.ibm.com/w3publisher/devices-ibm/assets/site-viewer-vendor-BI3YB0Ka.js was preloaded using link preload but not used within a few seconds from the window's load event. Please make sure it has an appropriate `as` value and it is preloaded intentionally. @ https://w3.ibm.com/w3publisher/devices-ibm/return-your-device:0
[67700589ms] [ERROR] Failed to load resource: net::ERR_NAME_NOT_RESOLVED @ https://w3.s81c.com/w3publisher/site-service/health/ping:0
[67700591ms] AxiosError: Network Error
    at h.onerror (https://w3.ibm.com/w3publisher/assets/site-viewer-vendor-BI3YB0Ka.js:26:17204)
    at qx.request (https://w3.ibm.com/w3publisher/assets/site-viewer-vendor-BI3YB0Ka.js:28:2131)
    at async Lh (https://w3.ibm.com/w3publisher/assets/index-M7xrVzMj.js:318:23696)
    at async qS.Rh (https://w3.ibm.com/w3publisher/assets/index-M7xrVzMj.js:318:23763)
[67703590ms] [WARNING] The resource https://w3.ibm.com/w3publisher/devices-ibm/assets/rolldown-runtime-DAXXjFlN.js was preloaded using link preload but not used within a few seconds from the window's load event. Please make sure it has an appropriate `as` value and it is preloaded intentionally. @ https://w3.ibm.com/w3publisher/devices-ibm/return-your-device:0
[67703590ms] [WARNING] The resource https://w3.ibm.com/w3publisher/devices-ibm/assets/site-viewer-vendor-BI3YB0Ka.js was preloaded using link preload but not used within a few seconds from the window's load event. Please make sure it has an appropriate `as` value and it is preloaded intentionally. @ https://w3.ibm.com/w3publisher/devices-ibm/return-your-device:0
[68600604ms] [ERROR] Failed to load resource: net::ERR_NAME_NOT_RESOLVED @ https://w3.s81c.com/w3publisher/site-service/health/ping:0
[68600606ms] AxiosError: Network Error
    at h.onerror (https://w3.ibm.com/w3publisher/assets/site-viewer-vendor-BI3YB0Ka.js:26:17204)
    at qx.request (https://w3.ibm.com/w3publisher/assets/site-viewer-vendor-BI3YB0Ka.js:28:2131)
    at async Lh (https://w3.ibm.com/w3publisher/assets/index-M7xrVzMj.js:318:23696)
    at async qS.Rh (https://w3.ibm.com/w3publisher/assets/index-M7xrVzMj.js:318:23763)
[68603605ms] [WARNING] The resource https://w3.ibm.com/w3publisher/devices-ibm/assets/rolldown-runtime-DAXXjFlN.js was preloaded using link preload but not used within a few seconds from the window's load event. Please make sure it has an appropriate `as` value and it is preloaded intentionally. @ https://w3.ibm.com/w3publisher/devices-ibm/return-your-device:0
[68603605ms] [WARNING] The resource https://w3.ibm.com/w3publisher/devices-ibm/assets/site-viewer-vendor-BI3YB0Ka.js was preloaded using link preload but not used within a few seconds from the window's load event. Please make sure it has an appropriate `as` value and it is preloaded intentionally. @ https://w3.ibm.com/w3publisher/devices-ibm/return-your-device:0
[69500571ms] [ERROR] Failed to load resource: net::ERR_NAME_NOT_RESOLVED @ https://w3.s81c.com/w3publisher/site-service/health/ping:0
[69500573ms] AxiosError: Network Error
    at h.onerror (https://w3.ibm.com/w3publisher/assets/site-viewer-vendor-BI3YB0Ka.js:26:17204)
    at qx.request (https://w3.ibm.com/w3publisher/assets/site-viewer-vendor-BI3YB0Ka.js:28:2131)
    at async Lh (https://w3.ibm.com/w3publisher/assets/index-M7xrVzMj.js:318:23696)
    at async qS.Rh (https://w3.ibm.com/w3publisher/assets/index-M7xrVzMj.js:318:23763)
[69503573ms] [WARNING] The resource https://w3.ibm.com/w3publisher/devices-ibm/assets/rolldown-runtime-DAXXjFlN.js was preloaded using link preload but not used within a few seconds from the window's load event. Please make sure it has an appropriate `as` value and it is preloaded intentionally. @ https://w3.ibm.com/w3publisher/devices-ibm/return-your-device:0
[69503573ms] [WARNING] The resource https://w3.ibm.com/w3publisher/devices-ibm/assets/site-viewer-vendor-BI3YB0Ka.js was preloaded using link preload but not used within a few seconds from the window's load event. Please make sure it has an appropriate `as` value and it is preloaded intentionally. @ https://w3.ibm.com/w3publisher/devices-ibm/return-your-device:0
[70400616ms] [ERROR] Failed to load resource: net::ERR_NAME_NOT_RESOLVED @ https://w3.s81c.com/w3publisher/site-service/health/ping:0
[70400617ms] AxiosError: Network Error
    at h.onerror (https://w3.ibm.com/w3publisher/assets/site-viewer-vendor-BI3YB0Ka.js:26:17204)
    at qx.request (https://w3.ibm.com/w3publisher/assets/site-viewer-vendor-BI3YB0Ka.js:28:2131)
    at async Lh (https://w3.ibm.com/w3publisher/assets/index-M7xrVzMj.js:318:23696)
    at async qS.Rh (https://w3.ibm.com/w3publisher/assets/index-M7xrVzMj.js:318:23763)
[70403617ms] [WARNING] The resource https://w3.ibm.com/w3publisher/devices-ibm/assets/rolldown-runtime-DAXXjFlN.js was preloaded using link preload but not used within a few seconds from the window's load event. Please make sure it has an appropriate `as` value and it is preloaded intentionally. @ https://w3.ibm.com/w3publisher/devices-ibm/return-your-device:0
[70403617ms] [WARNING] The resource https://w3.ibm.com/w3publisher/devices-ibm/assets/site-viewer-vendor-BI3YB0Ka.js was preloaded using link preload but not used within a few seconds from the window's load event. Please make sure it has an appropriate `as` value and it is preloaded intentionally. @ https://w3.ibm.com/w3publisher/devices-ibm/return-your-device:0
[71300621ms] [ERROR] Failed to load resource: net::ERR_NAME_NOT_RESOLVED @ https://w3.s81c.com/w3publisher/site-service/health/ping:0
[71300623ms] AxiosError: Network Error
    at h.onerror (https://w3.ibm.com/w3publisher/assets/site-viewer-vendor-BI3YB0Ka.js:26:17204)
    at qx.request (https://w3.ibm.com/w3publisher/assets/site-viewer-vendor-BI3YB0Ka.js:28:2131)
    at async Lh (https://w3.ibm.com/w3publisher/assets/index-M7xrVzMj.js:318:23696)
    at async qS.Rh (https://w3.ibm.com/w3publisher/assets/index-M7xrVzMj.js:318:23763)
[71303623ms] [WARNING] The resource https://w3.ibm.com/w3publisher/devices-ibm/assets/rolldown-runtime-DAXXjFlN.js was preloaded using link preload but not used within a few seconds from the window's load event. Please make sure it has an appropriate `as` value and it is preloaded intentionally. @ https://w3.ibm.com/w3publisher/devices-ibm/return-your-device:0
[71303624ms] [WARNING] The resource https://w3.ibm.com/w3publisher/devices-ibm/assets/site-viewer-vendor-BI3YB0Ka.js was preloaded using link preload but not used within a few seconds from the window's load event. Please make sure it has an appropriate `as` value and it is preloaded intentionally. @ https://w3.ibm.com/w3publisher/devices-ibm/return-your-device:0
[72200636ms] [ERROR] Failed to load resource: net::ERR_NAME_NOT_RESOLVED @ https://w3.s81c.com/w3publisher/site-service/health/ping:0
[72200637ms] AxiosError: Network Error
    at h.onerror (https://w3.ibm.com/w3publisher/assets/site-viewer-vendor-BI3YB0Ka.js:26:17204)
    at qx.request (https://w3.ibm.com/w3publisher/assets/site-viewer-vendor-BI3YB0Ka.js:28:2131)
    at async Lh (https://w3.ibm.com/w3publisher/assets/index-M7xrVzMj.js:318:23696)
    at async qS.Rh (https://w3.ibm.com/w3publisher/assets/index-M7xrVzMj.js:318:23763)
[72203639ms] [WARNING] The resource https://w3.ibm.com/w3publisher/devices-ibm/assets/rolldown-runtime-DAXXjFlN.js was preloaded using link preload but not used within a few seconds from the window's load event. Please make sure it has an appropriate `as` value and it is preloaded intentionally. @ https://w3.ibm.com/w3publisher/devices-ibm/return-your-device:0
[72203639ms] [WARNING] The resource https://w3.ibm.com/w3publisher/devices-ibm/assets/site-viewer-vendor-BI3YB0Ka.js was preloaded using link preload but not used within a few seconds from the window's load event. Please make sure it has an appropriate `as` value and it is preloaded intentionally. @ https://w3.ibm.com/w3publisher/devices-ibm/return-your-device:0
[73100655ms] [ERROR] Failed to load resource: net::ERR_NAME_NOT_RESOLVED @ https://w3.s81c.com/w3publisher/site-service/health/ping:0
[73100657ms] AxiosError: Network Error
    at h.onerror (https://w3.ibm.com/w3publisher/assets/site-viewer-vendor-BI3YB0Ka.js:26:17204)
    at qx.request (https://w3.ibm.com/w3publisher/assets/site-viewer-vendor-BI3YB0Ka.js:28:2131)
    at async Lh (https://w3.ibm.com/w3publisher/assets/index-M7xrVzMj.js:318:23696)
    at async qS.Rh (https://w3.ibm.com/w3publisher/assets/index-M7xrVzMj.js:318:23763)
[73103656ms] [WARNING] The resource https://w3.ibm.com/w3publisher/devices-ibm/assets/rolldown-runtime-DAXXjFlN.js was preloaded using link preload but not used within a few seconds from the window's load event. Please make sure it has an appropriate `as` value and it is preloaded intentionally. @ https://w3.ibm.com/w3publisher/devices-ibm/return-your-device:0
[73103656ms] [WARNING] The resource https://w3.ibm.com/w3publisher/devices-ibm/assets/site-viewer-vendor-BI3YB0Ka.js was preloaded using link preload but not used within a few seconds from the window's load event. Please make sure it has an appropriate `as` value and it is preloaded intentionally. @ https://w3.ibm.com/w3publisher/devices-ibm/return-your-device:0
[74000664ms] [ERROR] Failed to load resource: net::ERR_NAME_NOT_RESOLVED @ https://w3.s81c.com/w3publisher/site-service/health/ping:0
[74000668ms] AxiosError: Network Error
    at h.onerror (https://w3.ibm.com/w3publisher/assets/site-viewer-vendor-BI3YB0Ka.js:26:17204)
    at qx.request (https://w3.ibm.com/w3publisher/assets/site-viewer-vendor-BI3YB0Ka.js:28:2131)
    at async Lh (https://w3.ibm.com/w3publisher/assets/index-M7xrVzMj.js:318:23696)
    at async qS.Rh (https://w3.ibm.com/w3publisher/assets/index-M7xrVzMj.js:318:23763)
[74003667ms] [WARNING] The resource https://w3.ibm.com/w3publisher/devices-ibm/assets/rolldown-runtime-DAXXjFlN.js was preloaded using link preload but not used within a few seconds from the window's load event. Please make sure it has an appropriate `as` value and it is preloaded intentionally. @ https://w3.ibm.com/w3publisher/devices-ibm/return-your-device:0
[74003667ms] [WARNING] The resource https://w3.ibm.com/w3publisher/devices-ibm/assets/site-viewer-vendor-BI3YB0Ka.js was preloaded using link preload but not used within a few seconds from the window's load event. Please make sure it has an appropriate `as` value and it is preloaded intentionally. @ https://w3.ibm.com/w3publisher/devices-ibm/return-your-device:0
[74900674ms] [ERROR] Failed to load resource: net::ERR_NAME_NOT_RESOLVED @ https://w3.s81c.com/w3publisher/site-service/health/ping:0
[74900676ms] AxiosError: Network Error
    at h.onerror (https://w3.ibm.com/w3publisher/assets/site-viewer-vendor-BI3YB0Ka.js:26:17204)
    at qx.request (https://w3.ibm.com/w3publisher/assets/site-viewer-vendor-BI3YB0Ka.js:28:2131)
    at async Lh (https://w3.ibm.com/w3publisher/assets/index-M7xrVzMj.js:318:23696)
    at async qS.Rh (https://w3.ibm.com/w3publisher/assets/index-M7xrVzMj.js:318:23763)
[74903677ms] [WARNING] The resource https://w3.ibm.com/w3publisher/devices-ibm/assets/rolldown-runtime-DAXXjFlN.js was preloaded using link preload but not used within a few seconds from the window's load event. Please make sure it has an appropriate `as` value and it is preloaded intentionally. @ https://w3.ibm.com/w3publisher/devices-ibm/return-your-device:0
[74903677ms] [WARNING] The resource https://w3.ibm.com/w3publisher/devices-ibm/assets/site-viewer-vendor-BI3YB0Ka.js was preloaded using link preload but not used within a few seconds from the window's load event. Please make sure it has an appropriate `as` value and it is preloaded intentionally. @ https://w3.ibm.com/w3publisher/devices-ibm/return-your-device:0
[75800688ms] [ERROR] Failed to load resource: net::ERR_NAME_NOT_RESOLVED @ https://w3.s81c.com/w3publisher/site-service/health/ping:0
[75800691ms] AxiosError: Network Error
    at h.onerror (https://w3.ibm.com/w3publisher/assets/site-viewer-vendor-BI3YB0Ka.js:26:17204)
    at qx.request (https://w3.ibm.com/w3publisher/assets/site-viewer-vendor-BI3YB0Ka.js:28:2131)
    at async Lh (https://w3.ibm.com/w3publisher/assets/index-M7xrVzMj.js:318:23696)
    at async qS.Rh (https://w3.ibm.com/w3publisher/assets/index-M7xrVzMj.js:318:23763)
[75803691ms] [WARNING] The resource https://w3.ibm.com/w3publisher/devices-ibm/assets/rolldown-runtime-DAXXjFlN.js was preloaded using link preload but not used within a few seconds from the window's load event. Please make sure it has an appropriate `as` value and it is preloaded intentionally. @ https://w3.ibm.com/w3publisher/devices-ibm/return-your-device:0
[75803691ms] [WARNING] The resource https://w3.ibm.com/w3publisher/devices-ibm/assets/site-viewer-vendor-BI3YB0Ka.js was preloaded using link preload but not used within a few seconds from the window's load event. Please make sure it has an appropriate `as` value and it is preloaded intentionally. @ https://w3.ibm.com/w3publisher/devices-ibm/return-your-device:0
[76700700ms] [ERROR] Failed to load resource: net::ERR_NAME_NOT_RESOLVED @ https://w3.s81c.com/w3publisher/site-service/health/ping:0
[76700702ms] AxiosError: Network Error
    at h.onerror (https://w3.ibm.com/w3publisher/assets/site-viewer-vendor-BI3YB0Ka.js:26:17204)
    at qx.request (https://w3.ibm.com/w3publisher/assets/site-viewer-vendor-BI3YB0Ka.js:28:2131)
    at async Lh (https://w3.ibm.com/w3publisher/assets/index-M7xrVzMj.js:318:23696)
    at async qS.Rh (https://w3.ibm.com/w3publisher/assets/index-M7xrVzMj.js:318:23763)
[76703703ms] [WARNING] The resource https://w3.ibm.com/w3publisher/devices-ibm/assets/rolldown-runtime-DAXXjFlN.js was preloaded using link preload but not used within a few seconds from the window's load event. Please make sure it has an appropriate `as` value and it is preloaded intentionally. @ https://w3.ibm.com/w3publisher/devices-ibm/return-your-device:0
[76703703ms] [WARNING] The resource https://w3.ibm.com/w3publisher/devices-ibm/assets/site-viewer-vendor-BI3YB0Ka.js was preloaded using link preload but not used within a few seconds from the window's load event. Please make sure it has an appropriate `as` value and it is preloaded intentionally. @ https://w3.ibm.com/w3publisher/devices-ibm/return-your-device:0
[77600705ms] [ERROR] Failed to load resource: net::ERR_NAME_NOT_RESOLVED @ https://w3.s81c.com/w3publisher/site-service/health/ping:0
[77600706ms] AxiosError: Network Error
    at h.onerror (https://w3.ibm.com/w3publisher/assets/site-viewer-vendor-BI3YB0Ka.js:26:17204)
    at qx.request (https://w3.ibm.com/w3publisher/assets/site-viewer-vendor-BI3YB0Ka.js:28:2131)
    at async Lh (https://w3.ibm.com/w3publisher/assets/index-M7xrVzMj.js:318:23696)
    at async qS.Rh (https://w3.ibm.com/w3publisher/assets/index-M7xrVzMj.js:318:23763)
[77603708ms] [WARNING] The resource https://w3.ibm.com/w3publisher/devices-ibm/assets/rolldown-runtime-DAXXjFlN.js was preloaded using link preload but not used within a few seconds from the window's load event. Please make sure it has an appropriate `as` value and it is preloaded intentionally. @ https://w3.ibm.com/w3publisher/devices-ibm/return-your-device:0
[77603708ms] [WARNING] The resource https://w3.ibm.com/w3publisher/devices-ibm/assets/site-viewer-vendor-BI3YB0Ka.js was preloaded using link preload but not used within a few seconds from the window's load event. Please make sure it has an appropriate `as` value and it is preloaded intentionally. @ https://w3.ibm.com/w3publisher/devices-ibm/return-your-device:0
[78500639ms] [ERROR] Failed to load resource: net::ERR_NAME_NOT_RESOLVED @ https://w3.s81c.com/w3publisher/site-service/health/ping:0
[78500642ms] AxiosError: Network Error
    at h.onerror (https://w3.ibm.com/w3publisher/assets/site-viewer-vendor-BI3YB0Ka.js:26:17204)
    at qx.request (https://w3.ibm.com/w3publisher/assets/site-viewer-vendor-BI3YB0Ka.js:28:2131)
    at async Lh (https://w3.ibm.com/w3publisher/assets/index-M7xrVzMj.js:318:23696)
    at async qS.Rh (https://w3.ibm.com/w3publisher/assets/index-M7xrVzMj.js:318:23763)
[78503640ms] [WARNING] The resource https://w3.ibm.com/w3publisher/devices-ibm/assets/rolldown-runtime-DAXXjFlN.js was preloaded using link preload but not used within a few seconds from the window's load event. Please make sure it has an appropriate `as` value and it is preloaded intentionally. @ https://w3.ibm.com/w3publisher/devices-ibm/return-your-device:0
[78503640ms] [WARNING] The resource https://w3.ibm.com/w3publisher/devices-ibm/assets/site-viewer-vendor-BI3YB0Ka.js was preloaded using link preload but not used within a few seconds from the window's load event. Please make sure it has an appropriate `as` value and it is preloaded intentionally. @ https://w3.ibm.com/w3publisher/devices-ibm/return-your-device:0
[79400657ms] [ERROR] Failed to load resource: net::ERR_NAME_NOT_RESOLVED @ https://w3.s81c.com/w3publisher/site-service/health/ping:0
[79400658ms] AxiosError: Network Error
    at h.onerror (https://w3.ibm.com/w3publisher/assets/site-viewer-vendor-BI3YB0Ka.js:26:17204)
    at qx.request (https://w3.ibm.com/w3publisher/assets/site-viewer-vendor-BI3YB0Ka.js:28:2131)
    at async Lh (https://w3.ibm.com/w3publisher/assets/index-M7xrVzMj.js:318:23696)
    at async qS.Rh (https://w3.ibm.com/w3publisher/assets/index-M7xrVzMj.js:318:23763)
[79403658ms] [WARNING] The resource https://w3.ibm.com/w3publisher/devices-ibm/assets/rolldown-runtime-DAXXjFlN.js was preloaded using link preload but not used within a few seconds from the window's load event. Please make sure it has an appropriate `as` value and it is preloaded intentionally. @ https://w3.ibm.com/w3publisher/devices-ibm/return-your-device:0
[79403658ms] [WARNING] The resource https://w3.ibm.com/w3publisher/devices-ibm/assets/site-viewer-vendor-BI3YB0Ka.js was preloaded using link preload but not used within a few seconds from the window's load event. Please make sure it has an appropriate `as` value and it is preloaded intentionally. @ https://w3.ibm.com/w3publisher/devices-ibm/return-your-device:0
[80300851ms] [ERROR] Failed to load resource: net::ERR_NAME_NOT_RESOLVED @ https://w3.s81c.com/w3publisher/site-service/health/ping:0
[80300852ms] AxiosError: Network Error
    at h.onerror (https://w3.ibm.com/w3publisher/assets/site-viewer-vendor-BI3YB0Ka.js:26:17204)
    at qx.request (https://w3.ibm.com/w3publisher/assets/site-viewer-vendor-BI3YB0Ka.js:28:2131)
    at async Lh (https://w3.ibm.com/w3publisher/assets/index-M7xrVzMj.js:318:23696)
    at async qS.Rh (https://w3.ibm.com/w3publisher/assets/index-M7xrVzMj.js:318:23763)
[80303852ms] [WARNING] The resource https://w3.ibm.com/w3publisher/devices-ibm/assets/rolldown-runtime-DAXXjFlN.js was preloaded using link preload but not used within a few seconds from the window's load event. Please make sure it has an appropriate `as` value and it is preloaded intentionally. @ https://w3.ibm.com/w3publisher/devices-ibm/return-your-device:0
[80303852ms] [WARNING] The resource https://w3.ibm.com/w3publisher/devices-ibm/assets/site-viewer-vendor-BI3YB0Ka.js was preloaded using link preload but not used within a few seconds from the window's load event. Please make sure it has an appropriate `as` value and it is preloaded intentionally. @ https://w3.ibm.com/w3publisher/devices-ibm/return-your-device:0
[82084522ms] [ERROR] Failed to load resource: net::ERR_NAME_NOT_RESOLVED @ https://w3.s81c.com/w3publisher/site-service/health/ping:0
[82084524ms] AxiosError: Network Error
    at h.onerror (https://w3.ibm.com/w3publisher/assets/site-viewer-vendor-BI3YB0Ka.js:26:17204)
    at qx.request (https://w3.ibm.com/w3publisher/assets/site-viewer-vendor-BI3YB0Ka.js:28:2131)
    at async Lh (https://w3.ibm.com/w3publisher/assets/index-M7xrVzMj.js:318:23696)
    at async qS.Rh (https://w3.ibm.com/w3publisher/assets/index-M7xrVzMj.js:318:23763)
[82087524ms] [WARNING] The resource https://w3.ibm.com/w3publisher/devices-ibm/assets/rolldown-runtime-DAXXjFlN.js was preloaded using link preload but not used within a few seconds from the window's load event. Please make sure it has an appropriate `as` value and it is preloaded intentionally. @ https://w3.ibm.com/w3publisher/devices-ibm/return-your-device:0
[82087525ms] [WARNING] The resource https://w3.ibm.com/w3publisher/devices-ibm/assets/site-viewer-vendor-BI3YB0Ka.js was preloaded using link preload but not used within a few seconds from the window's load event. Please make sure it has an appropriate `as` value and it is preloaded intentionally. @ https://w3.ibm.com/w3publisher/devices-ibm/return-your-device:0
[83023133ms] [ERROR] Failed to load resource: net::ERR_NAME_NOT_RESOLVED @ https://w3.s81c.com/w3publisher/site-service/health/ping:0
[83023146ms] AxiosError: Network Error
    at h.onerror (https://w3.ibm.com/w3publisher/assets/site-viewer-vendor-BI3YB0Ka.js:26:17204)
    at qx.request (https://w3.ibm.com/w3publisher/assets/site-viewer-vendor-BI3YB0Ka.js:28:2131)
    at async Lh (https://w3.ibm.com/w3publisher/assets/index-M7xrVzMj.js:318:23696)
    at async qS.Rh (https://w3.ibm.com/w3publisher/assets/index-M7xrVzMj.js:318:23763)
[83026135ms] [WARNING] The resource https://w3.ibm.com/w3publisher/devices-ibm/assets/rolldown-runtime-DAXXjFlN.js was preloaded using link preload but not used within a few seconds from the window's load event. Please make sure it has an appropriate `as` value and it is preloaded intentionally. @ https://w3.ibm.com/w3publisher/devices-ibm/return-your-device:0
[83026135ms] [WARNING] The resource https://w3.ibm.com/w3publisher/devices-ibm/assets/site-viewer-vendor-BI3YB0Ka.js was preloaded using link preload but not used within a few seconds from the window's load event. Please make sure it has an appropriate `as` value and it is preloaded intentionally. @ https://w3.ibm.com/w3publisher/devices-ibm/return-your-device:0
[85582481ms] [ERROR] Failed to load resource: net::ERR_NAME_NOT_RESOLVED @ https://w3.s81c.com/w3publisher/site-service/health/ping:0
[85582483ms] AxiosError: Network Error
    at h.onerror (https://w3.ibm.com/w3publisher/assets/site-viewer-vendor-BI3YB0Ka.js:26:17204)
    at qx.request (https://w3.ibm.com/w3publisher/assets/site-viewer-vendor-BI3YB0Ka.js:28:2131)
    at async Lh (https://w3.ibm.com/w3publisher/assets/index-M7xrVzMj.js:318:23696)
    at async qS.Rh (https://w3.ibm.com/w3publisher/assets/index-M7xrVzMj.js:318:23763)
[85585484ms] [WARNING] The resource https://w3.ibm.com/w3publisher/devices-ibm/assets/rolldown-runtime-DAXXjFlN.js was preloaded using link preload but not used within a few seconds from the window's load event. Please make sure it has an appropriate `as` value and it is preloaded intentionally. @ https://w3.ibm.com/w3publisher/devices-ibm/return-your-device:0
[85585484ms] [WARNING] The resource https://w3.ibm.com/w3publisher/devices-ibm/assets/site-viewer-vendor-BI3YB0Ka.js was preloaded using link preload but not used within a few seconds from the window's load event. Please make sure it has an appropriate `as` value and it is preloaded intentionally. @ https://w3.ibm.com/w3publisher/devices-ibm/return-your-device:0
[89454219ms] [ERROR] Failed to load resource: net::ERR_NAME_NOT_RESOLVED @ https://w3.s81c.com/w3publisher/site-service/health/ping:0
[89454221ms] AxiosError: Network Error
    at h.onerror (https://w3.ibm.com/w3publisher/assets/site-viewer-vendor-BI3YB0Ka.js:26:17204)
    at qx.request (https://w3.ibm.com/w3publisher/assets/site-viewer-vendor-BI3YB0Ka.js:28:2131)
    at async Lh (https://w3.ibm.com/w3publisher/assets/index-M7xrVzMj.js:318:23696)
    at async qS.Rh (https://w3.ibm.com/w3publisher/assets/index-M7xrVzMj.js:318:23763)
[89480533ms] [WARNING] The resource https://w3.ibm.com/w3publisher/devices-ibm/assets/rolldown-runtime-DAXXjFlN.js was preloaded using link preload but not used within a few seconds from the window's load event. Please make sure it has an appropriate `as` value and it is preloaded intentionally. @ https://w3.ibm.com/w3publisher/devices-ibm/return-your-device:0
[89480534ms] [WARNING] The resource https://w3.ibm.com/w3publisher/devices-ibm/assets/site-viewer-vendor-BI3YB0Ka.js was preloaded using link preload but not used within a few seconds from the window's load event. Please make sure it has an appropriate `as` value and it is preloaded intentionally. @ https://w3.ibm.com/w3publisher/devices-ibm/return-your-device:0
[91558564ms] [ERROR] Failed to load resource: net::ERR_NAME_NOT_RESOLVED @ https://w3.s81c.com/w3publisher/site-service/health/ping:0
[91558572ms] AxiosError: Network Error
    at h.onerror (https://w3.ibm.com/w3publisher/assets/site-viewer-vendor-BI3YB0Ka.js:26:17204)
    at qx.request (https://w3.ibm.com/w3publisher/assets/site-viewer-vendor-BI3YB0Ka.js:28:2131)
    at async Lh (https://w3.ibm.com/w3publisher/assets/index-M7xrVzMj.js:318:23696)
    at async qS.Rh (https://w3.ibm.com/w3publisher/assets/index-M7xrVzMj.js:318:23763)
[91561649ms] [WARNING] The resource https://w3.ibm.com/w3publisher/devices-ibm/assets/rolldown-runtime-DAXXjFlN.js was preloaded using link preload but not used within a few seconds from the window's load event. Please make sure it has an appropriate `as` value and it is preloaded intentionally. @ https://w3.ibm.com/w3publisher/devices-ibm/return-your-device:0
[91561653ms] [WARNING] The resource https://w3.ibm.com/w3publisher/devices-ibm/assets/site-viewer-vendor-BI3YB0Ka.js was preloaded using link preload but not used within a few seconds from the window's load event. Please make sure it has an appropriate `as` value and it is preloaded intentionally. @ https://w3.ibm.com/w3publisher/devices-ibm/return-your-device:0
[92458583ms] [ERROR] Failed to load resource: net::ERR_NAME_NOT_RESOLVED @ https://w3.s81c.com/w3publisher/site-service/health/ping:0
[92458585ms] AxiosError: Network Error
    at h.onerror (https://w3.ibm.com/w3publisher/assets/site-viewer-vendor-BI3YB0Ka.js:26:17204)
    at qx.request (https://w3.ibm.com/w3publisher/assets/site-viewer-vendor-BI3YB0Ka.js:28:2131)
    at async Lh (https://w3.ibm.com/w3publisher/assets/index-M7xrVzMj.js:318:23696)
    at async qS.Rh (https://w3.ibm.com/w3publisher/assets/index-M7xrVzMj.js:318:23763)
[92461585ms] [WARNING] The resource https://w3.ibm.com/w3publisher/devices-ibm/assets/rolldown-runtime-DAXXjFlN.js was preloaded using link preload but not used within a few seconds from the window's load event. Please make sure it has an appropriate `as` value and it is preloaded intentionally. @ https://w3.ibm.com/w3publisher/devices-ibm/return-your-device:0
[92461585ms] [WARNING] The resource https://w3.ibm.com/w3publisher/devices-ibm/assets/site-viewer-vendor-BI3YB0Ka.js was preloaded using link preload but not used within a few seconds from the window's load event. Please make sure it has an appropriate `as` value and it is preloaded intentionally. @ https://w3.ibm.com/w3publisher/devices-ibm/return-your-device:0
[93358531ms] [ERROR] Failed to load resource: net::ERR_NAME_NOT_RESOLVED @ https://w3.s81c.com/w3publisher/site-service/health/ping:0
[93358532ms] AxiosError: Network Error
    at h.onerror (https://w3.ibm.com/w3publisher/assets/site-viewer-vendor-BI3YB0Ka.js:26:17204)
    at qx.request (https://w3.ibm.com/w3publisher/assets/site-viewer-vendor-BI3YB0Ka.js:28:2131)
    at async Lh (https://w3.ibm.com/w3publisher/assets/index-M7xrVzMj.js:318:23696)
    at async qS.Rh (https://w3.ibm.com/w3publisher/assets/index-M7xrVzMj.js:318:23763)
[93361532ms] [WARNING] The resource https://w3.ibm.com/w3publisher/devices-ibm/assets/rolldown-runtime-DAXXjFlN.js was preloaded using link preload but not used within a few seconds from the window's load event. Please make sure it has an appropriate `as` value and it is preloaded intentionally. @ https://w3.ibm.com/w3publisher/devices-ibm/return-your-device:0
[93361532ms] [WARNING] The resource https://w3.ibm.com/w3publisher/devices-ibm/assets/site-viewer-vendor-BI3YB0Ka.js was preloaded using link preload but not used within a few seconds from the window's load event. Please make sure it has an appropriate `as` value and it is preloaded intentionally. @ https://w3.ibm.com/w3publisher/devices-ibm/return-your-device:0
[94258564ms] [ERROR] Failed to load resource: net::ERR_NAME_NOT_RESOLVED @ https://w3.s81c.com/w3publisher/site-service/health/ping:0
[94258565ms] AxiosError: Network Error
    at h.onerror (https://w3.ibm.com/w3publisher/assets/site-viewer-vendor-BI3YB0Ka.js:26:17204)
    at qx.request (https://w3.ibm.com/w3publisher/assets/site-viewer-vendor-BI3YB0Ka.js:28:2131)
    at async Lh (https://w3.ibm.com/w3publisher/assets/index-M7xrVzMj.js:318:23696)
    at async qS.Rh (https://w3.ibm.com/w3publisher/assets/index-M7xrVzMj.js:318:23763)
[94261565ms] [WARNING] The resource https://w3.ibm.com/w3publisher/devices-ibm/assets/rolldown-runtime-DAXXjFlN.js was preloaded using link preload but not used within a few seconds from the window's load event. Please make sure it has an appropriate `as` value and it is preloaded intentionally. @ https://w3.ibm.com/w3publisher/devices-ibm/return-your-device:0
[94261565ms] [WARNING] The resource https://w3.ibm.com/w3publisher/devices-ibm/assets/site-viewer-vendor-BI3YB0Ka.js was preloaded using link preload but not used within a few seconds from the window's load event. Please make sure it has an appropriate `as` value and it is preloaded intentionally. @ https://w3.ibm.com/w3publisher/devices-ibm/return-your-device:0
[95158560ms] [ERROR] Failed to load resource: net::ERR_NAME_NOT_RESOLVED @ https://w3.s81c.com/w3publisher/site-service/health/ping:0
[95158561ms] AxiosError: Network Error
    at h.onerror (https://w3.ibm.com/w3publisher/assets/site-viewer-vendor-BI3YB0Ka.js:26:17204)
    at qx.request (https://w3.ibm.com/w3publisher/assets/site-viewer-vendor-BI3YB0Ka.js:28:2131)
    at async Lh (https://w3.ibm.com/w3publisher/assets/index-M7xrVzMj.js:318:23696)
    at async qS.Rh (https://w3.ibm.com/w3publisher/assets/index-M7xrVzMj.js:318:23763)
[95161561ms] [WARNING] The resource https://w3.ibm.com/w3publisher/devices-ibm/assets/rolldown-runtime-DAXXjFlN.js was preloaded using link preload but not used within a few seconds from the window's load event. Please make sure it has an appropriate `as` value and it is preloaded intentionally. @ https://w3.ibm.com/w3publisher/devices-ibm/return-your-device:0
[95161561ms] [WARNING] The resource https://w3.ibm.com/w3publisher/devices-ibm/assets/site-viewer-vendor-BI3YB0Ka.js was preloaded using link preload but not used within a few seconds from the window's load event. Please make sure it has an appropriate `as` value and it is preloaded intentionally. @ https://w3.ibm.com/w3publisher/devices-ibm/return-your-device:0
[96058573ms] [ERROR] Failed to load resource: net::ERR_NAME_NOT_RESOLVED @ https://w3.s81c.com/w3publisher/site-service/health/ping:0
[96058574ms] AxiosError: Network Error
    at h.onerror (https://w3.ibm.com/w3publisher/assets/site-viewer-vendor-BI3YB0Ka.js:26:17204)
    at qx.request (https://w3.ibm.com/w3publisher/assets/site-viewer-vendor-BI3YB0Ka.js:28:2131)
    at async Lh (https://w3.ibm.com/w3publisher/assets/index-M7xrVzMj.js:318:23696)
    at async qS.Rh (https://w3.ibm.com/w3publisher/assets/index-M7xrVzMj.js:318:23763)
[96061574ms] [WARNING] The resource https://w3.ibm.com/w3publisher/devices-ibm/assets/rolldown-runtime-DAXXjFlN.js was preloaded using link preload but not used within a few seconds from the window's load event. Please make sure it has an appropriate `as` value and it is preloaded intentionally. @ https://w3.ibm.com/w3publisher/devices-ibm/return-your-device:0
[96061574ms] [WARNING] The resource https://w3.ibm.com/w3publisher/devices-ibm/assets/site-viewer-vendor-BI3YB0Ka.js was preloaded using link preload but not used within a few seconds from the window's load event. Please make sure it has an appropriate `as` value and it is preloaded intentionally. @ https://w3.ibm.com/w3publisher/devices-ibm/return-your-device:0
[96958592ms] [ERROR] Failed to load resource: net::ERR_NAME_NOT_RESOLVED @ https://w3.s81c.com/w3publisher/site-service/health/ping:0
[96958593ms] AxiosError: Network Error
    at h.onerror (https://w3.ibm.com/w3publisher/assets/site-viewer-vendor-BI3YB0Ka.js:26:17204)
    at qx.request (https://w3.ibm.com/w3publisher/assets/site-viewer-vendor-BI3YB0Ka.js:28:2131)
    at async Lh (https://w3.ibm.com/w3publisher/assets/index-M7xrVzMj.js:318:23696)
    at async qS.Rh (https://w3.ibm.com/w3publisher/assets/index-M7xrVzMj.js:318:23763)
[96961594ms] [WARNING] The resource https://w3.ibm.com/w3publisher/devices-ibm/assets/rolldown-runtime-DAXXjFlN.js was preloaded using link preload but not used within a few seconds from the window's load event. Please make sure it has an appropriate `as` value and it is preloaded intentionally. @ https://w3.ibm.com/w3publisher/devices-ibm/return-your-device:0
[96961594ms] [WARNING] The resource https://w3.ibm.com/w3publisher/devices-ibm/assets/site-viewer-vendor-BI3YB0Ka.js was preloaded using link preload but not used within a few seconds from the window's load event. Please make sure it has an appropriate `as` value and it is preloaded intentionally. @ https://w3.ibm.com/w3publisher/devices-ibm/return-your-device:0
[97858556ms] [ERROR] Failed to load resource: net::ERR_NAME_NOT_RESOLVED @ https://w3.s81c.com/w3publisher/site-service/health/ping:0
[97858558ms] AxiosError: Network Error
    at h.onerror (https://w3.ibm.com/w3publisher/assets/site-viewer-vendor-BI3YB0Ka.js:26:17204)
    at qx.request (https://w3.ibm.com/w3publisher/assets/site-viewer-vendor-BI3YB0Ka.js:28:2131)
    at async Lh (https://w3.ibm.com/w3publisher/assets/index-M7xrVzMj.js:318:23696)
    at async qS.Rh (https://w3.ibm.com/w3publisher/assets/index-M7xrVzMj.js:318:23763)
[97861558ms] [WARNING] The resource https://w3.ibm.com/w3publisher/devices-ibm/assets/rolldown-runtime-DAXXjFlN.js was preloaded using link preload but not used within a few seconds from the window's load event. Please make sure it has an appropriate `as` value and it is preloaded intentionally. @ https://w3.ibm.com/w3publisher/devices-ibm/return-your-device:0
[97861558ms] [WARNING] The resource https://w3.ibm.com/w3publisher/devices-ibm/assets/site-viewer-vendor-BI3YB0Ka.js was preloaded using link preload but not used within a few seconds from the window's load event. Please make sure it has an appropriate `as` value and it is preloaded intentionally. @ https://w3.ibm.com/w3publisher/devices-ibm/return-your-device:0
[98758598ms] [ERROR] Failed to load resource: net::ERR_NAME_NOT_RESOLVED @ https://w3.s81c.com/w3publisher/site-service/health/ping:0
[98758605ms] AxiosError: Network Error
    at h.onerror (https://w3.ibm.com/w3publisher/assets/site-viewer-vendor-BI3YB0Ka.js:26:17204)
    at qx.request (https://w3.ibm.com/w3publisher/assets/site-viewer-vendor-BI3YB0Ka.js:28:2131)
    at async Lh (https://w3.ibm.com/w3publisher/assets/index-M7xrVzMj.js:318:23696)
    at async qS.Rh (https://w3.ibm.com/w3publisher/assets/index-M7xrVzMj.js:318:23763)
[98761599ms] [WARNING] The resource https://w3.ibm.com/w3publisher/devices-ibm/assets/rolldown-runtime-DAXXjFlN.js was preloaded using link preload but not used within a few seconds from the window's load event. Please make sure it has an appropriate `as` value and it is preloaded intentionally. @ https://w3.ibm.com/w3publisher/devices-ibm/return-your-device:0
[98761599ms] [WARNING] The resource https://w3.ibm.com/w3publisher/devices-ibm/assets/site-viewer-vendor-BI3YB0Ka.js was preloaded using link preload but not used within a few seconds from the window's load event. Please make sure it has an appropriate `as` value and it is preloaded intentionally. @ https://w3.ibm.com/w3publisher/devices-ibm/return-your-device:0
[99658590ms] [ERROR] Failed to load resource: net::ERR_NAME_NOT_RESOLVED @ https://w3.s81c.com/w3publisher/site-service/health/ping:0
[99658592ms] AxiosError: Network Error
    at h.onerror (https://w3.ibm.com/w3publisher/assets/site-viewer-vendor-BI3YB0Ka.js:26:17204)
    at qx.request (https://w3.ibm.com/w3publisher/assets/site-viewer-vendor-BI3YB0Ka.js:28:2131)
    at async Lh (https://w3.ibm.com/w3publisher/assets/index-M7xrVzMj.js:318:23696)
    at async qS.Rh (https://w3.ibm.com/w3publisher/assets/index-M7xrVzMj.js:318:23763)
[99661592ms] [WARNING] The resource https://w3.ibm.com/w3publisher/devices-ibm/assets/rolldown-runtime-DAXXjFlN.js was preloaded using link preload but not used within a few seconds from the window's load event. Please make sure it has an appropriate `as` value and it is preloaded intentionally. @ https://w3.ibm.com/w3publisher/devices-ibm/return-your-device:0
[99661593ms] [WARNING] The resource https://w3.ibm.com/w3publisher/devices-ibm/assets/site-viewer-vendor-BI3YB0Ka.js was preloaded using link preload but not used within a few seconds from the window's load event. Please make sure it has an appropriate `as` value and it is preloaded intentionally. @ https://w3.ibm.com/w3publisher/devices-ibm/return-your-device:0
[100558609ms] [ERROR] Failed to load resource: net::ERR_NAME_NOT_RESOLVED @ https://w3.s81c.com/w3publisher/site-service/health/ping:0
[100558610ms] AxiosError: Network Error
    at h.onerror (https://w3.ibm.com/w3publisher/assets/site-viewer-vendor-BI3YB0Ka.js:26:17204)
    at qx.request (https://w3.ibm.com/w3publisher/assets/site-viewer-vendor-BI3YB0Ka.js:28:2131)
    at async Lh (https://w3.ibm.com/w3publisher/assets/index-M7xrVzMj.js:318:23696)
    at async qS.Rh (https://w3.ibm.com/w3publisher/assets/index-M7xrVzMj.js:318:23763)
[100561611ms] [WARNING] The resource https://w3.ibm.com/w3publisher/devices-ibm/assets/rolldown-runtime-DAXXjFlN.js was preloaded using link preload but not used within a few seconds from the window's load event. Please make sure it has an appropriate `as` value and it is preloaded intentionally. @ https://w3.ibm.com/w3publisher/devices-ibm/return-your-device:0
[100561611ms] [WARNING] The resource https://w3.ibm.com/w3publisher/devices-ibm/assets/site-viewer-vendor-BI3YB0Ka.js was preloaded using link preload but not used within a few seconds from the window's load event. Please make sure it has an appropriate `as` value and it is preloaded intentionally. @ https://w3.ibm.com/w3publisher/devices-ibm/return-your-device:0
[101458612ms] [ERROR] Failed to load resource: net::ERR_NAME_NOT_RESOLVED @ https://w3.s81c.com/w3publisher/site-service/health/ping:0
[101458616ms] AxiosError: Network Error
    at h.onerror (https://w3.ibm.com/w3publisher/assets/site-viewer-vendor-BI3YB0Ka.js:26:17204)
    at qx.request (https://w3.ibm.com/w3publisher/assets/site-viewer-vendor-BI3YB0Ka.js:28:2131)
    at async Lh (https://w3.ibm.com/w3publisher/assets/index-M7xrVzMj.js:318:23696)
    at async qS.Rh (https://w3.ibm.com/w3publisher/assets/index-M7xrVzMj.js:318:23763)
[101461614ms] [WARNING] The resource https://w3.ibm.com/w3publisher/devices-ibm/assets/rolldown-runtime-DAXXjFlN.js was preloaded using link preload but not used within a few seconds from the window's load event. Please make sure it has an appropriate `as` value and it is preloaded intentionally. @ https://w3.ibm.com/w3publisher/devices-ibm/return-your-device:0
[101461614ms] [WARNING] The resource https://w3.ibm.com/w3publisher/devices-ibm/assets/site-viewer-vendor-BI3YB0Ka.js was preloaded using link preload but not used within a few seconds from the window's load event. Please make sure it has an appropriate `as` value and it is preloaded intentionally. @ https://w3.ibm.com/w3publisher/devices-ibm/return-your-device:0
[102358590ms] [ERROR] Failed to load resource: net::ERR_NAME_NOT_RESOLVED @ https://w3.s81c.com/w3publisher/site-service/health/ping:0
[102358593ms] AxiosError: Network Error
    at h.onerror (https://w3.ibm.com/w3publisher/assets/site-viewer-vendor-BI3YB0Ka.js:26:17204)
    at qx.request (https://w3.ibm.com/w3publisher/assets/site-viewer-vendor-BI3YB0Ka.js:28:2131)
    at async Lh (https://w3.ibm.com/w3publisher/assets/index-M7xrVzMj.js:318:23696)
    at async qS.Rh (https://w3.ibm.com/w3publisher/assets/index-M7xrVzMj.js:318:23763)
[102361592ms] [WARNING] The resource https://w3.ibm.com/w3publisher/devices-ibm/assets/rolldown-runtime-DAXXjFlN.js was preloaded using link preload but not used within a few seconds from the window's load event. Please make sure it has an appropriate `as` value and it is preloaded intentionally. @ https://w3.ibm.com/w3publisher/devices-ibm/return-your-device:0
[102361592ms] [WARNING] The resource https://w3.ibm.com/w3publisher/devices-ibm/assets/site-viewer-vendor-BI3YB0Ka.js was preloaded using link preload but not used within a few seconds from the window's load event. Please make sure it has an appropriate `as` value and it is preloaded intentionally. @ https://w3.ibm.com/w3publisher/devices-ibm/return-your-device:0
[103258632ms] [ERROR] Failed to load resource: net::ERR_NAME_NOT_RESOLVED @ https://w3.s81c.com/w3publisher/site-service/health/ping:0
[103258634ms] AxiosError: Network Error
    at h.onerror (https://w3.ibm.com/w3publisher/assets/site-viewer-vendor-BI3YB0Ka.js:26:17204)
    at qx.request (https://w3.ibm.com/w3publisher/assets/site-viewer-vendor-BI3YB0Ka.js:28:2131)
    at async Lh (https://w3.ibm.com/w3publisher/assets/index-M7xrVzMj.js:318:23696)
    at async qS.Rh (https://w3.ibm.com/w3publisher/assets/index-M7xrVzMj.js:318:23763)
[103261633ms] [WARNING] The resource https://w3.ibm.com/w3publisher/devices-ibm/assets/rolldown-runtime-DAXXjFlN.js was preloaded using link preload but not used within a few seconds from the window's load event. Please make sure it has an appropriate `as` value and it is preloaded intentionally. @ https://w3.ibm.com/w3publisher/devices-ibm/return-your-device:0
[103261634ms] [WARNING] The resource https://w3.ibm.com/w3publisher/devices-ibm/assets/site-viewer-vendor-BI3YB0Ka.js was preloaded using link preload but not used within a few seconds from the window's load event. Please make sure it has an appropriate `as` value and it is preloaded intentionally. @ https://w3.ibm.com/w3publisher/devices-ibm/return-your-device:0
[104158656ms] [ERROR] Failed to load resource: net::ERR_NAME_NOT_RESOLVED @ https://w3.s81c.com/w3publisher/site-service/health/ping:0
[104158657ms] AxiosError: Network Error
    at h.onerror (https://w3.ibm.com/w3publisher/assets/site-viewer-vendor-BI3YB0Ka.js:26:17204)
    at qx.request (https://w3.ibm.com/w3publisher/assets/site-viewer-vendor-BI3YB0Ka.js:28:2131)
    at async Lh (https://w3.ibm.com/w3publisher/assets/index-M7xrVzMj.js:318:23696)
    at async qS.Rh (https://w3.ibm.com/w3publisher/assets/index-M7xrVzMj.js:318:23763)
[104161657ms] [WARNING] The resource https://w3.ibm.com/w3publisher/devices-ibm/assets/rolldown-runtime-DAXXjFlN.js was preloaded using link preload but not used within a few seconds from the window's load event. Please make sure it has an appropriate `as` value and it is preloaded intentionally. @ https://w3.ibm.com/w3publisher/devices-ibm/return-your-device:0
[104161657ms] [WARNING] The resource https://w3.ibm.com/w3publisher/devices-ibm/assets/site-viewer-vendor-BI3YB0Ka.js was preloaded using link preload but not used within a few seconds from the window's load event. Please make sure it has an appropriate `as` value and it is preloaded intentionally. @ https://w3.ibm.com/w3publisher/devices-ibm/return-your-device:0
[105059341ms] [ERROR] Failed to load resource: net::ERR_NAME_NOT_RESOLVED @ https://w3.s81c.com/w3publisher/site-service/health/ping:0
[105059344ms] AxiosError: Network Error
    at h.onerror (https://w3.ibm.com/w3publisher/assets/site-viewer-vendor-BI3YB0Ka.js:26:17204)
    at qx.request (https://w3.ibm.com/w3publisher/assets/site-viewer-vendor-BI3YB0Ka.js:28:2131)
    at async Lh (https://w3.ibm.com/w3publisher/assets/index-M7xrVzMj.js:318:23696)
    at async qS.Rh (https://w3.ibm.com/w3publisher/assets/index-M7xrVzMj.js:318:23763)
[105062343ms] [WARNING] The resource https://w3.ibm.com/w3publisher/devices-ibm/assets/rolldown-runtime-DAXXjFlN.js was preloaded using link preload but not used within a few seconds from the window's load event. Please make sure it has an appropriate `as` value and it is preloaded intentionally. @ https://w3.ibm.com/w3publisher/devices-ibm/return-your-device:0
[105062343ms] [WARNING] The resource https://w3.ibm.com/w3publisher/devices-ibm/assets/site-viewer-vendor-BI3YB0Ka.js was preloaded using link preload but not used within a few seconds from the window's load event. Please make sure it has an appropriate `as` value and it is preloaded intentionally. @ https://w3.ibm.com/w3publisher/devices-ibm/return-your-device:0
[105958660ms] [ERROR] Failed to load resource: net::ERR_NAME_NOT_RESOLVED @ https://w3.s81c.com/w3publisher/site-service/health/ping:0
[105958671ms] AxiosError: Network Error
    at h.onerror (https://w3.ibm.com/w3publisher/assets/site-viewer-vendor-BI3YB0Ka.js:26:17204)
    at qx.request (https://w3.ibm.com/w3publisher/assets/site-viewer-vendor-BI3YB0Ka.js:28:2131)
    at async Lh (https://w3.ibm.com/w3publisher/assets/index-M7xrVzMj.js:318:23696)
    at async qS.Rh (https://w3.ibm.com/w3publisher/assets/index-M7xrVzMj.js:318:23763)
[105961662ms] [WARNING] The resource https://w3.ibm.com/w3publisher/devices-ibm/assets/rolldown-runtime-DAXXjFlN.js was preloaded using link preload but not used within a few seconds from the window's load event. Please make sure it has an appropriate `as` value and it is preloaded intentionally. @ https://w3.ibm.com/w3publisher/devices-ibm/return-your-device:0
[105961662ms] [WARNING] The resource https://w3.ibm.com/w3publisher/devices-ibm/assets/site-viewer-vendor-BI3YB0Ka.js was preloaded using link preload but not used within a few seconds from the window's load event. Please make sure it has an appropriate `as` value and it is preloaded intentionally. @ https://w3.ibm.com/w3publisher/devices-ibm/return-your-device:0
[106858699ms] [ERROR] Failed to load resource: net::ERR_NAME_NOT_RESOLVED @ https://w3.s81c.com/w3publisher/site-service/health/ping:0
[106858700ms] AxiosError: Network Error
    at h.onerror (https://w3.ibm.com/w3publisher/assets/site-viewer-vendor-BI3YB0Ka.js:26:17204)
    at qx.request (https://w3.ibm.com/w3publisher/assets/site-viewer-vendor-BI3YB0Ka.js:28:2131)
    at async Lh (https://w3.ibm.com/w3publisher/assets/index-M7xrVzMj.js:318:23696)
    at async qS.Rh (https://w3.ibm.com/w3publisher/assets/index-M7xrVzMj.js:318:23763)
[106861701ms] [WARNING] The resource https://w3.ibm.com/w3publisher/devices-ibm/assets/rolldown-runtime-DAXXjFlN.js was preloaded using link preload but not used within a few seconds from the window's load event. Please make sure it has an appropriate `as` value and it is preloaded intentionally. @ https://w3.ibm.com/w3publisher/devices-ibm/return-your-device:0
[106861701ms] [WARNING] The resource https://w3.ibm.com/w3publisher/devices-ibm/assets/site-viewer-vendor-BI3YB0Ka.js was preloaded using link preload but not used within a few seconds from the window's load event. Please make sure it has an appropriate `as` value and it is preloaded intentionally. @ https://w3.ibm.com/w3publisher/devices-ibm/return-your-device:0
[107758702ms] [ERROR] Failed to load resource: net::ERR_NAME_NOT_RESOLVED @ https://w3.s81c.com/w3publisher/site-service/health/ping:0
[107758705ms] AxiosError: Network Error
    at h.onerror (https://w3.ibm.com/w3publisher/assets/site-viewer-vendor-BI3YB0Ka.js:26:17204)
    at qx.request (https://w3.ibm.com/w3publisher/assets/site-viewer-vendor-BI3YB0Ka.js:28:2131)
    at async Lh (https://w3.ibm.com/w3publisher/assets/index-M7xrVzMj.js:318:23696)
    at async qS.Rh (https://w3.ibm.com/w3publisher/assets/index-M7xrVzMj.js:318:23763)
[107761703ms] [WARNING] The resource https://w3.ibm.com/w3publisher/devices-ibm/assets/rolldown-runtime-DAXXjFlN.js was preloaded using link preload but not used within a few seconds from the window's load event. Please make sure it has an appropriate `as` value and it is preloaded intentionally. @ https://w3.ibm.com/w3publisher/devices-ibm/return-your-device:0
[107761703ms] [WARNING] The resource https://w3.ibm.com/w3publisher/devices-ibm/assets/site-viewer-vendor-BI3YB0Ka.js was preloaded using link preload but not used within a few seconds from the window's load event. Please make sure it has an appropriate `as` value and it is preloaded intentionally. @ https://w3.ibm.com/w3publisher/devices-ibm/return-your-device:0
[108658697ms] [ERROR] Failed to load resource: net::ERR_NAME_NOT_RESOLVED @ https://w3.s81c.com/w3publisher/site-service/health/ping:0
[108658699ms] AxiosError: Network Error
    at h.onerror (https://w3.ibm.com/w3publisher/assets/site-viewer-vendor-BI3YB0Ka.js:26:17204)
    at qx.request (https://w3.ibm.com/w3publisher/assets/site-viewer-vendor-BI3YB0Ka.js:28:2131)
    at async Lh (https://w3.ibm.com/w3publisher/assets/index-M7xrVzMj.js:318:23696)
    at async qS.Rh (https://w3.ibm.com/w3publisher/assets/index-M7xrVzMj.js:318:23763)
[108661698ms] [WARNING] The resource https://w3.ibm.com/w3publisher/devices-ibm/assets/rolldown-runtime-DAXXjFlN.js was preloaded using link preload but not used within a few seconds from the window's load event. Please make sure it has an appropriate `as` value and it is preloaded intentionally. @ https://w3.ibm.com/w3publisher/devices-ibm/return-your-device:0
[108661698ms] [WARNING] The resource https://w3.ibm.com/w3publisher/devices-ibm/assets/site-viewer-vendor-BI3YB0Ka.js was preloaded using link preload but not used within a few seconds from the window's load event. Please make sure it has an appropriate `as` value and it is preloaded intentionally. @ https://w3.ibm.com/w3publisher/devices-ibm/return-your-device:0
[109558649ms] [ERROR] Failed to load resource: net::ERR_NAME_NOT_RESOLVED @ https://w3.s81c.com/w3publisher/site-service/health/ping:0
[109558653ms] AxiosError: Network Error
    at h.onerror (https://w3.ibm.com/w3publisher/assets/site-viewer-vendor-BI3YB0Ka.js:26:17204)
    at qx.request (https://w3.ibm.com/w3publisher/assets/site-viewer-vendor-BI3YB0Ka.js:28:2131)
    at async Lh (https://w3.ibm.com/w3publisher/assets/index-M7xrVzMj.js:318:23696)
    at async qS.Rh (https://w3.ibm.com/w3publisher/assets/index-M7xrVzMj.js:318:23763)
[109561652ms] [WARNING] The resource https://w3.ibm.com/w3publisher/devices-ibm/assets/rolldown-runtime-DAXXjFlN.js was preloaded using link preload but not used within a few seconds from the window's load event. Please make sure it has an appropriate `as` value and it is preloaded intentionally. @ https://w3.ibm.com/w3publisher/devices-ibm/return-your-device:0
[109561652ms] [WARNING] The resource https://w3.ibm.com/w3publisher/devices-ibm/assets/site-viewer-vendor-BI3YB0Ka.js was preloaded using link preload but not used within a few seconds from the window's load event. Please make sure it has an appropriate `as` value and it is preloaded intentionally. @ https://w3.ibm.com/w3publisher/devices-ibm/return-your-device:0
[110458704ms] [ERROR] Failed to load resource: net::ERR_NAME_NOT_RESOLVED @ https://w3.s81c.com/w3publisher/site-service/health/ping:0
[110458708ms] AxiosError: Network Error
    at h.onerror (https://w3.ibm.com/w3publisher/assets/site-viewer-vendor-BI3YB0Ka.js:26:17204)
    at qx.request (https://w3.ibm.com/w3publisher/assets/site-viewer-vendor-BI3YB0Ka.js:28:2131)
    at async Lh (https://w3.ibm.com/w3publisher/assets/index-M7xrVzMj.js:318:23696)
    at async qS.Rh (https://w3.ibm.com/w3publisher/assets/index-M7xrVzMj.js:318:23763)
[110461708ms] [WARNING] The resource https://w3.ibm.com/w3publisher/devices-ibm/assets/rolldown-runtime-DAXXjFlN.js was preloaded using link preload but not used within a few seconds from the window's load event. Please make sure it has an appropriate `as` value and it is preloaded intentionally. @ https://w3.ibm.com/w3publisher/devices-ibm/return-your-device:0
[110461708ms] [WARNING] The resource https://w3.ibm.com/w3publisher/devices-ibm/assets/site-viewer-vendor-BI3YB0Ka.js was preloaded using link preload but not used within a few seconds from the window's load event. Please make sure it has an appropriate `as` value and it is preloaded intentionally. @ https://w3.ibm.com/w3publisher/devices-ibm/return-your-device:0
[111358734ms] [ERROR] Failed to load resource: net::ERR_NAME_NOT_RESOLVED @ https://w3.s81c.com/w3publisher/site-service/health/ping:0
[111358737ms] AxiosError: Network Error
    at h.onerror (https://w3.ibm.com/w3publisher/assets/site-viewer-vendor-BI3YB0Ka.js:26:17204)
    at qx.request (https://w3.ibm.com/w3publisher/assets/site-viewer-vendor-BI3YB0Ka.js:28:2131)
    at async Lh (https://w3.ibm.com/w3publisher/assets/index-M7xrVzMj.js:318:23696)
    at async qS.Rh (https://w3.ibm.com/w3publisher/assets/index-M7xrVzMj.js:318:23763)
[111361737ms] [WARNING] The resource https://w3.ibm.com/w3publisher/devices-ibm/assets/rolldown-runtime-DAXXjFlN.js was preloaded using link preload but not used within a few seconds from the window's load event. Please make sure it has an appropriate `as` value and it is preloaded intentionally. @ https://w3.ibm.com/w3publisher/devices-ibm/return-your-device:0
[111361737ms] [WARNING] The resource https://w3.ibm.com/w3publisher/devices-ibm/assets/site-viewer-vendor-BI3YB0Ka.js was preloaded using link preload but not used within a few seconds from the window's load event. Please make sure it has an appropriate `as` value and it is preloaded intentionally. @ https://w3.ibm.com/w3publisher/devices-ibm/return-your-device:0
[112258730ms] [ERROR] Failed to load resource: net::ERR_NAME_NOT_RESOLVED @ https://w3.s81c.com/w3publisher/site-service/health/ping:0
[112258733ms] AxiosError: Network Error
    at h.onerror (https://w3.ibm.com/w3publisher/assets/site-viewer-vendor-BI3YB0Ka.js:26:17204)
    at qx.request (https://w3.ibm.com/w3publisher/assets/site-viewer-vendor-BI3YB0Ka.js:28:2131)
    at async Lh (https://w3.ibm.com/w3publisher/assets/index-M7xrVzMj.js:318:23696)
    at async qS.Rh (https://w3.ibm.com/w3publisher/assets/index-M7xrVzMj.js:318:23763)
[112261731ms] [WARNING] The resource https://w3.ibm.com/w3publisher/devices-ibm/assets/rolldown-runtime-DAXXjFlN.js was preloaded using link preload but not used within a few seconds from the window's load event. Please make sure it has an appropriate `as` value and it is preloaded intentionally. @ https://w3.ibm.com/w3publisher/devices-ibm/return-your-device:0
[112261731ms] [WARNING] The resource https://w3.ibm.com/w3publisher/devices-ibm/assets/site-viewer-vendor-BI3YB0Ka.js was preloaded using link preload but not used within a few seconds from the window's load event. Please make sure it has an appropriate `as` value and it is preloaded intentionally. @ https://w3.ibm.com/w3publisher/devices-ibm/return-your-device:0
[113158794ms] [ERROR] Failed to load resource: net::ERR_NAME_NOT_RESOLVED @ https://w3.s81c.com/w3publisher/site-service/health/ping:0
[113158797ms] AxiosError: Network Error
    at h.onerror (https://w3.ibm.com/w3publisher/assets/site-viewer-vendor-BI3YB0Ka.js:26:17204)
    at qx.request (https://w3.ibm.com/w3publisher/assets/site-viewer-vendor-BI3YB0Ka.js:28:2131)
    at async Lh (https://w3.ibm.com/w3publisher/assets/index-M7xrVzMj.js:318:23696)
    at async qS.Rh (https://w3.ibm.com/w3publisher/assets/index-M7xrVzMj.js:318:23763)
[113161797ms] [WARNING] The resource https://w3.ibm.com/w3publisher/devices-ibm/assets/rolldown-runtime-DAXXjFlN.js was preloaded using link preload but not used within a few seconds from the window's load event. Please make sure it has an appropriate `as` value and it is preloaded intentionally. @ https://w3.ibm.com/w3publisher/devices-ibm/return-your-device:0
[113161797ms] [WARNING] The resource https://w3.ibm.com/w3publisher/devices-ibm/assets/site-viewer-vendor-BI3YB0Ka.js was preloaded using link preload but not used within a few seconds from the window's load event. Please make sure it has an appropriate `as` value and it is preloaded intentionally. @ https://w3.ibm.com/w3publisher/devices-ibm/return-your-device:0
[114058736ms] [ERROR] Failed to load resource: net::ERR_NAME_NOT_RESOLVED @ https://w3.s81c.com/w3publisher/site-service/health/ping:0
[114058739ms] AxiosError: Network Error
    at h.onerror (https://w3.ibm.com/w3publisher/assets/site-viewer-vendor-BI3YB0Ka.js:26:17204)
    at qx.request (https://w3.ibm.com/w3publisher/assets/site-viewer-vendor-BI3YB0Ka.js:28:2131)
    at async Lh (https://w3.ibm.com/w3publisher/assets/index-M7xrVzMj.js:318:23696)
    at async qS.Rh (https://w3.ibm.com/w3publisher/assets/index-M7xrVzMj.js:318:23763)
[114061738ms] [WARNING] The resource https://w3.ibm.com/w3publisher/devices-ibm/assets/rolldown-runtime-DAXXjFlN.js was preloaded using link preload but not used within a few seconds from the window's load event. Please make sure it has an appropriate `as` value and it is preloaded intentionally. @ https://w3.ibm.com/w3publisher/devices-ibm/return-your-device:0
[114061738ms] [WARNING] The resource https://w3.ibm.com/w3publisher/devices-ibm/assets/site-viewer-vendor-BI3YB0Ka.js was preloaded using link preload but not used within a few seconds from the window's load event. Please make sure it has an appropriate `as` value and it is preloaded intentionally. @ https://w3.ibm.com/w3publisher/devices-ibm/return-your-device:0
[114958761ms] [ERROR] Failed to load resource: net::ERR_NAME_NOT_RESOLVED @ https://w3.s81c.com/w3publisher/site-service/health/ping:0
[114958763ms] AxiosError: Network Error
    at h.onerror (https://w3.ibm.com/w3publisher/assets/site-viewer-vendor-BI3YB0Ka.js:26:17204)
    at qx.request (https://w3.ibm.com/w3publisher/assets/site-viewer-vendor-BI3YB0Ka.js:28:2131)
    at async Lh (https://w3.ibm.com/w3publisher/assets/index-M7xrVzMj.js:318:23696)
    at async qS.Rh (https://w3.ibm.com/w3publisher/assets/index-M7xrVzMj.js:318:23763)
[114961774ms] [WARNING] The resource https://w3.ibm.com/w3publisher/devices-ibm/assets/rolldown-runtime-DAXXjFlN.js was preloaded using link preload but not used within a few seconds from the window's load event. Please make sure it has an appropriate `as` value and it is preloaded intentionally. @ https://w3.ibm.com/w3publisher/devices-ibm/return-your-device:0
[114961774ms] [WARNING] The resource https://w3.ibm.com/w3publisher/devices-ibm/assets/site-viewer-vendor-BI3YB0Ka.js was preloaded using link preload but not used within a few seconds from the window's load event. Please make sure it has an appropriate `as` value and it is preloaded intentionally. @ https://w3.ibm.com/w3publisher/devices-ibm/return-your-device:0
[115858713ms] [ERROR] Failed to load resource: net::ERR_NAME_NOT_RESOLVED @ https://w3.s81c.com/w3publisher/site-service/health/ping:0
[115858716ms] AxiosError: Network Error
    at h.onerror (https://w3.ibm.com/w3publisher/assets/site-viewer-vendor-BI3YB0Ka.js:26:17204)
    at qx.request (https://w3.ibm.com/w3publisher/assets/site-viewer-vendor-BI3YB0Ka.js:28:2131)
    at async Lh (https://w3.ibm.com/w3publisher/assets/index-M7xrVzMj.js:318:23696)
    at async qS.Rh (https://w3.ibm.com/w3publisher/assets/index-M7xrVzMj.js:318:23763)
[115861715ms] [WARNING] The resource https://w3.ibm.com/w3publisher/devices-ibm/assets/rolldown-runtime-DAXXjFlN.js was preloaded using link preload but not used within a few seconds from the window's load event. Please make sure it has an appropriate `as` value and it is preloaded intentionally. @ https://w3.ibm.com/w3publisher/devices-ibm/return-your-device:0
[115861716ms] [WARNING] The resource https://w3.ibm.com/w3publisher/devices-ibm/assets/site-viewer-vendor-BI3YB0Ka.js was preloaded using link preload but not used within a few seconds from the window's load event. Please make sure it has an appropriate `as` value and it is preloaded intentionally. @ https://w3.ibm.com/w3publisher/devices-ibm/return-your-device:0
[116758773ms] [ERROR] Failed to load resource: net::ERR_NAME_NOT_RESOLVED @ https://w3.s81c.com/w3publisher/site-service/health/ping:0
[116758856ms] AxiosError: Network Error
    at h.onerror (https://w3.ibm.com/w3publisher/assets/site-viewer-vendor-BI3YB0Ka.js:26:17204)
    at qx.request (https://w3.ibm.com/w3publisher/assets/site-viewer-vendor-BI3YB0Ka.js:28:2131)
    at async Lh (https://w3.ibm.com/w3publisher/assets/index-M7xrVzMj.js:318:23696)
    at async qS.Rh (https://w3.ibm.com/w3publisher/assets/index-M7xrVzMj.js:318:23763)
[116761774ms] [WARNING] The resource https://w3.ibm.com/w3publisher/devices-ibm/assets/rolldown-runtime-DAXXjFlN.js was preloaded using link preload but not used within a few seconds from the window's load event. Please make sure it has an appropriate `as` value and it is preloaded intentionally. @ https://w3.ibm.com/w3publisher/devices-ibm/return-your-device:0
[116761775ms] [WARNING] The resource https://w3.ibm.com/w3publisher/devices-ibm/assets/site-viewer-vendor-BI3YB0Ka.js was preloaded using link preload but not used within a few seconds from the window's load event. Please make sure it has an appropriate `as` value and it is preloaded intentionally. @ https://w3.ibm.com/w3publisher/devices-ibm/return-your-device:0
