[     180ms] [ERROR] Connecting to 'https://splunk-proxy.w3-9203.ibm.com/w3ds-metrics' violates the following Content Security Policy directive: "connect-src 'self' *.cirrus.ibm.com *.s81c.com w3.ibm.com *.06f18550.public.multi-containers.ibm.com *.8fcf3624.public.multi-containers.ibm.com bluepages.ibm.com w3-pre.ibm.com api.box.com cdn01.boxcdn.net dl.boxcloud.com *.watson.appdomain.cloud *.watson-orchestrate.ibm.com *.watson-orchestrate.cloud.ibm.com askresearch.apps.res.ibm.com *.cloud-object-storage.appdomain.cloud www-api.ibm.com upload.box.com wss://cio.watson-orchestrate.ibm.com wss://dl.watson-orchestrate.ibm.com wss://us-south.watson-orchestrate.cloud.ibm.com cm-api-v4.contact-module.ibm.com cm-log-service.contact-module.ibm.com cdn.jsdelivr.net unpkg.com". The action has been blocked. @ https://w3.s81c.com/w3publisher/static-asset-cache/scripts/w3ds.js:2
[     185ms] [ERROR] Error: Failed to collect w3DS metrics
    at i.onreadystatechange (https://w3.s81c.com/w3publisher/static-asset-cache/scripts/w3ds.js:3:27910) @ :0
[    1096ms] [INFO] %c BeeHeard %c 405 color: white; background: blue;  @ :0
[    3128ms] [ERROR] Loading the image 'box:790990132125' violates the following Content Security Policy directive: "img-src 'self' *.cirrus.ibm.com *.s81c.com w3.ibm.com *.06f18550.public.multi-containers.ibm.com *.8fcf3624.public.multi-containers.ibm.com dl.boxcloud.com data: *.cloud-object-storage.appdomain.cloud *.ftcdn.net ibm.box.com ibm.ent.box.com public.boxcloud.com". The action has been blocked. @ https://w3.ibm.com/w3publisher/devices-ibm/return-your-device:0
[    3129ms] [ERROR] Loading the image 'box:790990132125' violates the following Content Security Policy directive: "img-src 'self' *.cirrus.ibm.com *.s81c.com w3.ibm.com *.06f18550.public.multi-containers.ibm.com *.8fcf3624.public.multi-containers.ibm.com dl.boxcloud.com data: *.cloud-object-storage.appdomain.cloud *.ftcdn.net ibm.box.com ibm.ent.box.com public.boxcloud.com". The action has been blocked. @ https://w3.ibm.com/w3publisher/devices-ibm/return-your-device:0
[    6822ms] [WARNING] The resource https://w3.ibm.com/w3publisher/devices-ibm/assets/rolldown-runtime-DAXXjFlN.js was preloaded using link preload but not used within a few seconds from the window's load event. Please make sure it has an appropriate `as` value and it is preloaded intentionally. @ https://w3.ibm.com/w3publisher/devices-ibm/return-your-device:0
[    6822ms] [WARNING] The resource https://w3.ibm.com/w3publisher/devices-ibm/assets/site-viewer-vendor-BI3YB0Ka.js was preloaded using link preload but not used within a few seconds from the window's load event. Please make sure it has an appropriate `as` value and it is preloaded intentionally. @ https://w3.ibm.com/w3publisher/devices-ibm/return-your-device:0
[  903779ms] [WARNING] The resource https://w3.ibm.com/w3publisher/devices-ibm/assets/rolldown-runtime-DAXXjFlN.js was preloaded using link preload but not used within a few seconds from the window's load event. Please make sure it has an appropriate `as` value and it is preloaded intentionally. @ https://w3.ibm.com/w3publisher/devices-ibm/return-your-device:0
[  903780ms] [WARNING] The resource https://w3.ibm.com/w3publisher/devices-ibm/assets/site-viewer-vendor-BI3YB0Ka.js was preloaded using link preload but not used within a few seconds from the window's load event. Please make sure it has an appropriate `as` value and it is preloaded intentionally. @ https://w3.ibm.com/w3publisher/devices-ibm/return-your-device:0
[ 1830514ms] [ERROR] Failed to load resource: net::ERR_TIMED_OUT @ https://w3.s81c.com/w3publisher/site-service/health/ping:0
[ 1830516ms] AxiosError: timeout exceeded
    at h.ontimeout (https://w3.ibm.com/w3publisher/assets/site-viewer-vendor-BI3YB0Ka.js:26:17469)
    at qx.request (https://w3.ibm.com/w3publisher/assets/site-viewer-vendor-BI3YB0Ka.js:28:2131)
    at async Lh (https://w3.ibm.com/w3publisher/assets/index-M7xrVzMj.js:318:23696)
    at async qS.Rh (https://w3.ibm.com/w3publisher/assets/index-M7xrVzMj.js:318:23763)
[ 1833516ms] [WARNING] The resource https://w3.ibm.com/w3publisher/devices-ibm/assets/rolldown-runtime-DAXXjFlN.js was preloaded using link preload but not used within a few seconds from the window's load event. Please make sure it has an appropriate `as` value and it is preloaded intentionally. @ https://w3.ibm.com/w3publisher/devices-ibm/return-your-device:0
[ 1833516ms] [WARNING] The resource https://w3.ibm.com/w3publisher/devices-ibm/assets/site-viewer-vendor-BI3YB0Ka.js was preloaded using link preload but not used within a few seconds from the window's load event. Please make sure it has an appropriate `as` value and it is preloaded intentionally. @ https://w3.ibm.com/w3publisher/devices-ibm/return-your-device:0
[ 2705143ms] [WARNING] The resource https://w3.ibm.com/w3publisher/devices-ibm/assets/rolldown-runtime-DAXXjFlN.js was preloaded using link preload but not used within a few seconds from the window's load event. Please make sure it has an appropriate `as` value and it is preloaded intentionally. @ https://w3.ibm.com/w3publisher/devices-ibm/return-your-device:0
[ 2705143ms] [WARNING] The resource https://w3.ibm.com/w3publisher/devices-ibm/assets/site-viewer-vendor-BI3YB0Ka.js was preloaded using link preload but not used within a few seconds from the window's load event. Please make sure it has an appropriate `as` value and it is preloaded intentionally. @ https://w3.ibm.com/w3publisher/devices-ibm/return-your-device:0
[ 3603819ms] [WARNING] The resource https://w3.ibm.com/w3publisher/devices-ibm/assets/rolldown-runtime-DAXXjFlN.js was preloaded using link preload but not used within a few seconds from the window's load event. Please make sure it has an appropriate `as` value and it is preloaded intentionally. @ https://w3.ibm.com/w3publisher/devices-ibm/return-your-device:0
[ 3603820ms] [WARNING] The resource https://w3.ibm.com/w3publisher/devices-ibm/assets/site-viewer-vendor-BI3YB0Ka.js was preloaded using link preload but not used within a few seconds from the window's load event. Please make sure it has an appropriate `as` value and it is preloaded intentionally. @ https://w3.ibm.com/w3publisher/devices-ibm/return-your-device:0
[ 4503882ms] [WARNING] The resource https://w3.ibm.com/w3publisher/devices-ibm/assets/rolldown-runtime-DAXXjFlN.js was preloaded using link preload but not used within a few seconds from the window's load event. Please make sure it has an appropriate `as` value and it is preloaded intentionally. @ https://w3.ibm.com/w3publisher/devices-ibm/return-your-device:0
[ 4503882ms] [WARNING] The resource https://w3.ibm.com/w3publisher/devices-ibm/assets/site-viewer-vendor-BI3YB0Ka.js was preloaded using link preload but not used within a few seconds from the window's load event. Please make sure it has an appropriate `as` value and it is preloaded intentionally. @ https://w3.ibm.com/w3publisher/devices-ibm/return-your-device:0
[ 5403823ms] [WARNING] The resource https://w3.ibm.com/w3publisher/devices-ibm/assets/rolldown-runtime-DAXXjFlN.js was preloaded using link preload but not used within a few seconds from the window's load event. Please make sure it has an appropriate `as` value and it is preloaded intentionally. @ https://w3.ibm.com/w3publisher/devices-ibm/return-your-device:0
[ 5403826ms] [WARNING] The resource https://w3.ibm.com/w3publisher/devices-ibm/assets/site-viewer-vendor-BI3YB0Ka.js was preloaded using link preload but not used within a few seconds from the window's load event. Please make sure it has an appropriate `as` value and it is preloaded intentionally. @ https://w3.ibm.com/w3publisher/devices-ibm/return-your-device:0
[ 8571393ms] [ERROR] Failed to load resource: net::ERR_NAME_NOT_RESOLVED @ https://w3.s81c.com/w3publisher/site-service/health/ping:0
[ 8571400ms] AxiosError: Network Error
    at h.onerror (https://w3.ibm.com/w3publisher/assets/site-viewer-vendor-BI3YB0Ka.js:26:17204)
    at qx.request (https://w3.ibm.com/w3publisher/assets/site-viewer-vendor-BI3YB0Ka.js:28:2131)
    at async Lh (https://w3.ibm.com/w3publisher/assets/index-M7xrVzMj.js:318:23696)
    at async qS.Rh (https://w3.ibm.com/w3publisher/assets/index-M7xrVzMj.js:318:23763)
[ 8574395ms] [WARNING] The resource https://w3.ibm.com/w3publisher/devices-ibm/assets/rolldown-runtime-DAXXjFlN.js was preloaded using link preload but not used within a few seconds from the window's load event. Please make sure it has an appropriate `as` value and it is preloaded intentionally. @ https://w3.ibm.com/w3publisher/devices-ibm/return-your-device:0
[ 8574395ms] [WARNING] The resource https://w3.ibm.com/w3publisher/devices-ibm/assets/site-viewer-vendor-BI3YB0Ka.js was preloaded using link preload but not used within a few seconds from the window's load event. Please make sure it has an appropriate `as` value and it is preloaded intentionally. @ https://w3.ibm.com/w3publisher/devices-ibm/return-your-device:0
[ 9471321ms] [ERROR] Failed to load resource: net::ERR_NAME_NOT_RESOLVED @ https://w3.s81c.com/w3publisher/site-service/health/ping:0
[ 9471322ms] AxiosError: Network Error
    at h.onerror (https://w3.ibm.com/w3publisher/assets/site-viewer-vendor-BI3YB0Ka.js:26:17204)
    at qx.request (https://w3.ibm.com/w3publisher/assets/site-viewer-vendor-BI3YB0Ka.js:28:2131)
    at async Lh (https://w3.ibm.com/w3publisher/assets/index-M7xrVzMj.js:318:23696)
    at async qS.Rh (https://w3.ibm.com/w3publisher/assets/index-M7xrVzMj.js:318:23763)
[ 9474323ms] [WARNING] The resource https://w3.ibm.com/w3publisher/devices-ibm/assets/rolldown-runtime-DAXXjFlN.js was preloaded using link preload but not used within a few seconds from the window's load event. Please make sure it has an appropriate `as` value and it is preloaded intentionally. @ https://w3.ibm.com/w3publisher/devices-ibm/return-your-device:0
[ 9474324ms] [WARNING] The resource https://w3.ibm.com/w3publisher/devices-ibm/assets/site-viewer-vendor-BI3YB0Ka.js was preloaded using link preload but not used within a few seconds from the window's load event. Please make sure it has an appropriate `as` value and it is preloaded intentionally. @ https://w3.ibm.com/w3publisher/devices-ibm/return-your-device:0
[ 9792313ms] [ERROR] TypeError: Cannot read properties of undefined (reading 'location')
    at Proxy.isCanadaUser (https://w3.ibm.com/w3publisher/assets/index-M7xrVzMj.js:327:16496)
    at Ae (https://w3.ibm.com/w3publisher/assets/site-viewer-vendor-BI3YB0Ka.js:1:4949)
    at ke (https://w3.ibm.com/w3publisher/assets/site-viewer-vendor-BI3YB0Ka.js:1:4655)
    at At.runIfDirty (https://w3.ibm.com/w3publisher/assets/site-viewer-vendor-BI3YB0Ka.js:1:15311)
    at On (https://w3.ibm.com/w3publisher/assets/site-viewer-vendor-BI3YB0Ka.js:1:21650)
    at zn (https://w3.ibm.com/w3publisher/assets/site-viewer-vendor-BI3YB0Ka.js:1:23231) @ https://w3.ibm.com/w3publisher/assets/site-viewer-vendor-BI3YB0Ka.js:0
[ 9792324ms] [ERROR] Failed to load resource: net::ERR_NAME_NOT_RESOLVED @ https://w3.ibm.com/w3publisher/authorization-service/v1/login/refresh:0
[ 9795327ms] [WARNING] The resource https://w3.ibm.com/w3publisher/devices-ibm/assets/rolldown-runtime-DAXXjFlN.js was preloaded using link preload but not used within a few seconds from the window's load event. Please make sure it has an appropriate `as` value and it is preloaded intentionally. @ https://w3.ibm.com/w3publisher/devices-ibm/return-your-device:0
[ 9795327ms] [WARNING] The resource https://w3.ibm.com/w3publisher/devices-ibm/assets/site-viewer-vendor-BI3YB0Ka.js was preloaded using link preload but not used within a few seconds from the window's load event. Please make sure it has an appropriate `as` value and it is preloaded intentionally. @ https://w3.ibm.com/w3publisher/devices-ibm/return-your-device:0
[10371333ms] [ERROR] Failed to load resource: net::ERR_NAME_NOT_RESOLVED @ https://w3.s81c.com/w3publisher/site-service/health/ping:0
[10371336ms] AxiosError: Network Error
    at h.onerror (https://w3.ibm.com/w3publisher/assets/site-viewer-vendor-BI3YB0Ka.js:26:17204)
    at qx.request (https://w3.ibm.com/w3publisher/assets/site-viewer-vendor-BI3YB0Ka.js:28:2131)
    at async Lh (https://w3.ibm.com/w3publisher/assets/index-M7xrVzMj.js:318:23696)
    at async qS.Rh (https://w3.ibm.com/w3publisher/assets/index-M7xrVzMj.js:318:23763)
[10374335ms] [WARNING] The resource https://w3.ibm.com/w3publisher/devices-ibm/assets/rolldown-runtime-DAXXjFlN.js was preloaded using link preload but not used within a few seconds from the window's load event. Please make sure it has an appropriate `as` value and it is preloaded intentionally. @ https://w3.ibm.com/w3publisher/devices-ibm/return-your-device:0
[10374336ms] [WARNING] The resource https://w3.ibm.com/w3publisher/devices-ibm/assets/site-viewer-vendor-BI3YB0Ka.js was preloaded using link preload but not used within a few seconds from the window's load event. Please make sure it has an appropriate `as` value and it is preloaded intentionally. @ https://w3.ibm.com/w3publisher/devices-ibm/return-your-device:0
[11271335ms] [ERROR] Failed to load resource: net::ERR_NAME_NOT_RESOLVED @ https://w3.s81c.com/w3publisher/site-service/health/ping:0
[11271336ms] AxiosError: Network Error
    at h.onerror (https://w3.ibm.com/w3publisher/assets/site-viewer-vendor-BI3YB0Ka.js:26:17204)
    at qx.request (https://w3.ibm.com/w3publisher/assets/site-viewer-vendor-BI3YB0Ka.js:28:2131)
    at async Lh (https://w3.ibm.com/w3publisher/assets/index-M7xrVzMj.js:318:23696)
    at async qS.Rh (https://w3.ibm.com/w3publisher/assets/index-M7xrVzMj.js:318:23763)
[11274337ms] [WARNING] The resource https://w3.ibm.com/w3publisher/devices-ibm/assets/rolldown-runtime-DAXXjFlN.js was preloaded using link preload but not used within a few seconds from the window's load event. Please make sure it has an appropriate `as` value and it is preloaded intentionally. @ https://w3.ibm.com/w3publisher/devices-ibm/return-your-device:0
[11274338ms] [WARNING] The resource https://w3.ibm.com/w3publisher/devices-ibm/assets/site-viewer-vendor-BI3YB0Ka.js was preloaded using link preload but not used within a few seconds from the window's load event. Please make sure it has an appropriate `as` value and it is preloaded intentionally. @ https://w3.ibm.com/w3publisher/devices-ibm/return-your-device:0
[12171338ms] [ERROR] Failed to load resource: net::ERR_NAME_NOT_RESOLVED @ https://w3.s81c.com/w3publisher/site-service/health/ping:0
[12171339ms] AxiosError: Network Error
    at h.onerror (https://w3.ibm.com/w3publisher/assets/site-viewer-vendor-BI3YB0Ka.js:26:17204)
    at qx.request (https://w3.ibm.com/w3publisher/assets/site-viewer-vendor-BI3YB0Ka.js:28:2131)
    at async Lh (https://w3.ibm.com/w3publisher/assets/index-M7xrVzMj.js:318:23696)
    at async qS.Rh (https://w3.ibm.com/w3publisher/assets/index-M7xrVzMj.js:318:23763)
[12174341ms] [WARNING] The resource https://w3.ibm.com/w3publisher/devices-ibm/assets/rolldown-runtime-DAXXjFlN.js was preloaded using link preload but not used within a few seconds from the window's load event. Please make sure it has an appropriate `as` value and it is preloaded intentionally. @ https://w3.ibm.com/w3publisher/devices-ibm/return-your-device:0
[12174342ms] [WARNING] The resource https://w3.ibm.com/w3publisher/devices-ibm/assets/site-viewer-vendor-BI3YB0Ka.js was preloaded using link preload but not used within a few seconds from the window's load event. Please make sure it has an appropriate `as` value and it is preloaded intentionally. @ https://w3.ibm.com/w3publisher/devices-ibm/return-your-device:0
[13071417ms] [ERROR] Failed to load resource: net::ERR_NAME_NOT_RESOLVED @ https://w3.s81c.com/w3publisher/site-service/health/ping:0
[13071419ms] AxiosError: Network Error
    at h.onerror (https://w3.ibm.com/w3publisher/assets/site-viewer-vendor-BI3YB0Ka.js:26:17204)
    at qx.request (https://w3.ibm.com/w3publisher/assets/site-viewer-vendor-BI3YB0Ka.js:28:2131)
    at async Lh (https://w3.ibm.com/w3publisher/assets/index-M7xrVzMj.js:318:23696)
    at async qS.Rh (https://w3.ibm.com/w3publisher/assets/index-M7xrVzMj.js:318:23763)
[13074418ms] [WARNING] The resource https://w3.ibm.com/w3publisher/devices-ibm/assets/rolldown-runtime-DAXXjFlN.js was preloaded using link preload but not used within a few seconds from the window's load event. Please make sure it has an appropriate `as` value and it is preloaded intentionally. @ https://w3.ibm.com/w3publisher/devices-ibm/return-your-device:0
[13074418ms] [WARNING] The resource https://w3.ibm.com/w3publisher/devices-ibm/assets/site-viewer-vendor-BI3YB0Ka.js was preloaded using link preload but not used within a few seconds from the window's load event. Please make sure it has an appropriate `as` value and it is preloaded intentionally. @ https://w3.ibm.com/w3publisher/devices-ibm/return-your-device:0
[13971425ms] [ERROR] Failed to load resource: net::ERR_NAME_NOT_RESOLVED @ https://w3.s81c.com/w3publisher/site-service/health/ping:0
[13971426ms] AxiosError: Network Error
    at h.onerror (https://w3.ibm.com/w3publisher/assets/site-viewer-vendor-BI3YB0Ka.js:26:17204)
    at qx.request (https://w3.ibm.com/w3publisher/assets/site-viewer-vendor-BI3YB0Ka.js:28:2131)
    at async Lh (https://w3.ibm.com/w3publisher/assets/index-M7xrVzMj.js:318:23696)
    at async qS.Rh (https://w3.ibm.com/w3publisher/assets/index-M7xrVzMj.js:318:23763)
[13974587ms] [WARNING] The resource https://w3.ibm.com/w3publisher/devices-ibm/assets/rolldown-runtime-DAXXjFlN.js was preloaded using link preload but not used within a few seconds from the window's load event. Please make sure it has an appropriate `as` value and it is preloaded intentionally. @ https://w3.ibm.com/w3publisher/devices-ibm/return-your-device:0
[13974593ms] [WARNING] The resource https://w3.ibm.com/w3publisher/devices-ibm/assets/site-viewer-vendor-BI3YB0Ka.js was preloaded using link preload but not used within a few seconds from the window's load event. Please make sure it has an appropriate `as` value and it is preloaded intentionally. @ https://w3.ibm.com/w3publisher/devices-ibm/return-your-device:0
[14871465ms] [ERROR] Failed to load resource: net::ERR_NAME_NOT_RESOLVED @ https://w3.s81c.com/w3publisher/site-service/health/ping:0
[14871467ms] AxiosError: Network Error
    at h.onerror (https://w3.ibm.com/w3publisher/assets/site-viewer-vendor-BI3YB0Ka.js:26:17204)
    at qx.request (https://w3.ibm.com/w3publisher/assets/site-viewer-vendor-BI3YB0Ka.js:28:2131)
    at async Lh (https://w3.ibm.com/w3publisher/assets/index-M7xrVzMj.js:318:23696)
    at async qS.Rh (https://w3.ibm.com/w3publisher/assets/index-M7xrVzMj.js:318:23763)
[14874466ms] [WARNING] The resource https://w3.ibm.com/w3publisher/devices-ibm/assets/rolldown-runtime-DAXXjFlN.js was preloaded using link preload but not used within a few seconds from the window's load event. Please make sure it has an appropriate `as` value and it is preloaded intentionally. @ https://w3.ibm.com/w3publisher/devices-ibm/return-your-device:0
[14874467ms] [WARNING] The resource https://w3.ibm.com/w3publisher/devices-ibm/assets/site-viewer-vendor-BI3YB0Ka.js was preloaded using link preload but not used within a few seconds from the window's load event. Please make sure it has an appropriate `as` value and it is preloaded intentionally. @ https://w3.ibm.com/w3publisher/devices-ibm/return-your-device:0
[17741029ms] [ERROR] Failed to load resource: net::ERR_NAME_NOT_RESOLVED @ https://w3.s81c.com/w3publisher/site-service/health/ping:0
[17741030ms] AxiosError: Network Error
    at h.onerror (https://w3.ibm.com/w3publisher/assets/site-viewer-vendor-BI3YB0Ka.js:26:17204)
    at qx.request (https://w3.ibm.com/w3publisher/assets/site-viewer-vendor-BI3YB0Ka.js:28:2131)
    at async Lh (https://w3.ibm.com/w3publisher/assets/index-M7xrVzMj.js:318:23696)
    at async qS.Rh (https://w3.ibm.com/w3publisher/assets/index-M7xrVzMj.js:318:23763)
[17744030ms] [WARNING] The resource https://w3.ibm.com/w3publisher/devices-ibm/assets/rolldown-runtime-DAXXjFlN.js was preloaded using link preload but not used within a few seconds from the window's load event. Please make sure it has an appropriate `as` value and it is preloaded intentionally. @ https://w3.ibm.com/w3publisher/devices-ibm/return-your-device:0
[17744030ms] [WARNING] The resource https://w3.ibm.com/w3publisher/devices-ibm/assets/site-viewer-vendor-BI3YB0Ka.js was preloaded using link preload but not used within a few seconds from the window's load event. Please make sure it has an appropriate `as` value and it is preloaded intentionally. @ https://w3.ibm.com/w3publisher/devices-ibm/return-your-device:0
[18641272ms] [ERROR] Failed to load resource: net::ERR_NAME_NOT_RESOLVED @ https://w3.s81c.com/w3publisher/site-service/health/ping:0
[18641274ms] AxiosError: Network Error
    at h.onerror (https://w3.ibm.com/w3publisher/assets/site-viewer-vendor-BI3YB0Ka.js:26:17204)
    at qx.request (https://w3.ibm.com/w3publisher/assets/site-viewer-vendor-BI3YB0Ka.js:28:2131)
    at async Lh (https://w3.ibm.com/w3publisher/assets/index-M7xrVzMj.js:318:23696)
    at async qS.Rh (https://w3.ibm.com/w3publisher/assets/index-M7xrVzMj.js:318:23763)
[18644273ms] [WARNING] The resource https://w3.ibm.com/w3publisher/devices-ibm/assets/rolldown-runtime-DAXXjFlN.js was preloaded using link preload but not used within a few seconds from the window's load event. Please make sure it has an appropriate `as` value and it is preloaded intentionally. @ https://w3.ibm.com/w3publisher/devices-ibm/return-your-device:0
[18644273ms] [WARNING] The resource https://w3.ibm.com/w3publisher/devices-ibm/assets/site-viewer-vendor-BI3YB0Ka.js was preloaded using link preload but not used within a few seconds from the window's load event. Please make sure it has an appropriate `as` value and it is preloaded intentionally. @ https://w3.ibm.com/w3publisher/devices-ibm/return-your-device:0
[19542086ms] [ERROR] Failed to load resource: net::ERR_NAME_NOT_RESOLVED @ https://w3.s81c.com/w3publisher/site-service/health/ping:0
[19542087ms] AxiosError: Network Error
    at h.onerror (https://w3.ibm.com/w3publisher/assets/site-viewer-vendor-BI3YB0Ka.js:26:17204)
    at qx.request (https://w3.ibm.com/w3publisher/assets/site-viewer-vendor-BI3YB0Ka.js:28:2131)
    at async Lh (https://w3.ibm.com/w3publisher/assets/index-M7xrVzMj.js:318:23696)
    at async qS.Rh (https://w3.ibm.com/w3publisher/assets/index-M7xrVzMj.js:318:23763)
[19545089ms] [WARNING] The resource https://w3.ibm.com/w3publisher/devices-ibm/assets/rolldown-runtime-DAXXjFlN.js was preloaded using link preload but not used within a few seconds from the window's load event. Please make sure it has an appropriate `as` value and it is preloaded intentionally. @ https://w3.ibm.com/w3publisher/devices-ibm/return-your-device:0
[19545089ms] [WARNING] The resource https://w3.ibm.com/w3publisher/devices-ibm/assets/site-viewer-vendor-BI3YB0Ka.js was preloaded using link preload but not used within a few seconds from the window's load event. Please make sure it has an appropriate `as` value and it is preloaded intentionally. @ https://w3.ibm.com/w3publisher/devices-ibm/return-your-device:0
[20441066ms] [ERROR] Failed to load resource: net::ERR_NAME_NOT_RESOLVED @ https://w3.s81c.com/w3publisher/site-service/health/ping:0
[20441066ms] AxiosError: Network Error
    at h.onerror (https://w3.ibm.com/w3publisher/assets/site-viewer-vendor-BI3YB0Ka.js:26:17204)
    at qx.request (https://w3.ibm.com/w3publisher/assets/site-viewer-vendor-BI3YB0Ka.js:28:2131)
    at async Lh (https://w3.ibm.com/w3publisher/assets/index-M7xrVzMj.js:318:23696)
    at async qS.Rh (https://w3.ibm.com/w3publisher/assets/index-M7xrVzMj.js:318:23763)
[20444067ms] [WARNING] The resource https://w3.ibm.com/w3publisher/devices-ibm/assets/rolldown-runtime-DAXXjFlN.js was preloaded using link preload but not used within a few seconds from the window's load event. Please make sure it has an appropriate `as` value and it is preloaded intentionally. @ https://w3.ibm.com/w3publisher/devices-ibm/return-your-device:0
[20444067ms] [WARNING] The resource https://w3.ibm.com/w3publisher/devices-ibm/assets/site-viewer-vendor-BI3YB0Ka.js was preloaded using link preload but not used within a few seconds from the window's load event. Please make sure it has an appropriate `as` value and it is preloaded intentionally. @ https://w3.ibm.com/w3publisher/devices-ibm/return-your-device:0
[23436916ms] [ERROR] Failed to load resource: net::ERR_NAME_NOT_RESOLVED @ https://w3.s81c.com/w3publisher/site-service/health/ping:0
[23436919ms] AxiosError: Network Error
    at h.onerror (https://w3.ibm.com/w3publisher/assets/site-viewer-vendor-BI3YB0Ka.js:26:17204)
    at qx.request (https://w3.ibm.com/w3publisher/assets/site-viewer-vendor-BI3YB0Ka.js:28:2131)
    at async Lh (https://w3.ibm.com/w3publisher/assets/index-M7xrVzMj.js:318:23696)
    at async qS.Rh (https://w3.ibm.com/w3publisher/assets/index-M7xrVzMj.js:318:23763)
[23439917ms] [WARNING] The resource https://w3.ibm.com/w3publisher/devices-ibm/assets/rolldown-runtime-DAXXjFlN.js was preloaded using link preload but not used within a few seconds from the window's load event. Please make sure it has an appropriate `as` value and it is preloaded intentionally. @ https://w3.ibm.com/w3publisher/devices-ibm/return-your-device:0
[23439917ms] [WARNING] The resource https://w3.ibm.com/w3publisher/devices-ibm/assets/site-viewer-vendor-BI3YB0Ka.js was preloaded using link preload but not used within a few seconds from the window's load event. Please make sure it has an appropriate `as` value and it is preloaded intentionally. @ https://w3.ibm.com/w3publisher/devices-ibm/return-your-device:0
[24336890ms] [ERROR] Failed to load resource: net::ERR_NAME_NOT_RESOLVED @ https://w3.s81c.com/w3publisher/site-service/health/ping:0
[24336890ms] AxiosError: Network Error
    at h.onerror (https://w3.ibm.com/w3publisher/assets/site-viewer-vendor-BI3YB0Ka.js:26:17204)
    at qx.request (https://w3.ibm.com/w3publisher/assets/site-viewer-vendor-BI3YB0Ka.js:28:2131)
    at async Lh (https://w3.ibm.com/w3publisher/assets/index-M7xrVzMj.js:318:23696)
    at async qS.Rh (https://w3.ibm.com/w3publisher/assets/index-M7xrVzMj.js:318:23763)
[24339890ms] [WARNING] The resource https://w3.ibm.com/w3publisher/devices-ibm/assets/rolldown-runtime-DAXXjFlN.js was preloaded using link preload but not used within a few seconds from the window's load event. Please make sure it has an appropriate `as` value and it is preloaded intentionally. @ https://w3.ibm.com/w3publisher/devices-ibm/return-your-device:0
[24339890ms] [WARNING] The resource https://w3.ibm.com/w3publisher/devices-ibm/assets/site-viewer-vendor-BI3YB0Ka.js was preloaded using link preload but not used within a few seconds from the window's load event. Please make sure it has an appropriate `as` value and it is preloaded intentionally. @ https://w3.ibm.com/w3publisher/devices-ibm/return-your-device:0
[25315210ms] [ERROR] Failed to load resource: net::ERR_NAME_NOT_RESOLVED @ https://w3.s81c.com/w3publisher/site-service/health/ping:0
[25315212ms] AxiosError: Network Error
    at h.onerror (https://w3.ibm.com/w3publisher/assets/site-viewer-vendor-BI3YB0Ka.js:26:17204)
    at qx.request (https://w3.ibm.com/w3publisher/assets/site-viewer-vendor-BI3YB0Ka.js:28:2131)
    at async Lh (https://w3.ibm.com/w3publisher/assets/index-M7xrVzMj.js:318:23696)
    at async qS.Rh (https://w3.ibm.com/w3publisher/assets/index-M7xrVzMj.js:318:23763)
[25318211ms] [WARNING] The resource https://w3.ibm.com/w3publisher/devices-ibm/assets/rolldown-runtime-DAXXjFlN.js was preloaded using link preload but not used within a few seconds from the window's load event. Please make sure it has an appropriate `as` value and it is preloaded intentionally. @ https://w3.ibm.com/w3publisher/devices-ibm/return-your-device:0
[25318211ms] [WARNING] The resource https://w3.ibm.com/w3publisher/devices-ibm/assets/site-viewer-vendor-BI3YB0Ka.js was preloaded using link preload but not used within a few seconds from the window's load event. Please make sure it has an appropriate `as` value and it is preloaded intentionally. @ https://w3.ibm.com/w3publisher/devices-ibm/return-your-device:0
[26215225ms] [ERROR] Failed to load resource: net::ERR_NAME_NOT_RESOLVED @ https://w3.s81c.com/w3publisher/site-service/health/ping:0
[26215226ms] AxiosError: Network Error
    at h.onerror (https://w3.ibm.com/w3publisher/assets/site-viewer-vendor-BI3YB0Ka.js:26:17204)
    at qx.request (https://w3.ibm.com/w3publisher/assets/site-viewer-vendor-BI3YB0Ka.js:28:2131)
    at async Lh (https://w3.ibm.com/w3publisher/assets/index-M7xrVzMj.js:318:23696)
    at async qS.Rh (https://w3.ibm.com/w3publisher/assets/index-M7xrVzMj.js:318:23763)
[26218227ms] [WARNING] The resource https://w3.ibm.com/w3publisher/devices-ibm/assets/rolldown-runtime-DAXXjFlN.js was preloaded using link preload but not used within a few seconds from the window's load event. Please make sure it has an appropriate `as` value and it is preloaded intentionally. @ https://w3.ibm.com/w3publisher/devices-ibm/return-your-device:0
[26218227ms] [WARNING] The resource https://w3.ibm.com/w3publisher/devices-ibm/assets/site-viewer-vendor-BI3YB0Ka.js was preloaded using link preload but not used within a few seconds from the window's load event. Please make sure it has an appropriate `as` value and it is preloaded intentionally. @ https://w3.ibm.com/w3publisher/devices-ibm/return-your-device:0
[27124970ms] [ERROR] Failed to load resource: net::ERR_NAME_NOT_RESOLVED @ https://w3.s81c.com/w3publisher/site-service/health/ping:0
[27124971ms] AxiosError: Network Error
    at h.onerror (https://w3.ibm.com/w3publisher/assets/site-viewer-vendor-BI3YB0Ka.js:26:17204)
    at qx.request (https://w3.ibm.com/w3publisher/assets/site-viewer-vendor-BI3YB0Ka.js:28:2131)
    at async Lh (https://w3.ibm.com/w3publisher/assets/index-M7xrVzMj.js:318:23696)
    at async qS.Rh (https://w3.ibm.com/w3publisher/assets/index-M7xrVzMj.js:318:23763)
[27127972ms] [WARNING] The resource https://w3.ibm.com/w3publisher/devices-ibm/assets/rolldown-runtime-DAXXjFlN.js was preloaded using link preload but not used within a few seconds from the window's load event. Please make sure it has an appropriate `as` value and it is preloaded intentionally. @ https://w3.ibm.com/w3publisher/devices-ibm/return-your-device:0
[27127972ms] [WARNING] The resource https://w3.ibm.com/w3publisher/devices-ibm/assets/site-viewer-vendor-BI3YB0Ka.js was preloaded using link preload but not used within a few seconds from the window's load event. Please make sure it has an appropriate `as` value and it is preloaded intentionally. @ https://w3.ibm.com/w3publisher/devices-ibm/return-your-device:0
[28025073ms] [ERROR] Failed to load resource: net::ERR_NAME_NOT_RESOLVED @ https://w3.s81c.com/w3publisher/site-service/health/ping:0
[28025075ms] AxiosError: Network Error
    at h.onerror (https://w3.ibm.com/w3publisher/assets/site-viewer-vendor-BI3YB0Ka.js:26:17204)
    at qx.request (https://w3.ibm.com/w3publisher/assets/site-viewer-vendor-BI3YB0Ka.js:28:2131)
    at async Lh (https://w3.ibm.com/w3publisher/assets/index-M7xrVzMj.js:318:23696)
    at async qS.Rh (https://w3.ibm.com/w3publisher/assets/index-M7xrVzMj.js:318:23763)
[28028074ms] [WARNING] The resource https://w3.ibm.com/w3publisher/devices-ibm/assets/rolldown-runtime-DAXXjFlN.js was preloaded using link preload but not used within a few seconds from the window's load event. Please make sure it has an appropriate `as` value and it is preloaded intentionally. @ https://w3.ibm.com/w3publisher/devices-ibm/return-your-device:0
[28028075ms] [WARNING] The resource https://w3.ibm.com/w3publisher/devices-ibm/assets/site-viewer-vendor-BI3YB0Ka.js was preloaded using link preload but not used within a few seconds from the window's load event. Please make sure it has an appropriate `as` value and it is preloaded intentionally. @ https://w3.ibm.com/w3publisher/devices-ibm/return-your-device:0
[28925037ms] [ERROR] Failed to load resource: net::ERR_NAME_NOT_RESOLVED @ https://w3.s81c.com/w3publisher/site-service/health/ping:0
[28925038ms] AxiosError: Network Error
    at h.onerror (https://w3.ibm.com/w3publisher/assets/site-viewer-vendor-BI3YB0Ka.js:26:17204)
    at qx.request (https://w3.ibm.com/w3publisher/assets/site-viewer-vendor-BI3YB0Ka.js:28:2131)
    at async Lh (https://w3.ibm.com/w3publisher/assets/index-M7xrVzMj.js:318:23696)
    at async qS.Rh (https://w3.ibm.com/w3publisher/assets/index-M7xrVzMj.js:318:23763)
[28928039ms] [WARNING] The resource https://w3.ibm.com/w3publisher/devices-ibm/assets/rolldown-runtime-DAXXjFlN.js was preloaded using link preload but not used within a few seconds from the window's load event. Please make sure it has an appropriate `as` value and it is preloaded intentionally. @ https://w3.ibm.com/w3publisher/devices-ibm/return-your-device:0
[28928040ms] [WARNING] The resource https://w3.ibm.com/w3publisher/devices-ibm/assets/site-viewer-vendor-BI3YB0Ka.js was preloaded using link preload but not used within a few seconds from the window's load event. Please make sure it has an appropriate `as` value and it is preloaded intentionally. @ https://w3.ibm.com/w3publisher/devices-ibm/return-your-device:0
[29825051ms] [ERROR] Failed to load resource: net::ERR_NAME_NOT_RESOLVED @ https://w3.s81c.com/w3publisher/site-service/health/ping:0
[29825053ms] AxiosError: Network Error
    at h.onerror (https://w3.ibm.com/w3publisher/assets/site-viewer-vendor-BI3YB0Ka.js:26:17204)
    at qx.request (https://w3.ibm.com/w3publisher/assets/site-viewer-vendor-BI3YB0Ka.js:28:2131)
    at async Lh (https://w3.ibm.com/w3publisher/assets/index-M7xrVzMj.js:318:23696)
    at async qS.Rh (https://w3.ibm.com/w3publisher/assets/index-M7xrVzMj.js:318:23763)
[29828053ms] [WARNING] The resource https://w3.ibm.com/w3publisher/devices-ibm/assets/rolldown-runtime-DAXXjFlN.js was preloaded using link preload but not used within a few seconds from the window's load event. Please make sure it has an appropriate `as` value and it is preloaded intentionally. @ https://w3.ibm.com/w3publisher/devices-ibm/return-your-device:0
[29828053ms] [WARNING] The resource https://w3.ibm.com/w3publisher/devices-ibm/assets/site-viewer-vendor-BI3YB0Ka.js was preloaded using link preload but not used within a few seconds from the window's load event. Please make sure it has an appropriate `as` value and it is preloaded intentionally. @ https://w3.ibm.com/w3publisher/devices-ibm/return-your-device:0
[30781501ms] [ERROR] Failed to load resource: net::ERR_NAME_NOT_RESOLVED @ https://w3.s81c.com/w3publisher/site-service/health/ping:0
[30781502ms] AxiosError: Network Error
    at h.onerror (https://w3.ibm.com/w3publisher/assets/site-viewer-vendor-BI3YB0Ka.js:26:17204)
    at qx.request (https://w3.ibm.com/w3publisher/assets/site-viewer-vendor-BI3YB0Ka.js:28:2131)
    at async Lh (https://w3.ibm.com/w3publisher/assets/index-M7xrVzMj.js:318:23696)
    at async qS.Rh (https://w3.ibm.com/w3publisher/assets/index-M7xrVzMj.js:318:23763)
[30784503ms] [WARNING] The resource https://w3.ibm.com/w3publisher/devices-ibm/assets/rolldown-runtime-DAXXjFlN.js was preloaded using link preload but not used within a few seconds from the window's load event. Please make sure it has an appropriate `as` value and it is preloaded intentionally. @ https://w3.ibm.com/w3publisher/devices-ibm/return-your-device:0
[30784503ms] [WARNING] The resource https://w3.ibm.com/w3publisher/devices-ibm/assets/site-viewer-vendor-BI3YB0Ka.js was preloaded using link preload but not used within a few seconds from the window's load event. Please make sure it has an appropriate `as` value and it is preloaded intentionally. @ https://w3.ibm.com/w3publisher/devices-ibm/return-your-device:0
[31700112ms] [ERROR] Failed to load resource: net::ERR_NAME_NOT_RESOLVED @ https://w3.s81c.com/w3publisher/site-service/health/ping:0
[31700115ms] AxiosError: Network Error
    at h.onerror (https://w3.ibm.com/w3publisher/assets/site-viewer-vendor-BI3YB0Ka.js:26:17204)
    at qx.request (https://w3.ibm.com/w3publisher/assets/site-viewer-vendor-BI3YB0Ka.js:28:2131)
    at async Lh (https://w3.ibm.com/w3publisher/assets/index-M7xrVzMj.js:318:23696)
    at async qS.Rh (https://w3.ibm.com/w3publisher/assets/index-M7xrVzMj.js:318:23763)
[31703114ms] [WARNING] The resource https://w3.ibm.com/w3publisher/devices-ibm/assets/rolldown-runtime-DAXXjFlN.js was preloaded using link preload but not used within a few seconds from the window's load event. Please make sure it has an appropriate `as` value and it is preloaded intentionally. @ https://w3.ibm.com/w3publisher/devices-ibm/return-your-device:0
[31703114ms] [WARNING] The resource https://w3.ibm.com/w3publisher/devices-ibm/assets/site-viewer-vendor-BI3YB0Ka.js was preloaded using link preload but not used within a few seconds from the window's load event. Please make sure it has an appropriate `as` value and it is preloaded intentionally. @ https://w3.ibm.com/w3publisher/devices-ibm/return-your-device:0
[32600193ms] [ERROR] Failed to load resource: net::ERR_NAME_NOT_RESOLVED @ https://w3.s81c.com/w3publisher/site-service/health/ping:0
[32600195ms] AxiosError: Network Error
    at h.onerror (https://w3.ibm.com/w3publisher/assets/site-viewer-vendor-BI3YB0Ka.js:26:17204)
    at qx.request (https://w3.ibm.com/w3publisher/assets/site-viewer-vendor-BI3YB0Ka.js:28:2131)
    at async Lh (https://w3.ibm.com/w3publisher/assets/index-M7xrVzMj.js:318:23696)
    at async qS.Rh (https://w3.ibm.com/w3publisher/assets/index-M7xrVzMj.js:318:23763)
[32603195ms] [WARNING] The resource https://w3.ibm.com/w3publisher/devices-ibm/assets/rolldown-runtime-DAXXjFlN.js was preloaded using link preload but not used within a few seconds from the window's load event. Please make sure it has an appropriate `as` value and it is preloaded intentionally. @ https://w3.ibm.com/w3publisher/devices-ibm/return-your-device:0
[32603196ms] [WARNING] The resource https://w3.ibm.com/w3publisher/devices-ibm/assets/site-viewer-vendor-BI3YB0Ka.js was preloaded using link preload but not used within a few seconds from the window's load event. Please make sure it has an appropriate `as` value and it is preloaded intentionally. @ https://w3.ibm.com/w3publisher/devices-ibm/return-your-device:0
[33500116ms] [ERROR] Failed to load resource: net::ERR_NAME_NOT_RESOLVED @ https://w3.s81c.com/w3publisher/site-service/health/ping:0
[33500120ms] AxiosError: Network Error
    at h.onerror (https://w3.ibm.com/w3publisher/assets/site-viewer-vendor-BI3YB0Ka.js:26:17204)
    at qx.request (https://w3.ibm.com/w3publisher/assets/site-viewer-vendor-BI3YB0Ka.js:28:2131)
    at async Lh (https://w3.ibm.com/w3publisher/assets/index-M7xrVzMj.js:318:23696)
    at async qS.Rh (https://w3.ibm.com/w3publisher/assets/index-M7xrVzMj.js:318:23763)
[33503118ms] [WARNING] The resource https://w3.ibm.com/w3publisher/devices-ibm/assets/rolldown-runtime-DAXXjFlN.js was preloaded using link preload but not used within a few seconds from the window's load event. Please make sure it has an appropriate `as` value and it is preloaded intentionally. @ https://w3.ibm.com/w3publisher/devices-ibm/return-your-device:0
[33503118ms] [WARNING] The resource https://w3.ibm.com/w3publisher/devices-ibm/assets/site-viewer-vendor-BI3YB0Ka.js was preloaded using link preload but not used within a few seconds from the window's load event. Please make sure it has an appropriate `as` value and it is preloaded intentionally. @ https://w3.ibm.com/w3publisher/devices-ibm/return-your-device:0
[34400112ms] [ERROR] Failed to load resource: net::ERR_NAME_NOT_RESOLVED @ https://w3.s81c.com/w3publisher/site-service/health/ping:0
[34400113ms] AxiosError: Network Error
    at h.onerror (https://w3.ibm.com/w3publisher/assets/site-viewer-vendor-BI3YB0Ka.js:26:17204)
    at qx.request (https://w3.ibm.com/w3publisher/assets/site-viewer-vendor-BI3YB0Ka.js:28:2131)
    at async Lh (https://w3.ibm.com/w3publisher/assets/index-M7xrVzMj.js:318:23696)
    at async qS.Rh (https://w3.ibm.com/w3publisher/assets/index-M7xrVzMj.js:318:23763)
[34403114ms] [WARNING] The resource https://w3.ibm.com/w3publisher/devices-ibm/assets/rolldown-runtime-DAXXjFlN.js was preloaded using link preload but not used within a few seconds from the window's load event. Please make sure it has an appropriate `as` value and it is preloaded intentionally. @ https://w3.ibm.com/w3publisher/devices-ibm/return-your-device:0
[34403114ms] [WARNING] The resource https://w3.ibm.com/w3publisher/devices-ibm/assets/site-viewer-vendor-BI3YB0Ka.js was preloaded using link preload but not used within a few seconds from the window's load event. Please make sure it has an appropriate `as` value and it is preloaded intentionally. @ https://w3.ibm.com/w3publisher/devices-ibm/return-your-device:0
[35300124ms] [ERROR] Failed to load resource: net::ERR_NAME_NOT_RESOLVED @ https://w3.s81c.com/w3publisher/site-service/health/ping:0
[35300125ms] AxiosError: Network Error
    at h.onerror (https://w3.ibm.com/w3publisher/assets/site-viewer-vendor-BI3YB0Ka.js:26:17204)
    at qx.request (https://w3.ibm.com/w3publisher/assets/site-viewer-vendor-BI3YB0Ka.js:28:2131)
    at async Lh (https://w3.ibm.com/w3publisher/assets/index-M7xrVzMj.js:318:23696)
    at async qS.Rh (https://w3.ibm.com/w3publisher/assets/index-M7xrVzMj.js:318:23763)
[35303126ms] [WARNING] The resource https://w3.ibm.com/w3publisher/devices-ibm/assets/rolldown-runtime-DAXXjFlN.js was preloaded using link preload but not used within a few seconds from the window's load event. Please make sure it has an appropriate `as` value and it is preloaded intentionally. @ https://w3.ibm.com/w3publisher/devices-ibm/return-your-device:0
[35303126ms] [WARNING] The resource https://w3.ibm.com/w3publisher/devices-ibm/assets/site-viewer-vendor-BI3YB0Ka.js was preloaded using link preload but not used within a few seconds from the window's load event. Please make sure it has an appropriate `as` value and it is preloaded intentionally. @ https://w3.ibm.com/w3publisher/devices-ibm/return-your-device:0
[36200172ms] [ERROR] Failed to load resource: net::ERR_NAME_NOT_RESOLVED @ https://w3.s81c.com/w3publisher/site-service/health/ping:0
[36200173ms] AxiosError: Network Error
    at h.onerror (https://w3.ibm.com/w3publisher/assets/site-viewer-vendor-BI3YB0Ka.js:26:17204)
    at qx.request (https://w3.ibm.com/w3publisher/assets/site-viewer-vendor-BI3YB0Ka.js:28:2131)
    at async Lh (https://w3.ibm.com/w3publisher/assets/index-M7xrVzMj.js:318:23696)
    at async qS.Rh (https://w3.ibm.com/w3publisher/assets/index-M7xrVzMj.js:318:23763)
[36203174ms] [WARNING] The resource https://w3.ibm.com/w3publisher/devices-ibm/assets/rolldown-runtime-DAXXjFlN.js was preloaded using link preload but not used within a few seconds from the window's load event. Please make sure it has an appropriate `as` value and it is preloaded intentionally. @ https://w3.ibm.com/w3publisher/devices-ibm/return-your-device:0
[36203174ms] [WARNING] The resource https://w3.ibm.com/w3publisher/devices-ibm/assets/site-viewer-vendor-BI3YB0Ka.js was preloaded using link preload but not used within a few seconds from the window's load event. Please make sure it has an appropriate `as` value and it is preloaded intentionally. @ https://w3.ibm.com/w3publisher/devices-ibm/return-your-device:0
[37100170ms] [ERROR] Failed to load resource: net::ERR_NAME_NOT_RESOLVED @ https://w3.s81c.com/w3publisher/site-service/health/ping:0
[37100174ms] AxiosError: Network Error
    at h.onerror (https://w3.ibm.com/w3publisher/assets/site-viewer-vendor-BI3YB0Ka.js:26:17204)
    at qx.request (https://w3.ibm.com/w3publisher/assets/site-viewer-vendor-BI3YB0Ka.js:28:2131)
    at async Lh (https://w3.ibm.com/w3publisher/assets/index-M7xrVzMj.js:318:23696)
    at async qS.Rh (https://w3.ibm.com/w3publisher/assets/index-M7xrVzMj.js:318:23763)
[37103172ms] [WARNING] The resource https://w3.ibm.com/w3publisher/devices-ibm/assets/rolldown-runtime-DAXXjFlN.js was preloaded using link preload but not used within a few seconds from the window's load event. Please make sure it has an appropriate `as` value and it is preloaded intentionally. @ https://w3.ibm.com/w3publisher/devices-ibm/return-your-device:0
[37103172ms] [WARNING] The resource https://w3.ibm.com/w3publisher/devices-ibm/assets/site-viewer-vendor-BI3YB0Ka.js was preloaded using link preload but not used within a few seconds from the window's load event. Please make sure it has an appropriate `as` value and it is preloaded intentionally. @ https://w3.ibm.com/w3publisher/devices-ibm/return-your-device:0
[38000118ms] [ERROR] Failed to load resource: net::ERR_NAME_NOT_RESOLVED @ https://w3.s81c.com/w3publisher/site-service/health/ping:0
[38000120ms] AxiosError: Network Error
    at h.onerror (https://w3.ibm.com/w3publisher/assets/site-viewer-vendor-BI3YB0Ka.js:26:17204)
    at qx.request (https://w3.ibm.com/w3publisher/assets/site-viewer-vendor-BI3YB0Ka.js:28:2131)
    at async Lh (https://w3.ibm.com/w3publisher/assets/index-M7xrVzMj.js:318:23696)
    at async qS.Rh (https://w3.ibm.com/w3publisher/assets/index-M7xrVzMj.js:318:23763)
[38003120ms] [WARNING] The resource https://w3.ibm.com/w3publisher/devices-ibm/assets/rolldown-runtime-DAXXjFlN.js was preloaded using link preload but not used within a few seconds from the window's load event. Please make sure it has an appropriate `as` value and it is preloaded intentionally. @ https://w3.ibm.com/w3publisher/devices-ibm/return-your-device:0
[38003121ms] [WARNING] The resource https://w3.ibm.com/w3publisher/devices-ibm/assets/site-viewer-vendor-BI3YB0Ka.js was preloaded using link preload but not used within a few seconds from the window's load event. Please make sure it has an appropriate `as` value and it is preloaded intentionally. @ https://w3.ibm.com/w3publisher/devices-ibm/return-your-device:0
[38900141ms] [ERROR] Failed to load resource: net::ERR_NAME_NOT_RESOLVED @ https://w3.s81c.com/w3publisher/site-service/health/ping:0
[38900142ms] AxiosError: Network Error
    at h.onerror (https://w3.ibm.com/w3publisher/assets/site-viewer-vendor-BI3YB0Ka.js:26:17204)
    at qx.request (https://w3.ibm.com/w3publisher/assets/site-viewer-vendor-BI3YB0Ka.js:28:2131)
    at async Lh (https://w3.ibm.com/w3publisher/assets/index-M7xrVzMj.js:318:23696)
    at async qS.Rh (https://w3.ibm.com/w3publisher/assets/index-M7xrVzMj.js:318:23763)
[38903142ms] [WARNING] The resource https://w3.ibm.com/w3publisher/devices-ibm/assets/rolldown-runtime-DAXXjFlN.js was preloaded using link preload but not used within a few seconds from the window's load event. Please make sure it has an appropriate `as` value and it is preloaded intentionally. @ https://w3.ibm.com/w3publisher/devices-ibm/return-your-device:0
[38903142ms] [WARNING] The resource https://w3.ibm.com/w3publisher/devices-ibm/assets/site-viewer-vendor-BI3YB0Ka.js was preloaded using link preload but not used within a few seconds from the window's load event. Please make sure it has an appropriate `as` value and it is preloaded intentionally. @ https://w3.ibm.com/w3publisher/devices-ibm/return-your-device:0
[39800210ms] [ERROR] Failed to load resource: net::ERR_NAME_NOT_RESOLVED @ https://w3.s81c.com/w3publisher/site-service/health/ping:0
[39800211ms] AxiosError: Network Error
    at h.onerror (https://w3.ibm.com/w3publisher/assets/site-viewer-vendor-BI3YB0Ka.js:26:17204)
    at qx.request (https://w3.ibm.com/w3publisher/assets/site-viewer-vendor-BI3YB0Ka.js:28:2131)
    at async Lh (https://w3.ibm.com/w3publisher/assets/index-M7xrVzMj.js:318:23696)
    at async qS.Rh (https://w3.ibm.com/w3publisher/assets/index-M7xrVzMj.js:318:23763)
[39803212ms] [WARNING] The resource https://w3.ibm.com/w3publisher/devices-ibm/assets/rolldown-runtime-DAXXjFlN.js was preloaded using link preload but not used within a few seconds from the window's load event. Please make sure it has an appropriate `as` value and it is preloaded intentionally. @ https://w3.ibm.com/w3publisher/devices-ibm/return-your-device:0
[39803212ms] [WARNING] The resource https://w3.ibm.com/w3publisher/devices-ibm/assets/site-viewer-vendor-BI3YB0Ka.js was preloaded using link preload but not used within a few seconds from the window's load event. Please make sure it has an appropriate `as` value and it is preloaded intentionally. @ https://w3.ibm.com/w3publisher/devices-ibm/return-your-device:0
[40700179ms] [ERROR] Failed to load resource: net::ERR_NAME_NOT_RESOLVED @ https://w3.s81c.com/w3publisher/site-service/health/ping:0
[40700180ms] AxiosError: Network Error
    at h.onerror (https://w3.ibm.com/w3publisher/assets/site-viewer-vendor-BI3YB0Ka.js:26:17204)
    at qx.request (https://w3.ibm.com/w3publisher/assets/site-viewer-vendor-BI3YB0Ka.js:28:2131)
    at async Lh (https://w3.ibm.com/w3publisher/assets/index-M7xrVzMj.js:318:23696)
    at async qS.Rh (https://w3.ibm.com/w3publisher/assets/index-M7xrVzMj.js:318:23763)
[40703180ms] [WARNING] The resource https://w3.ibm.com/w3publisher/devices-ibm/assets/rolldown-runtime-DAXXjFlN.js was preloaded using link preload but not used within a few seconds from the window's load event. Please make sure it has an appropriate `as` value and it is preloaded intentionally. @ https://w3.ibm.com/w3publisher/devices-ibm/return-your-device:0
[40703181ms] [WARNING] The resource https://w3.ibm.com/w3publisher/devices-ibm/assets/site-viewer-vendor-BI3YB0Ka.js was preloaded using link preload but not used within a few seconds from the window's load event. Please make sure it has an appropriate `as` value and it is preloaded intentionally. @ https://w3.ibm.com/w3publisher/devices-ibm/return-your-device:0
[41600163ms] [ERROR] Failed to load resource: net::ERR_NAME_NOT_RESOLVED @ https://w3.s81c.com/w3publisher/site-service/health/ping:0
[41600165ms] AxiosError: Network Error
    at h.onerror (https://w3.ibm.com/w3publisher/assets/site-viewer-vendor-BI3YB0Ka.js:26:17204)
    at qx.request (https://w3.ibm.com/w3publisher/assets/site-viewer-vendor-BI3YB0Ka.js:28:2131)
    at async Lh (https://w3.ibm.com/w3publisher/assets/index-M7xrVzMj.js:318:23696)
    at async qS.Rh (https://w3.ibm.com/w3publisher/assets/index-M7xrVzMj.js:318:23763)
[41603165ms] [WARNING] The resource https://w3.ibm.com/w3publisher/devices-ibm/assets/rolldown-runtime-DAXXjFlN.js was preloaded using link preload but not used within a few seconds from the window's load event. Please make sure it has an appropriate `as` value and it is preloaded intentionally. @ https://w3.ibm.com/w3publisher/devices-ibm/return-your-device:0
[41603165ms] [WARNING] The resource https://w3.ibm.com/w3publisher/devices-ibm/assets/site-viewer-vendor-BI3YB0Ka.js was preloaded using link preload but not used within a few seconds from the window's load event. Please make sure it has an appropriate `as` value and it is preloaded intentionally. @ https://w3.ibm.com/w3publisher/devices-ibm/return-your-device:0
[42500221ms] [ERROR] Failed to load resource: net::ERR_NAME_NOT_RESOLVED @ https://w3.s81c.com/w3publisher/site-service/health/ping:0
[42500223ms] AxiosError: Network Error
    at h.onerror (https://w3.ibm.com/w3publisher/assets/site-viewer-vendor-BI3YB0Ka.js:26:17204)
    at qx.request (https://w3.ibm.com/w3publisher/assets/site-viewer-vendor-BI3YB0Ka.js:28:2131)
    at async Lh (https://w3.ibm.com/w3publisher/assets/index-M7xrVzMj.js:318:23696)
    at async qS.Rh (https://w3.ibm.com/w3publisher/assets/index-M7xrVzMj.js:318:23763)
[42503222ms] [WARNING] The resource https://w3.ibm.com/w3publisher/devices-ibm/assets/rolldown-runtime-DAXXjFlN.js was preloaded using link preload but not used within a few seconds from the window's load event. Please make sure it has an appropriate `as` value and it is preloaded intentionally. @ https://w3.ibm.com/w3publisher/devices-ibm/return-your-device:0
[42503223ms] [WARNING] The resource https://w3.ibm.com/w3publisher/devices-ibm/assets/site-viewer-vendor-BI3YB0Ka.js was preloaded using link preload but not used within a few seconds from the window's load event. Please make sure it has an appropriate `as` value and it is preloaded intentionally. @ https://w3.ibm.com/w3publisher/devices-ibm/return-your-device:0
[43400223ms] [ERROR] Failed to load resource: net::ERR_NAME_NOT_RESOLVED @ https://w3.s81c.com/w3publisher/site-service/health/ping:0
[43400224ms] AxiosError: Network Error
    at h.onerror (https://w3.ibm.com/w3publisher/assets/site-viewer-vendor-BI3YB0Ka.js:26:17204)
    at qx.request (https://w3.ibm.com/w3publisher/assets/site-viewer-vendor-BI3YB0Ka.js:28:2131)
    at async Lh (https://w3.ibm.com/w3publisher/assets/index-M7xrVzMj.js:318:23696)
    at async qS.Rh (https://w3.ibm.com/w3publisher/assets/index-M7xrVzMj.js:318:23763)
[43403225ms] [WARNING] The resource https://w3.ibm.com/w3publisher/devices-ibm/assets/rolldown-runtime-DAXXjFlN.js was preloaded using link preload but not used within a few seconds from the window's load event. Please make sure it has an appropriate `as` value and it is preloaded intentionally. @ https://w3.ibm.com/w3publisher/devices-ibm/return-your-device:0
[43403225ms] [WARNING] The resource https://w3.ibm.com/w3publisher/devices-ibm/assets/site-viewer-vendor-BI3YB0Ka.js was preloaded using link preload but not used within a few seconds from the window's load event. Please make sure it has an appropriate `as` value and it is preloaded intentionally. @ https://w3.ibm.com/w3publisher/devices-ibm/return-your-device:0
[44300228ms] [ERROR] Failed to load resource: net::ERR_NAME_NOT_RESOLVED @ https://w3.s81c.com/w3publisher/site-service/health/ping:0
[44300230ms] AxiosError: Network Error
    at h.onerror (https://w3.ibm.com/w3publisher/assets/site-viewer-vendor-BI3YB0Ka.js:26:17204)
    at qx.request (https://w3.ibm.com/w3publisher/assets/site-viewer-vendor-BI3YB0Ka.js:28:2131)
    at async Lh (https://w3.ibm.com/w3publisher/assets/index-M7xrVzMj.js:318:23696)
    at async qS.Rh (https://w3.ibm.com/w3publisher/assets/index-M7xrVzMj.js:318:23763)
[44303231ms] [WARNING] The resource https://w3.ibm.com/w3publisher/devices-ibm/assets/rolldown-runtime-DAXXjFlN.js was preloaded using link preload but not used within a few seconds from the window's load event. Please make sure it has an appropriate `as` value and it is preloaded intentionally. @ https://w3.ibm.com/w3publisher/devices-ibm/return-your-device:0
[44303231ms] [WARNING] The resource https://w3.ibm.com/w3publisher/devices-ibm/assets/site-viewer-vendor-BI3YB0Ka.js was preloaded using link preload but not used within a few seconds from the window's load event. Please make sure it has an appropriate `as` value and it is preloaded intentionally. @ https://w3.ibm.com/w3publisher/devices-ibm/return-your-device:0
[45200230ms] [ERROR] Failed to load resource: net::ERR_NAME_NOT_RESOLVED @ https://w3.s81c.com/w3publisher/site-service/health/ping:0
[45200233ms] AxiosError: Network Error
    at h.onerror (https://w3.ibm.com/w3publisher/assets/site-viewer-vendor-BI3YB0Ka.js:26:17204)
    at qx.request (https://w3.ibm.com/w3publisher/assets/site-viewer-vendor-BI3YB0Ka.js:28:2131)
    at async Lh (https://w3.ibm.com/w3publisher/assets/index-M7xrVzMj.js:318:23696)
    at async qS.Rh (https://w3.ibm.com/w3publisher/assets/index-M7xrVzMj.js:318:23763)
[45203232ms] [WARNING] The resource https://w3.ibm.com/w3publisher/devices-ibm/assets/rolldown-runtime-DAXXjFlN.js was preloaded using link preload but not used within a few seconds from the window's load event. Please make sure it has an appropriate `as` value and it is preloaded intentionally. @ https://w3.ibm.com/w3publisher/devices-ibm/return-your-device:0
[45203233ms] [WARNING] The resource https://w3.ibm.com/w3publisher/devices-ibm/assets/site-viewer-vendor-BI3YB0Ka.js was preloaded using link preload but not used within a few seconds from the window's load event. Please make sure it has an appropriate `as` value and it is preloaded intentionally. @ https://w3.ibm.com/w3publisher/devices-ibm/return-your-device:0
[46100251ms] [ERROR] Failed to load resource: net::ERR_NAME_NOT_RESOLVED @ https://w3.s81c.com/w3publisher/site-service/health/ping:0
[46100253ms] AxiosError: Network Error
    at h.onerror (https://w3.ibm.com/w3publisher/assets/site-viewer-vendor-BI3YB0Ka.js:26:17204)
    at qx.request (https://w3.ibm.com/w3publisher/assets/site-viewer-vendor-BI3YB0Ka.js:28:2131)
    at async Lh (https://w3.ibm.com/w3publisher/assets/index-M7xrVzMj.js:318:23696)
    at async qS.Rh (https://w3.ibm.com/w3publisher/assets/index-M7xrVzMj.js:318:23763)
[46103252ms] [WARNING] The resource https://w3.ibm.com/w3publisher/devices-ibm/assets/rolldown-runtime-DAXXjFlN.js was preloaded using link preload but not used within a few seconds from the window's load event. Please make sure it has an appropriate `as` value and it is preloaded intentionally. @ https://w3.ibm.com/w3publisher/devices-ibm/return-your-device:0
[46103253ms] [WARNING] The resource https://w3.ibm.com/w3publisher/devices-ibm/assets/site-viewer-vendor-BI3YB0Ka.js was preloaded using link preload but not used within a few seconds from the window's load event. Please make sure it has an appropriate `as` value and it is preloaded intentionally. @ https://w3.ibm.com/w3publisher/devices-ibm/return-your-device:0
[47000298ms] [ERROR] Failed to load resource: net::ERR_NAME_NOT_RESOLVED @ https://w3.s81c.com/w3publisher/site-service/health/ping:0
[47000301ms] AxiosError: Network Error
    at h.onerror (https://w3.ibm.com/w3publisher/assets/site-viewer-vendor-BI3YB0Ka.js:26:17204)
    at qx.request (https://w3.ibm.com/w3publisher/assets/site-viewer-vendor-BI3YB0Ka.js:28:2131)
    at async Lh (https://w3.ibm.com/w3publisher/assets/index-M7xrVzMj.js:318:23696)
    at async qS.Rh (https://w3.ibm.com/w3publisher/assets/index-M7xrVzMj.js:318:23763)
[47003301ms] [WARNING] The resource https://w3.ibm.com/w3publisher/devices-ibm/assets/rolldown-runtime-DAXXjFlN.js was preloaded using link preload but not used within a few seconds from the window's load event. Please make sure it has an appropriate `as` value and it is preloaded intentionally. @ https://w3.ibm.com/w3publisher/devices-ibm/return-your-device:0
[47003301ms] [WARNING] The resource https://w3.ibm.com/w3publisher/devices-ibm/assets/site-viewer-vendor-BI3YB0Ka.js was preloaded using link preload but not used within a few seconds from the window's load event. Please make sure it has an appropriate `as` value and it is preloaded intentionally. @ https://w3.ibm.com/w3publisher/devices-ibm/return-your-device:0
[47900262ms] [ERROR] Failed to load resource: net::ERR_NAME_NOT_RESOLVED @ https://w3.s81c.com/w3publisher/site-service/health/ping:0
[47900265ms] AxiosError: Network Error
    at h.onerror (https://w3.ibm.com/w3publisher/assets/site-viewer-vendor-BI3YB0Ka.js:26:17204)
    at qx.request (https://w3.ibm.com/w3publisher/assets/site-viewer-vendor-BI3YB0Ka.js:28:2131)
    at async Lh (https://w3.ibm.com/w3publisher/assets/index-M7xrVzMj.js:318:23696)
    at async qS.Rh (https://w3.ibm.com/w3publisher/assets/index-M7xrVzMj.js:318:23763)
[47903264ms] [WARNING] The resource https://w3.ibm.com/w3publisher/devices-ibm/assets/rolldown-runtime-DAXXjFlN.js was preloaded using link preload but not used within a few seconds from the window's load event. Please make sure it has an appropriate `as` value and it is preloaded intentionally. @ https://w3.ibm.com/w3publisher/devices-ibm/return-your-device:0
[47903264ms] [WARNING] The resource https://w3.ibm.com/w3publisher/devices-ibm/assets/site-viewer-vendor-BI3YB0Ka.js was preloaded using link preload but not used within a few seconds from the window's load event. Please make sure it has an appropriate `as` value and it is preloaded intentionally. @ https://w3.ibm.com/w3publisher/devices-ibm/return-your-device:0
[48800248ms] [ERROR] Failed to load resource: net::ERR_NAME_NOT_RESOLVED @ https://w3.s81c.com/w3publisher/site-service/health/ping:0
[48800252ms] AxiosError: Network Error
    at h.onerror (https://w3.ibm.com/w3publisher/assets/site-viewer-vendor-BI3YB0Ka.js:26:17204)
    at qx.request (https://w3.ibm.com/w3publisher/assets/site-viewer-vendor-BI3YB0Ka.js:28:2131)
    at async Lh (https://w3.ibm.com/w3publisher/assets/index-M7xrVzMj.js:318:23696)
    at async qS.Rh (https://w3.ibm.com/w3publisher/assets/index-M7xrVzMj.js:318:23763)
[48803251ms] [WARNING] The resource https://w3.ibm.com/w3publisher/devices-ibm/assets/rolldown-runtime-DAXXjFlN.js was preloaded using link preload but not used within a few seconds from the window's load event. Please make sure it has an appropriate `as` value and it is preloaded intentionally. @ https://w3.ibm.com/w3publisher/devices-ibm/return-your-device:0
[48803251ms] [WARNING] The resource https://w3.ibm.com/w3publisher/devices-ibm/assets/site-viewer-vendor-BI3YB0Ka.js was preloaded using link preload but not used within a few seconds from the window's load event. Please make sure it has an appropriate `as` value and it is preloaded intentionally. @ https://w3.ibm.com/w3publisher/devices-ibm/return-your-device:0
[49700260ms] [ERROR] Failed to load resource: net::ERR_NAME_NOT_RESOLVED @ https://w3.s81c.com/w3publisher/site-service/health/ping:0
[49700261ms] AxiosError: Network Error
    at h.onerror (https://w3.ibm.com/w3publisher/assets/site-viewer-vendor-BI3YB0Ka.js:26:17204)
    at qx.request (https://w3.ibm.com/w3publisher/assets/site-viewer-vendor-BI3YB0Ka.js:28:2131)
    at async Lh (https://w3.ibm.com/w3publisher/assets/index-M7xrVzMj.js:318:23696)
    at async qS.Rh (https://w3.ibm.com/w3publisher/assets/index-M7xrVzMj.js:318:23763)
[49703264ms] [WARNING] The resource https://w3.ibm.com/w3publisher/devices-ibm/assets/rolldown-runtime-DAXXjFlN.js was preloaded using link preload but not used within a few seconds from the window's load event. Please make sure it has an appropriate `as` value and it is preloaded intentionally. @ https://w3.ibm.com/w3publisher/devices-ibm/return-your-device:0
[49703264ms] [WARNING] The resource https://w3.ibm.com/w3publisher/devices-ibm/assets/site-viewer-vendor-BI3YB0Ka.js was preloaded using link preload but not used within a few seconds from the window's load event. Please make sure it has an appropriate `as` value and it is preloaded intentionally. @ https://w3.ibm.com/w3publisher/devices-ibm/return-your-device:0
[50600276ms] [ERROR] Failed to load resource: net::ERR_NAME_NOT_RESOLVED @ https://w3.s81c.com/w3publisher/site-service/health/ping:0
[50600277ms] AxiosError: Network Error
    at h.onerror (https://w3.ibm.com/w3publisher/assets/site-viewer-vendor-BI3YB0Ka.js:26:17204)
    at qx.request (https://w3.ibm.com/w3publisher/assets/site-viewer-vendor-BI3YB0Ka.js:28:2131)
    at async Lh (https://w3.ibm.com/w3publisher/assets/index-M7xrVzMj.js:318:23696)
    at async qS.Rh (https://w3.ibm.com/w3publisher/assets/index-M7xrVzMj.js:318:23763)
[50603279ms] [WARNING] The resource https://w3.ibm.com/w3publisher/devices-ibm/assets/rolldown-runtime-DAXXjFlN.js was preloaded using link preload but not used within a few seconds from the window's load event. Please make sure it has an appropriate `as` value and it is preloaded intentionally. @ https://w3.ibm.com/w3publisher/devices-ibm/return-your-device:0
[50603279ms] [WARNING] The resource https://w3.ibm.com/w3publisher/devices-ibm/assets/site-viewer-vendor-BI3YB0Ka.js was preloaded using link preload but not used within a few seconds from the window's load event. Please make sure it has an appropriate `as` value and it is preloaded intentionally. @ https://w3.ibm.com/w3publisher/devices-ibm/return-your-device:0
[51500247ms] [ERROR] Failed to load resource: net::ERR_NAME_NOT_RESOLVED @ https://w3.s81c.com/w3publisher/site-service/health/ping:0
[51500251ms] AxiosError: Network Error
    at h.onerror (https://w3.ibm.com/w3publisher/assets/site-viewer-vendor-BI3YB0Ka.js:26:17204)
    at qx.request (https://w3.ibm.com/w3publisher/assets/site-viewer-vendor-BI3YB0Ka.js:28:2131)
    at async Lh (https://w3.ibm.com/w3publisher/assets/index-M7xrVzMj.js:318:23696)
    at async qS.Rh (https://w3.ibm.com/w3publisher/assets/index-M7xrVzMj.js:318:23763)
[51503249ms] [WARNING] The resource https://w3.ibm.com/w3publisher/devices-ibm/assets/rolldown-runtime-DAXXjFlN.js was preloaded using link preload but not used within a few seconds from the window's load event. Please make sure it has an appropriate `as` value and it is preloaded intentionally. @ https://w3.ibm.com/w3publisher/devices-ibm/return-your-device:0
[51503249ms] [WARNING] The resource https://w3.ibm.com/w3publisher/devices-ibm/assets/site-viewer-vendor-BI3YB0Ka.js was preloaded using link preload but not used within a few seconds from the window's load event. Please make sure it has an appropriate `as` value and it is preloaded intentionally. @ https://w3.ibm.com/w3publisher/devices-ibm/return-your-device:0
[52400299ms] [ERROR] Failed to load resource: net::ERR_NAME_NOT_RESOLVED @ https://w3.s81c.com/w3publisher/site-service/health/ping:0
[52400301ms] AxiosError: Network Error
    at h.onerror (https://w3.ibm.com/w3publisher/assets/site-viewer-vendor-BI3YB0Ka.js:26:17204)
    at qx.request (https://w3.ibm.com/w3publisher/assets/site-viewer-vendor-BI3YB0Ka.js:28:2131)
    at async Lh (https://w3.ibm.com/w3publisher/assets/index-M7xrVzMj.js:318:23696)
    at async qS.Rh (https://w3.ibm.com/w3publisher/assets/index-M7xrVzMj.js:318:23763)
[52403302ms] [WARNING] The resource https://w3.ibm.com/w3publisher/devices-ibm/assets/rolldown-runtime-DAXXjFlN.js was preloaded using link preload but not used within a few seconds from the window's load event. Please make sure it has an appropriate `as` value and it is preloaded intentionally. @ https://w3.ibm.com/w3publisher/devices-ibm/return-your-device:0
[52403302ms] [WARNING] The resource https://w3.ibm.com/w3publisher/devices-ibm/assets/site-viewer-vendor-BI3YB0Ka.js was preloaded using link preload but not used within a few seconds from the window's load event. Please make sure it has an appropriate `as` value and it is preloaded intentionally. @ https://w3.ibm.com/w3publisher/devices-ibm/return-your-device:0
[53300309ms] [ERROR] Failed to load resource: net::ERR_NAME_NOT_RESOLVED @ https://w3.s81c.com/w3publisher/site-service/health/ping:0
[53300311ms] AxiosError: Network Error
    at h.onerror (https://w3.ibm.com/w3publisher/assets/site-viewer-vendor-BI3YB0Ka.js:26:17204)
    at qx.request (https://w3.ibm.com/w3publisher/assets/site-viewer-vendor-BI3YB0Ka.js:28:2131)
    at async Lh (https://w3.ibm.com/w3publisher/assets/index-M7xrVzMj.js:318:23696)
    at async qS.Rh (https://w3.ibm.com/w3publisher/assets/index-M7xrVzMj.js:318:23763)
[53303312ms] [WARNING] The resource https://w3.ibm.com/w3publisher/devices-ibm/assets/rolldown-runtime-DAXXjFlN.js was preloaded using link preload but not used within a few seconds from the window's load event. Please make sure it has an appropriate `as` value and it is preloaded intentionally. @ https://w3.ibm.com/w3publisher/devices-ibm/return-your-device:0
[53303312ms] [WARNING] The resource https://w3.ibm.com/w3publisher/devices-ibm/assets/site-viewer-vendor-BI3YB0Ka.js was preloaded using link preload but not used within a few seconds from the window's load event. Please make sure it has an appropriate `as` value and it is preloaded intentionally. @ https://w3.ibm.com/w3publisher/devices-ibm/return-your-device:0
[54200346ms] [ERROR] Failed to load resource: net::ERR_NAME_NOT_RESOLVED @ https://w3.s81c.com/w3publisher/site-service/health/ping:0
[54200349ms] AxiosError: Network Error
    at h.onerror (https://w3.ibm.com/w3publisher/assets/site-viewer-vendor-BI3YB0Ka.js:26:17204)
    at qx.request (https://w3.ibm.com/w3publisher/assets/site-viewer-vendor-BI3YB0Ka.js:28:2131)
    at async Lh (https://w3.ibm.com/w3publisher/assets/index-M7xrVzMj.js:318:23696)
    at async qS.Rh (https://w3.ibm.com/w3publisher/assets/index-M7xrVzMj.js:318:23763)
[54203349ms] [WARNING] The resource https://w3.ibm.com/w3publisher/devices-ibm/assets/rolldown-runtime-DAXXjFlN.js was preloaded using link preload but not used within a few seconds from the window's load event. Please make sure it has an appropriate `as` value and it is preloaded intentionally. @ https://w3.ibm.com/w3publisher/devices-ibm/return-your-device:0
[54203349ms] [WARNING] The resource https://w3.ibm.com/w3publisher/devices-ibm/assets/site-viewer-vendor-BI3YB0Ka.js was preloaded using link preload but not used within a few seconds from the window's load event. Please make sure it has an appropriate `as` value and it is preloaded intentionally. @ https://w3.ibm.com/w3publisher/devices-ibm/return-your-device:0
[55100320ms] [ERROR] Failed to load resource: net::ERR_NAME_NOT_RESOLVED @ https://w3.s81c.com/w3publisher/site-service/health/ping:0
[55100324ms] AxiosError: Network Error
    at h.onerror (https://w3.ibm.com/w3publisher/assets/site-viewer-vendor-BI3YB0Ka.js:26:17204)
    at qx.request (https://w3.ibm.com/w3publisher/assets/site-viewer-vendor-BI3YB0Ka.js:28:2131)
    at async Lh (https://w3.ibm.com/w3publisher/assets/index-M7xrVzMj.js:318:23696)
    at async qS.Rh (https://w3.ibm.com/w3publisher/assets/index-M7xrVzMj.js:318:23763)
[55103323ms] [WARNING] The resource https://w3.ibm.com/w3publisher/devices-ibm/assets/rolldown-runtime-DAXXjFlN.js was preloaded using link preload but not used within a few seconds from the window's load event. Please make sure it has an appropriate `as` value and it is preloaded intentionally. @ https://w3.ibm.com/w3publisher/devices-ibm/return-your-device:0
[55103323ms] [WARNING] The resource https://w3.ibm.com/w3publisher/devices-ibm/assets/site-viewer-vendor-BI3YB0Ka.js was preloaded using link preload but not used within a few seconds from the window's load event. Please make sure it has an appropriate `as` value and it is preloaded intentionally. @ https://w3.ibm.com/w3publisher/devices-ibm/return-your-device:0
[56000326ms] [ERROR] Failed to load resource: net::ERR_NAME_NOT_RESOLVED @ https://w3.s81c.com/w3publisher/site-service/health/ping:0
[56000332ms] AxiosError: Network Error
    at h.onerror (https://w3.ibm.com/w3publisher/assets/site-viewer-vendor-BI3YB0Ka.js:26:17204)
    at qx.request (https://w3.ibm.com/w3publisher/assets/site-viewer-vendor-BI3YB0Ka.js:28:2131)
    at async Lh (https://w3.ibm.com/w3publisher/assets/index-M7xrVzMj.js:318:23696)
    at async qS.Rh (https://w3.ibm.com/w3publisher/assets/index-M7xrVzMj.js:318:23763)
[56003327ms] [WARNING] The resource https://w3.ibm.com/w3publisher/devices-ibm/assets/rolldown-runtime-DAXXjFlN.js was preloaded using link preload but not used within a few seconds from the window's load event. Please make sure it has an appropriate `as` value and it is preloaded intentionally. @ https://w3.ibm.com/w3publisher/devices-ibm/return-your-device:0
[56003327ms] [WARNING] The resource https://w3.ibm.com/w3publisher/devices-ibm/assets/site-viewer-vendor-BI3YB0Ka.js was preloaded using link preload but not used within a few seconds from the window's load event. Please make sure it has an appropriate `as` value and it is preloaded intentionally. @ https://w3.ibm.com/w3publisher/devices-ibm/return-your-device:0
[56900329ms] [ERROR] Failed to load resource: net::ERR_NAME_NOT_RESOLVED @ https://w3.s81c.com/w3publisher/site-service/health/ping:0
[56900332ms] AxiosError: Network Error
    at h.onerror (https://w3.ibm.com/w3publisher/assets/site-viewer-vendor-BI3YB0Ka.js:26:17204)
    at qx.request (https://w3.ibm.com/w3publisher/assets/site-viewer-vendor-BI3YB0Ka.js:28:2131)
    at async Lh (https://w3.ibm.com/w3publisher/assets/index-M7xrVzMj.js:318:23696)
    at async qS.Rh (https://w3.ibm.com/w3publisher/assets/index-M7xrVzMj.js:318:23763)
[56903332ms] [WARNING] The resource https://w3.ibm.com/w3publisher/devices-ibm/assets/rolldown-runtime-DAXXjFlN.js was preloaded using link preload but not used within a few seconds from the window's load event. Please make sure it has an appropriate `as` value and it is preloaded intentionally. @ https://w3.ibm.com/w3publisher/devices-ibm/return-your-device:0
[56903332ms] [WARNING] The resource https://w3.ibm.com/w3publisher/devices-ibm/assets/site-viewer-vendor-BI3YB0Ka.js was preloaded using link preload but not used within a few seconds from the window's load event. Please make sure it has an appropriate `as` value and it is preloaded intentionally. @ https://w3.ibm.com/w3publisher/devices-ibm/return-your-device:0
[57800385ms] [ERROR] Failed to load resource: net::ERR_NAME_NOT_RESOLVED @ https://w3.s81c.com/w3publisher/site-service/health/ping:0
[57800387ms] AxiosError: Network Error
    at h.onerror (https://w3.ibm.com/w3publisher/assets/site-viewer-vendor-BI3YB0Ka.js:26:17204)
    at qx.request (https://w3.ibm.com/w3publisher/assets/site-viewer-vendor-BI3YB0Ka.js:28:2131)
    at async Lh (https://w3.ibm.com/w3publisher/assets/index-M7xrVzMj.js:318:23696)
    at async qS.Rh (https://w3.ibm.com/w3publisher/assets/index-M7xrVzMj.js:318:23763)
[57803388ms] [WARNING] The resource https://w3.ibm.com/w3publisher/devices-ibm/assets/rolldown-runtime-DAXXjFlN.js was preloaded using link preload but not used within a few seconds from the window's load event. Please make sure it has an appropriate `as` value and it is preloaded intentionally. @ https://w3.ibm.com/w3publisher/devices-ibm/return-your-device:0
[57803388ms] [WARNING] The resource https://w3.ibm.com/w3publisher/devices-ibm/assets/site-viewer-vendor-BI3YB0Ka.js was preloaded using link preload but not used within a few seconds from the window's load event. Please make sure it has an appropriate `as` value and it is preloaded intentionally. @ https://w3.ibm.com/w3publisher/devices-ibm/return-your-device:0
[58700364ms] [ERROR] Failed to load resource: net::ERR_NAME_NOT_RESOLVED @ https://w3.s81c.com/w3publisher/site-service/health/ping:0
[58700367ms] AxiosError: Network Error
    at h.onerror (https://w3.ibm.com/w3publisher/assets/site-viewer-vendor-BI3YB0Ka.js:26:17204)
    at qx.request (https://w3.ibm.com/w3publisher/assets/site-viewer-vendor-BI3YB0Ka.js:28:2131)
    at async Lh (https://w3.ibm.com/w3publisher/assets/index-M7xrVzMj.js:318:23696)
    at async qS.Rh (https://w3.ibm.com/w3publisher/assets/index-M7xrVzMj.js:318:23763)
[58703367ms] [WARNING] The resource https://w3.ibm.com/w3publisher/devices-ibm/assets/rolldown-runtime-DAXXjFlN.js was preloaded using link preload but not used within a few seconds from the window's load event. Please make sure it has an appropriate `as` value and it is preloaded intentionally. @ https://w3.ibm.com/w3publisher/devices-ibm/return-your-device:0
[58703368ms] [WARNING] The resource https://w3.ibm.com/w3publisher/devices-ibm/assets/site-viewer-vendor-BI3YB0Ka.js was preloaded using link preload but not used within a few seconds from the window's load event. Please make sure it has an appropriate `as` value and it is preloaded intentionally. @ https://w3.ibm.com/w3publisher/devices-ibm/return-your-device:0
[59600371ms] [ERROR] Failed to load resource: net::ERR_NAME_NOT_RESOLVED @ https://w3.s81c.com/w3publisher/site-service/health/ping:0
[59600373ms] AxiosError: Network Error
    at h.onerror (https://w3.ibm.com/w3publisher/assets/site-viewer-vendor-BI3YB0Ka.js:26:17204)
    at qx.request (https://w3.ibm.com/w3publisher/assets/site-viewer-vendor-BI3YB0Ka.js:28:2131)
    at async Lh (https://w3.ibm.com/w3publisher/assets/index-M7xrVzMj.js:318:23696)
    at async qS.Rh (https://w3.ibm.com/w3publisher/assets/index-M7xrVzMj.js:318:23763)
[59603374ms] [WARNING] The resource https://w3.ibm.com/w3publisher/devices-ibm/assets/rolldown-runtime-DAXXjFlN.js was preloaded using link preload but not used within a few seconds from the window's load event. Please make sure it has an appropriate `as` value and it is preloaded intentionally. @ https://w3.ibm.com/w3publisher/devices-ibm/return-your-device:0
[59603374ms] [WARNING] The resource https://w3.ibm.com/w3publisher/devices-ibm/assets/site-viewer-vendor-BI3YB0Ka.js was preloaded using link preload but not used within a few seconds from the window's load event. Please make sure it has an appropriate `as` value and it is preloaded intentionally. @ https://w3.ibm.com/w3publisher/devices-ibm/return-your-device:0
[60500417ms] [ERROR] Failed to load resource: net::ERR_NAME_NOT_RESOLVED @ https://w3.s81c.com/w3publisher/site-service/health/ping:0
[60500420ms] AxiosError: Network Error
    at h.onerror (https://w3.ibm.com/w3publisher/assets/site-viewer-vendor-BI3YB0Ka.js:26:17204)
    at qx.request (https://w3.ibm.com/w3publisher/assets/site-viewer-vendor-BI3YB0Ka.js:28:2131)
    at async Lh (https://w3.ibm.com/w3publisher/assets/index-M7xrVzMj.js:318:23696)
    at async qS.Rh (https://w3.ibm.com/w3publisher/assets/index-M7xrVzMj.js:318:23763)
[60503420ms] [WARNING] The resource https://w3.ibm.com/w3publisher/devices-ibm/assets/rolldown-runtime-DAXXjFlN.js was preloaded using link preload but not used within a few seconds from the window's load event. Please make sure it has an appropriate `as` value and it is preloaded intentionally. @ https://w3.ibm.com/w3publisher/devices-ibm/return-your-device:0
[60503420ms] [WARNING] The resource https://w3.ibm.com/w3publisher/devices-ibm/assets/site-viewer-vendor-BI3YB0Ka.js was preloaded using link preload but not used within a few seconds from the window's load event. Please make sure it has an appropriate `as` value and it is preloaded intentionally. @ https://w3.ibm.com/w3publisher/devices-ibm/return-your-device:0
[61400446ms] [ERROR] Failed to load resource: net::ERR_NAME_NOT_RESOLVED @ https://w3.s81c.com/w3publisher/site-service/health/ping:0
[61400448ms] AxiosError: Network Error
    at h.onerror (https://w3.ibm.com/w3publisher/assets/site-viewer-vendor-BI3YB0Ka.js:26:17204)
    at qx.request (https://w3.ibm.com/w3publisher/assets/site-viewer-vendor-BI3YB0Ka.js:28:2131)
    at async Lh (https://w3.ibm.com/w3publisher/assets/index-M7xrVzMj.js:318:23696)
    at async qS.Rh (https://w3.ibm.com/w3publisher/assets/index-M7xrVzMj.js:318:23763)
[61403449ms] [WARNING] The resource https://w3.ibm.com/w3publisher/devices-ibm/assets/rolldown-runtime-DAXXjFlN.js was preloaded using link preload but not used within a few seconds from the window's load event. Please make sure it has an appropriate `as` value and it is preloaded intentionally. @ https://w3.ibm.com/w3publisher/devices-ibm/return-your-device:0
[61403449ms] [WARNING] The resource https://w3.ibm.com/w3publisher/devices-ibm/assets/site-viewer-vendor-BI3YB0Ka.js was preloaded using link preload but not used within a few seconds from the window's load event. Please make sure it has an appropriate `as` value and it is preloaded intentionally. @ https://w3.ibm.com/w3publisher/devices-ibm/return-your-device:0
[62300429ms] [ERROR] Failed to load resource: net::ERR_NAME_NOT_RESOLVED @ https://w3.s81c.com/w3publisher/site-service/health/ping:0
[62300434ms] AxiosError: Network Error
    at h.onerror (https://w3.ibm.com/w3publisher/assets/site-viewer-vendor-BI3YB0Ka.js:26:17204)
    at qx.request (https://w3.ibm.com/w3publisher/assets/site-viewer-vendor-BI3YB0Ka.js:28:2131)
    at async Lh (https://w3.ibm.com/w3publisher/assets/index-M7xrVzMj.js:318:23696)
    at async qS.Rh (https://w3.ibm.com/w3publisher/assets/index-M7xrVzMj.js:318:23763)
[62303432ms] [WARNING] The resource https://w3.ibm.com/w3publisher/devices-ibm/assets/rolldown-runtime-DAXXjFlN.js was preloaded using link preload but not used within a few seconds from the window's load event. Please make sure it has an appropriate `as` value and it is preloaded intentionally. @ https://w3.ibm.com/w3publisher/devices-ibm/return-your-device:0
[62303432ms] [WARNING] The resource https://w3.ibm.com/w3publisher/devices-ibm/assets/site-viewer-vendor-BI3YB0Ka.js was preloaded using link preload but not used within a few seconds from the window's load event. Please make sure it has an appropriate `as` value and it is preloaded intentionally. @ https://w3.ibm.com/w3publisher/devices-ibm/return-your-device:0
[63200423ms] [ERROR] Failed to load resource: net::ERR_NAME_NOT_RESOLVED @ https://w3.s81c.com/w3publisher/site-service/health/ping:0
[63200425ms] AxiosError: Network Error
    at h.onerror (https://w3.ibm.com/w3publisher/assets/site-viewer-vendor-BI3YB0Ka.js:26:17204)
    at qx.request (https://w3.ibm.com/w3publisher/assets/site-viewer-vendor-BI3YB0Ka.js:28:2131)
    at async Lh (https://w3.ibm.com/w3publisher/assets/index-M7xrVzMj.js:318:23696)
    at async qS.Rh (https://w3.ibm.com/w3publisher/assets/index-M7xrVzMj.js:318:23763)
[63203426ms] [WARNING] The resource https://w3.ibm.com/w3publisher/devices-ibm/assets/rolldown-runtime-DAXXjFlN.js was preloaded using link preload but not used within a few seconds from the window's load event. Please make sure it has an appropriate `as` value and it is preloaded intentionally. @ https://w3.ibm.com/w3publisher/devices-ibm/return-your-device:0
[63203427ms] [WARNING] The resource https://w3.ibm.com/w3publisher/devices-ibm/assets/site-viewer-vendor-BI3YB0Ka.js was preloaded using link preload but not used within a few seconds from the window's load event. Please make sure it has an appropriate `as` value and it is preloaded intentionally. @ https://w3.ibm.com/w3publisher/devices-ibm/return-your-device:0
[64100450ms] [ERROR] Failed to load resource: net::ERR_NAME_NOT_RESOLVED @ https://w3.s81c.com/w3publisher/site-service/health/ping:0
[64100452ms] AxiosError: Network Error
    at h.onerror (https://w3.ibm.com/w3publisher/assets/site-viewer-vendor-BI3YB0Ka.js:26:17204)
    at qx.request (https://w3.ibm.com/w3publisher/assets/site-viewer-vendor-BI3YB0Ka.js:28:2131)
    at async Lh (https://w3.ibm.com/w3publisher/assets/index-M7xrVzMj.js:318:23696)
    at async qS.Rh (https://w3.ibm.com/w3publisher/assets/index-M7xrVzMj.js:318:23763)
[64103453ms] [WARNING] The resource https://w3.ibm.com/w3publisher/devices-ibm/assets/rolldown-runtime-DAXXjFlN.js was preloaded using link preload but not used within a few seconds from the window's load event. Please make sure it has an appropriate `as` value and it is preloaded intentionally. @ https://w3.ibm.com/w3publisher/devices-ibm/return-your-device:0
[64103453ms] [WARNING] The resource https://w3.ibm.com/w3publisher/devices-ibm/assets/site-viewer-vendor-BI3YB0Ka.js was preloaded using link preload but not used within a few seconds from the window's load event. Please make sure it has an appropriate `as` value and it is preloaded intentionally. @ https://w3.ibm.com/w3publisher/devices-ibm/return-your-device:0
[65000456ms] [ERROR] Failed to load resource: net::ERR_NAME_NOT_RESOLVED @ https://w3.s81c.com/w3publisher/site-service/health/ping:0
[65000458ms] AxiosError: Network Error
    at h.onerror (https://w3.ibm.com/w3publisher/assets/site-viewer-vendor-BI3YB0Ka.js:26:17204)
    at qx.request (https://w3.ibm.com/w3publisher/assets/site-viewer-vendor-BI3YB0Ka.js:28:2131)
    at async Lh (https://w3.ibm.com/w3publisher/assets/index-M7xrVzMj.js:318:23696)
    at async qS.Rh (https://w3.ibm.com/w3publisher/assets/index-M7xrVzMj.js:318:23763)
[65003457ms] [WARNING] The resource https://w3.ibm.com/w3publisher/devices-ibm/assets/rolldown-runtime-DAXXjFlN.js was preloaded using link preload but not used within a few seconds from the window's load event. Please make sure it has an appropriate `as` value and it is preloaded intentionally. @ https://w3.ibm.com/w3publisher/devices-ibm/return-your-device:0
[65003458ms] [WARNING] The resource https://w3.ibm.com/w3publisher/devices-ibm/assets/site-viewer-vendor-BI3YB0Ka.js was preloaded using link preload but not used within a few seconds from the window's load event. Please make sure it has an appropriate `as` value and it is preloaded intentionally. @ https://w3.ibm.com/w3publisher/devices-ibm/return-your-device:0
[65900440ms] [ERROR] Failed to load resource: net::ERR_NAME_NOT_RESOLVED @ https://w3.s81c.com/w3publisher/site-service/health/ping:0
[65900441ms] AxiosError: Network Error
    at h.onerror (https://w3.ibm.com/w3publisher/assets/site-viewer-vendor-BI3YB0Ka.js:26:17204)
    at qx.request (https://w3.ibm.com/w3publisher/assets/site-viewer-vendor-BI3YB0Ka.js:28:2131)
    at async Lh (https://w3.ibm.com/w3publisher/assets/index-M7xrVzMj.js:318:23696)
    at async qS.Rh (https://w3.ibm.com/w3publisher/assets/index-M7xrVzMj.js:318:23763)
[65903442ms] [WARNING] The resource https://w3.ibm.com/w3publisher/devices-ibm/assets/rolldown-runtime-DAXXjFlN.js was preloaded using link preload but not used within a few seconds from the window's load event. Please make sure it has an appropriate `as` value and it is preloaded intentionally. @ https://w3.ibm.com/w3publisher/devices-ibm/return-your-device:0
[65903442ms] [WARNING] The resource https://w3.ibm.com/w3publisher/devices-ibm/assets/site-viewer-vendor-BI3YB0Ka.js was preloaded using link preload but not used within a few seconds from the window's load event. Please make sure it has an appropriate `as` value and it is preloaded intentionally. @ https://w3.ibm.com/w3publisher/devices-ibm/return-your-device:0
[66800423ms] [ERROR] Failed to load resource: net::ERR_NAME_NOT_RESOLVED @ https://w3.s81c.com/w3publisher/site-service/health/ping:0
[66800426ms] AxiosError: Network Error
    at h.onerror (https://w3.ibm.com/w3publisher/assets/site-viewer-vendor-BI3YB0Ka.js:26:17204)
    at qx.request (https://w3.ibm.com/w3publisher/assets/site-viewer-vendor-BI3YB0Ka.js:28:2131)
    at async Lh (https://w3.ibm.com/w3publisher/assets/index-M7xrVzMj.js:318:23696)
    at async qS.Rh (https://w3.ibm.com/w3publisher/assets/index-M7xrVzMj.js:318:23763)
[66803427ms] [WARNING] The resource https://w3.ibm.com/w3publisher/devices-ibm/assets/rolldown-runtime-DAXXjFlN.js was preloaded using link preload but not used within a few seconds from the window's load event. Please make sure it has an appropriate `as` value and it is preloaded intentionally. @ https://w3.ibm.com/w3publisher/devices-ibm/return-your-device:0
[66803427ms] [WARNING] The resource https://w3.ibm.com/w3publisher/devices-ibm/assets/site-viewer-vendor-BI3YB0Ka.js was preloaded using link preload but not used within a few seconds from the window's load event. Please make sure it has an appropriate `as` value and it is preloaded intentionally. @ https://w3.ibm.com/w3publisher/devices-ibm/return-your-device:0
[67700472ms] [ERROR] Failed to load resource: net::ERR_NAME_NOT_RESOLVED @ https://w3.s81c.com/w3publisher/site-service/health/ping:0
[67700473ms] AxiosError: Network Error
    at h.onerror (https://w3.ibm.com/w3publisher/assets/site-viewer-vendor-BI3YB0Ka.js:26:17204)
    at qx.request (https://w3.ibm.com/w3publisher/assets/site-viewer-vendor-BI3YB0Ka.js:28:2131)
    at async Lh (https://w3.ibm.com/w3publisher/assets/index-M7xrVzMj.js:318:23696)
    at async qS.Rh (https://w3.ibm.com/w3publisher/assets/index-M7xrVzMj.js:318:23763)
[67703474ms] [WARNING] The resource https://w3.ibm.com/w3publisher/devices-ibm/assets/rolldown-runtime-DAXXjFlN.js was preloaded using link preload but not used within a few seconds from the window's load event. Please make sure it has an appropriate `as` value and it is preloaded intentionally. @ https://w3.ibm.com/w3publisher/devices-ibm/return-your-device:0
[67703474ms] [WARNING] The resource https://w3.ibm.com/w3publisher/devices-ibm/assets/site-viewer-vendor-BI3YB0Ka.js was preloaded using link preload but not used within a few seconds from the window's load event. Please make sure it has an appropriate `as` value and it is preloaded intentionally. @ https://w3.ibm.com/w3publisher/devices-ibm/return-your-device:0
[68600457ms] [ERROR] Failed to load resource: net::ERR_NAME_NOT_RESOLVED @ https://w3.s81c.com/w3publisher/site-service/health/ping:0
[68600459ms] AxiosError: Network Error
    at h.onerror (https://w3.ibm.com/w3publisher/assets/site-viewer-vendor-BI3YB0Ka.js:26:17204)
    at qx.request (https://w3.ibm.com/w3publisher/assets/site-viewer-vendor-BI3YB0Ka.js:28:2131)
    at async Lh (https://w3.ibm.com/w3publisher/assets/index-M7xrVzMj.js:318:23696)
    at async qS.Rh (https://w3.ibm.com/w3publisher/assets/index-M7xrVzMj.js:318:23763)
[68603457ms] [WARNING] The resource https://w3.ibm.com/w3publisher/devices-ibm/assets/rolldown-runtime-DAXXjFlN.js was preloaded using link preload but not used within a few seconds from the window's load event. Please make sure it has an appropriate `as` value and it is preloaded intentionally. @ https://w3.ibm.com/w3publisher/devices-ibm/return-your-device:0
[68603458ms] [WARNING] The resource https://w3.ibm.com/w3publisher/devices-ibm/assets/site-viewer-vendor-BI3YB0Ka.js was preloaded using link preload but not used within a few seconds from the window's load event. Please make sure it has an appropriate `as` value and it is preloaded intentionally. @ https://w3.ibm.com/w3publisher/devices-ibm/return-your-device:0
[69501500ms] [ERROR] Failed to load resource: net::ERR_NAME_NOT_RESOLVED @ https://w3.s81c.com/w3publisher/site-service/health/ping:0
[69501508ms] AxiosError: Network Error
    at h.onerror (https://w3.ibm.com/w3publisher/assets/site-viewer-vendor-BI3YB0Ka.js:26:17204)
    at qx.request (https://w3.ibm.com/w3publisher/assets/site-viewer-vendor-BI3YB0Ka.js:28:2131)
    at async Lh (https://w3.ibm.com/w3publisher/assets/index-M7xrVzMj.js:318:23696)
    at async qS.Rh (https://w3.ibm.com/w3publisher/assets/index-M7xrVzMj.js:318:23763)
[69504503ms] [WARNING] The resource https://w3.ibm.com/w3publisher/devices-ibm/assets/rolldown-runtime-DAXXjFlN.js was preloaded using link preload but not used within a few seconds from the window's load event. Please make sure it has an appropriate `as` value and it is preloaded intentionally. @ https://w3.ibm.com/w3publisher/devices-ibm/return-your-device:0
[69504504ms] [WARNING] The resource https://w3.ibm.com/w3publisher/devices-ibm/assets/site-viewer-vendor-BI3YB0Ka.js was preloaded using link preload but not used within a few seconds from the window's load event. Please make sure it has an appropriate `as` value and it is preloaded intentionally. @ https://w3.ibm.com/w3publisher/devices-ibm/return-your-device:0
[70400467ms] [ERROR] Failed to load resource: net::ERR_NAME_NOT_RESOLVED @ https://w3.s81c.com/w3publisher/site-service/health/ping:0
[70400468ms] AxiosError: Network Error
    at h.onerror (https://w3.ibm.com/w3publisher/assets/site-viewer-vendor-BI3YB0Ka.js:26:17204)
    at qx.request (https://w3.ibm.com/w3publisher/assets/site-viewer-vendor-BI3YB0Ka.js:28:2131)
    at async Lh (https://w3.ibm.com/w3publisher/assets/index-M7xrVzMj.js:318:23696)
    at async qS.Rh (https://w3.ibm.com/w3publisher/assets/index-M7xrVzMj.js:318:23763)
[70403469ms] [WARNING] The resource https://w3.ibm.com/w3publisher/devices-ibm/assets/rolldown-runtime-DAXXjFlN.js was preloaded using link preload but not used within a few seconds from the window's load event. Please make sure it has an appropriate `as` value and it is preloaded intentionally. @ https://w3.ibm.com/w3publisher/devices-ibm/return-your-device:0
[70403469ms] [WARNING] The resource https://w3.ibm.com/w3publisher/devices-ibm/assets/site-viewer-vendor-BI3YB0Ka.js was preloaded using link preload but not used within a few seconds from the window's load event. Please make sure it has an appropriate `as` value and it is preloaded intentionally. @ https://w3.ibm.com/w3publisher/devices-ibm/return-your-device:0
[71300528ms] [ERROR] Failed to load resource: net::ERR_NAME_NOT_RESOLVED @ https://w3.s81c.com/w3publisher/site-service/health/ping:0
[71300530ms] AxiosError: Network Error
    at h.onerror (https://w3.ibm.com/w3publisher/assets/site-viewer-vendor-BI3YB0Ka.js:26:17204)
    at qx.request (https://w3.ibm.com/w3publisher/assets/site-viewer-vendor-BI3YB0Ka.js:28:2131)
    at async Lh (https://w3.ibm.com/w3publisher/assets/index-M7xrVzMj.js:318:23696)
    at async qS.Rh (https://w3.ibm.com/w3publisher/assets/index-M7xrVzMj.js:318:23763)
[71303530ms] [WARNING] The resource https://w3.ibm.com/w3publisher/devices-ibm/assets/rolldown-runtime-DAXXjFlN.js was preloaded using link preload but not used within a few seconds from the window's load event. Please make sure it has an appropriate `as` value and it is preloaded intentionally. @ https://w3.ibm.com/w3publisher/devices-ibm/return-your-device:0
[71303530ms] [WARNING] The resource https://w3.ibm.com/w3publisher/devices-ibm/assets/site-viewer-vendor-BI3YB0Ka.js was preloaded using link preload but not used within a few seconds from the window's load event. Please make sure it has an appropriate `as` value and it is preloaded intentionally. @ https://w3.ibm.com/w3publisher/devices-ibm/return-your-device:0
[72200528ms] [ERROR] Failed to load resource: net::ERR_NAME_NOT_RESOLVED @ https://w3.s81c.com/w3publisher/site-service/health/ping:0
[72200531ms] AxiosError: Network Error
    at h.onerror (https://w3.ibm.com/w3publisher/assets/site-viewer-vendor-BI3YB0Ka.js:26:17204)
    at qx.request (https://w3.ibm.com/w3publisher/assets/site-viewer-vendor-BI3YB0Ka.js:28:2131)
    at async Lh (https://w3.ibm.com/w3publisher/assets/index-M7xrVzMj.js:318:23696)
    at async qS.Rh (https://w3.ibm.com/w3publisher/assets/index-M7xrVzMj.js:318:23763)
[72203531ms] [WARNING] The resource https://w3.ibm.com/w3publisher/devices-ibm/assets/rolldown-runtime-DAXXjFlN.js was preloaded using link preload but not used within a few seconds from the window's load event. Please make sure it has an appropriate `as` value and it is preloaded intentionally. @ https://w3.ibm.com/w3publisher/devices-ibm/return-your-device:0
[72203531ms] [WARNING] The resource https://w3.ibm.com/w3publisher/devices-ibm/assets/site-viewer-vendor-BI3YB0Ka.js was preloaded using link preload but not used within a few seconds from the window's load event. Please make sure it has an appropriate `as` value and it is preloaded intentionally. @ https://w3.ibm.com/w3publisher/devices-ibm/return-your-device:0
[73100502ms] [ERROR] Failed to load resource: net::ERR_NAME_NOT_RESOLVED @ https://w3.s81c.com/w3publisher/site-service/health/ping:0
[73100503ms] AxiosError: Network Error
    at h.onerror (https://w3.ibm.com/w3publisher/assets/site-viewer-vendor-BI3YB0Ka.js:26:17204)
    at qx.request (https://w3.ibm.com/w3publisher/assets/site-viewer-vendor-BI3YB0Ka.js:28:2131)
    at async Lh (https://w3.ibm.com/w3publisher/assets/index-M7xrVzMj.js:318:23696)
    at async qS.Rh (https://w3.ibm.com/w3publisher/assets/index-M7xrVzMj.js:318:23763)
[73103504ms] [WARNING] The resource https://w3.ibm.com/w3publisher/devices-ibm/assets/rolldown-runtime-DAXXjFlN.js was preloaded using link preload but not used within a few seconds from the window's load event. Please make sure it has an appropriate `as` value and it is preloaded intentionally. @ https://w3.ibm.com/w3publisher/devices-ibm/return-your-device:0
[73103505ms] [WARNING] The resource https://w3.ibm.com/w3publisher/devices-ibm/assets/site-viewer-vendor-BI3YB0Ka.js was preloaded using link preload but not used within a few seconds from the window's load event. Please make sure it has an appropriate `as` value and it is preloaded intentionally. @ https://w3.ibm.com/w3publisher/devices-ibm/return-your-device:0
[74000526ms] [ERROR] Failed to load resource: net::ERR_NAME_NOT_RESOLVED @ https://w3.s81c.com/w3publisher/site-service/health/ping:0
[74000531ms] AxiosError: Network Error
    at h.onerror (https://w3.ibm.com/w3publisher/assets/site-viewer-vendor-BI3YB0Ka.js:26:17204)
    at qx.request (https://w3.ibm.com/w3publisher/assets/site-viewer-vendor-BI3YB0Ka.js:28:2131)
    at async Lh (https://w3.ibm.com/w3publisher/assets/index-M7xrVzMj.js:318:23696)
    at async qS.Rh (https://w3.ibm.com/w3publisher/assets/index-M7xrVzMj.js:318:23763)
[74003527ms] [WARNING] The resource https://w3.ibm.com/w3publisher/devices-ibm/assets/rolldown-runtime-DAXXjFlN.js was preloaded using link preload but not used within a few seconds from the window's load event. Please make sure it has an appropriate `as` value and it is preloaded intentionally. @ https://w3.ibm.com/w3publisher/devices-ibm/return-your-device:0
[74003528ms] [WARNING] The resource https://w3.ibm.com/w3publisher/devices-ibm/assets/site-viewer-vendor-BI3YB0Ka.js was preloaded using link preload but not used within a few seconds from the window's load event. Please make sure it has an appropriate `as` value and it is preloaded intentionally. @ https://w3.ibm.com/w3publisher/devices-ibm/return-your-device:0
[74900576ms] [ERROR] Failed to load resource: net::ERR_NAME_NOT_RESOLVED @ https://w3.s81c.com/w3publisher/site-service/health/ping:0
[74900578ms] AxiosError: Network Error
    at h.onerror (https://w3.ibm.com/w3publisher/assets/site-viewer-vendor-BI3YB0Ka.js:26:17204)
    at qx.request (https://w3.ibm.com/w3publisher/assets/site-viewer-vendor-BI3YB0Ka.js:28:2131)
    at async Lh (https://w3.ibm.com/w3publisher/assets/index-M7xrVzMj.js:318:23696)
    at async qS.Rh (https://w3.ibm.com/w3publisher/assets/index-M7xrVzMj.js:318:23763)
[74903579ms] [WARNING] The resource https://w3.ibm.com/w3publisher/devices-ibm/assets/rolldown-runtime-DAXXjFlN.js was preloaded using link preload but not used within a few seconds from the window's load event. Please make sure it has an appropriate `as` value and it is preloaded intentionally. @ https://w3.ibm.com/w3publisher/devices-ibm/return-your-device:0
[74903580ms] [WARNING] The resource https://w3.ibm.com/w3publisher/devices-ibm/assets/site-viewer-vendor-BI3YB0Ka.js was preloaded using link preload but not used within a few seconds from the window's load event. Please make sure it has an appropriate `as` value and it is preloaded intentionally. @ https://w3.ibm.com/w3publisher/devices-ibm/return-your-device:0
[75800571ms] [ERROR] Failed to load resource: net::ERR_NAME_NOT_RESOLVED @ https://w3.s81c.com/w3publisher/site-service/health/ping:0
[75800573ms] AxiosError: Network Error
    at h.onerror (https://w3.ibm.com/w3publisher/assets/site-viewer-vendor-BI3YB0Ka.js:26:17204)
    at qx.request (https://w3.ibm.com/w3publisher/assets/site-viewer-vendor-BI3YB0Ka.js:28:2131)
    at async Lh (https://w3.ibm.com/w3publisher/assets/index-M7xrVzMj.js:318:23696)
    at async qS.Rh (https://w3.ibm.com/w3publisher/assets/index-M7xrVzMj.js:318:23763)
[75803574ms] [WARNING] The resource https://w3.ibm.com/w3publisher/devices-ibm/assets/rolldown-runtime-DAXXjFlN.js was preloaded using link preload but not used within a few seconds from the window's load event. Please make sure it has an appropriate `as` value and it is preloaded intentionally. @ https://w3.ibm.com/w3publisher/devices-ibm/return-your-device:0
[75803574ms] [WARNING] The resource https://w3.ibm.com/w3publisher/devices-ibm/assets/site-viewer-vendor-BI3YB0Ka.js was preloaded using link preload but not used within a few seconds from the window's load event. Please make sure it has an appropriate `as` value and it is preloaded intentionally. @ https://w3.ibm.com/w3publisher/devices-ibm/return-your-device:0
[76700549ms] [ERROR] Failed to load resource: net::ERR_NAME_NOT_RESOLVED @ https://w3.s81c.com/w3publisher/site-service/health/ping:0
[76700552ms] AxiosError: Network Error
    at h.onerror (https://w3.ibm.com/w3publisher/assets/site-viewer-vendor-BI3YB0Ka.js:26:17204)
    at qx.request (https://w3.ibm.com/w3publisher/assets/site-viewer-vendor-BI3YB0Ka.js:28:2131)
    at async Lh (https://w3.ibm.com/w3publisher/assets/index-M7xrVzMj.js:318:23696)
    at async qS.Rh (https://w3.ibm.com/w3publisher/assets/index-M7xrVzMj.js:318:23763)
[76703552ms] [WARNING] The resource https://w3.ibm.com/w3publisher/devices-ibm/assets/rolldown-runtime-DAXXjFlN.js was preloaded using link preload but not used within a few seconds from the window's load event. Please make sure it has an appropriate `as` value and it is preloaded intentionally. @ https://w3.ibm.com/w3publisher/devices-ibm/return-your-device:0
[76703553ms] [WARNING] The resource https://w3.ibm.com/w3publisher/devices-ibm/assets/site-viewer-vendor-BI3YB0Ka.js was preloaded using link preload but not used within a few seconds from the window's load event. Please make sure it has an appropriate `as` value and it is preloaded intentionally. @ https://w3.ibm.com/w3publisher/devices-ibm/return-your-device:0
[77600496ms] [ERROR] Failed to load resource: net::ERR_NAME_NOT_RESOLVED @ https://w3.s81c.com/w3publisher/site-service/health/ping:0
[77600498ms] AxiosError: Network Error
    at h.onerror (https://w3.ibm.com/w3publisher/assets/site-viewer-vendor-BI3YB0Ka.js:26:17204)
    at qx.request (https://w3.ibm.com/w3publisher/assets/site-viewer-vendor-BI3YB0Ka.js:28:2131)
    at async Lh (https://w3.ibm.com/w3publisher/assets/index-M7xrVzMj.js:318:23696)
    at async qS.Rh (https://w3.ibm.com/w3publisher/assets/index-M7xrVzMj.js:318:23763)
[77603499ms] [WARNING] The resource https://w3.ibm.com/w3publisher/devices-ibm/assets/rolldown-runtime-DAXXjFlN.js was preloaded using link preload but not used within a few seconds from the window's load event. Please make sure it has an appropriate `as` value and it is preloaded intentionally. @ https://w3.ibm.com/w3publisher/devices-ibm/return-your-device:0
[77603500ms] [WARNING] The resource https://w3.ibm.com/w3publisher/devices-ibm/assets/site-viewer-vendor-BI3YB0Ka.js was preloaded using link preload but not used within a few seconds from the window's load event. Please make sure it has an appropriate `as` value and it is preloaded intentionally. @ https://w3.ibm.com/w3publisher/devices-ibm/return-your-device:0
[78500523ms] [ERROR] Failed to load resource: net::ERR_NAME_NOT_RESOLVED @ https://w3.s81c.com/w3publisher/site-service/health/ping:0
[78500524ms] AxiosError: Network Error
    at h.onerror (https://w3.ibm.com/w3publisher/assets/site-viewer-vendor-BI3YB0Ka.js:26:17204)
    at qx.request (https://w3.ibm.com/w3publisher/assets/site-viewer-vendor-BI3YB0Ka.js:28:2131)
    at async Lh (https://w3.ibm.com/w3publisher/assets/index-M7xrVzMj.js:318:23696)
    at async qS.Rh (https://w3.ibm.com/w3publisher/assets/index-M7xrVzMj.js:318:23763)
[78503524ms] [WARNING] The resource https://w3.ibm.com/w3publisher/devices-ibm/assets/rolldown-runtime-DAXXjFlN.js was preloaded using link preload but not used within a few seconds from the window's load event. Please make sure it has an appropriate `as` value and it is preloaded intentionally. @ https://w3.ibm.com/w3publisher/devices-ibm/return-your-device:0
[78503525ms] [WARNING] The resource https://w3.ibm.com/w3publisher/devices-ibm/assets/site-viewer-vendor-BI3YB0Ka.js was preloaded using link preload but not used within a few seconds from the window's load event. Please make sure it has an appropriate `as` value and it is preloaded intentionally. @ https://w3.ibm.com/w3publisher/devices-ibm/return-your-device:0
[79400541ms] [ERROR] Failed to load resource: net::ERR_NAME_NOT_RESOLVED @ https://w3.s81c.com/w3publisher/site-service/health/ping:0
[79400545ms] AxiosError: Network Error
    at h.onerror (https://w3.ibm.com/w3publisher/assets/site-viewer-vendor-BI3YB0Ka.js:26:17204)
    at qx.request (https://w3.ibm.com/w3publisher/assets/site-viewer-vendor-BI3YB0Ka.js:28:2131)
    at async Lh (https://w3.ibm.com/w3publisher/assets/index-M7xrVzMj.js:318:23696)
    at async qS.Rh (https://w3.ibm.com/w3publisher/assets/index-M7xrVzMj.js:318:23763)
[79403543ms] [WARNING] The resource https://w3.ibm.com/w3publisher/devices-ibm/assets/rolldown-runtime-DAXXjFlN.js was preloaded using link preload but not used within a few seconds from the window's load event. Please make sure it has an appropriate `as` value and it is preloaded intentionally. @ https://w3.ibm.com/w3publisher/devices-ibm/return-your-device:0
[79403543ms] [WARNING] The resource https://w3.ibm.com/w3publisher/devices-ibm/assets/site-viewer-vendor-BI3YB0Ka.js was preloaded using link preload but not used within a few seconds from the window's load event. Please make sure it has an appropriate `as` value and it is preloaded intentionally. @ https://w3.ibm.com/w3publisher/devices-ibm/return-your-device:0
[80576909ms] [ERROR] Failed to load resource: net::ERR_NAME_NOT_RESOLVED @ https://w3.s81c.com/w3publisher/site-service/health/ping:0
[80576911ms] AxiosError: Network Error
    at h.onerror (https://w3.ibm.com/w3publisher/assets/site-viewer-vendor-BI3YB0Ka.js:26:17204)
    at qx.request (https://w3.ibm.com/w3publisher/assets/site-viewer-vendor-BI3YB0Ka.js:28:2131)
    at async Lh (https://w3.ibm.com/w3publisher/assets/index-M7xrVzMj.js:318:23696)
    at async qS.Rh (https://w3.ibm.com/w3publisher/assets/index-M7xrVzMj.js:318:23763)
[80579912ms] [WARNING] The resource https://w3.ibm.com/w3publisher/devices-ibm/assets/rolldown-runtime-DAXXjFlN.js was preloaded using link preload but not used within a few seconds from the window's load event. Please make sure it has an appropriate `as` value and it is preloaded intentionally. @ https://w3.ibm.com/w3publisher/devices-ibm/return-your-device:0
[80579912ms] [WARNING] The resource https://w3.ibm.com/w3publisher/devices-ibm/assets/site-viewer-vendor-BI3YB0Ka.js was preloaded using link preload but not used within a few seconds from the window's load event. Please make sure it has an appropriate `as` value and it is preloaded intentionally. @ https://w3.ibm.com/w3publisher/devices-ibm/return-your-device:0
[82123411ms] [ERROR] Failed to load resource: net::ERR_NAME_NOT_RESOLVED @ https://w3.s81c.com/w3publisher/site-service/health/ping:0
[82123414ms] AxiosError: Network Error
    at h.onerror (https://w3.ibm.com/w3publisher/assets/site-viewer-vendor-BI3YB0Ka.js:26:17204)
    at qx.request (https://w3.ibm.com/w3publisher/assets/site-viewer-vendor-BI3YB0Ka.js:28:2131)
    at async Lh (https://w3.ibm.com/w3publisher/assets/index-M7xrVzMj.js:318:23696)
    at async qS.Rh (https://w3.ibm.com/w3publisher/assets/index-M7xrVzMj.js:318:23763)
[82126412ms] [WARNING] The resource https://w3.ibm.com/w3publisher/devices-ibm/assets/rolldown-runtime-DAXXjFlN.js was preloaded using link preload but not used within a few seconds from the window's load event. Please make sure it has an appropriate `as` value and it is preloaded intentionally. @ https://w3.ibm.com/w3publisher/devices-ibm/return-your-device:0
[82126412ms] [WARNING] The resource https://w3.ibm.com/w3publisher/devices-ibm/assets/site-viewer-vendor-BI3YB0Ka.js was preloaded using link preload but not used within a few seconds from the window's load event. Please make sure it has an appropriate `as` value and it is preloaded intentionally. @ https://w3.ibm.com/w3publisher/devices-ibm/return-your-device:0
[84123743ms] [ERROR] Failed to load resource: net::ERR_NAME_NOT_RESOLVED @ https://w3.s81c.com/w3publisher/site-service/health/ping:0
[84123746ms] AxiosError: Network Error
    at h.onerror (https://w3.ibm.com/w3publisher/assets/site-viewer-vendor-BI3YB0Ka.js:26:17204)
    at qx.request (https://w3.ibm.com/w3publisher/assets/site-viewer-vendor-BI3YB0Ka.js:28:2131)
    at async Lh (https://w3.ibm.com/w3publisher/assets/index-M7xrVzMj.js:318:23696)
    at async qS.Rh (https://w3.ibm.com/w3publisher/assets/index-M7xrVzMj.js:318:23763)
[84126746ms] [WARNING] The resource https://w3.ibm.com/w3publisher/devices-ibm/assets/rolldown-runtime-DAXXjFlN.js was preloaded using link preload but not used within a few seconds from the window's load event. Please make sure it has an appropriate `as` value and it is preloaded intentionally. @ https://w3.ibm.com/w3publisher/devices-ibm/return-your-device:0
[84126746ms] [WARNING] The resource https://w3.ibm.com/w3publisher/devices-ibm/assets/site-viewer-vendor-BI3YB0Ka.js was preloaded using link preload but not used within a few seconds from the window's load event. Please make sure it has an appropriate `as` value and it is preloaded intentionally. @ https://w3.ibm.com/w3publisher/devices-ibm/return-your-device:0
[88011095ms] [ERROR] Failed to load resource: net::ERR_NAME_NOT_RESOLVED @ https://w3.s81c.com/w3publisher/site-service/health/ping:0
[88011096ms] AxiosError: Network Error
    at h.onerror (https://w3.ibm.com/w3publisher/assets/site-viewer-vendor-BI3YB0Ka.js:26:17204)
    at qx.request (https://w3.ibm.com/w3publisher/assets/site-viewer-vendor-BI3YB0Ka.js:28:2131)
    at async Lh (https://w3.ibm.com/w3publisher/assets/index-M7xrVzMj.js:318:23696)
    at async qS.Rh (https://w3.ibm.com/w3publisher/assets/index-M7xrVzMj.js:318:23763)
[88037691ms] [WARNING] The resource https://w3.ibm.com/w3publisher/devices-ibm/assets/rolldown-runtime-DAXXjFlN.js was preloaded using link preload but not used within a few seconds from the window's load event. Please make sure it has an appropriate `as` value and it is preloaded intentionally. @ https://w3.ibm.com/w3publisher/devices-ibm/return-your-device:0
[88037692ms] [WARNING] The resource https://w3.ibm.com/w3publisher/devices-ibm/assets/site-viewer-vendor-BI3YB0Ka.js was preloaded using link preload but not used within a few seconds from the window's load event. Please make sure it has an appropriate `as` value and it is preloaded intentionally. @ https://w3.ibm.com/w3publisher/devices-ibm/return-your-device:0
[90658227ms] [ERROR] Failed to load resource: net::ERR_NAME_NOT_RESOLVED @ https://w3.s81c.com/w3publisher/site-service/health/ping:0
[90658229ms] AxiosError: Network Error
    at h.onerror (https://w3.ibm.com/w3publisher/assets/site-viewer-vendor-BI3YB0Ka.js:26:17204)
    at qx.request (https://w3.ibm.com/w3publisher/assets/site-viewer-vendor-BI3YB0Ka.js:28:2131)
    at async Lh (https://w3.ibm.com/w3publisher/assets/index-M7xrVzMj.js:318:23696)
    at async qS.Rh (https://w3.ibm.com/w3publisher/assets/index-M7xrVzMj.js:318:23763)
[90661229ms] [WARNING] The resource https://w3.ibm.com/w3publisher/devices-ibm/assets/rolldown-runtime-DAXXjFlN.js was preloaded using link preload but not used within a few seconds from the window's load event. Please make sure it has an appropriate `as` value and it is preloaded intentionally. @ https://w3.ibm.com/w3publisher/devices-ibm/return-your-device:0
[90661230ms] [WARNING] The resource https://w3.ibm.com/w3publisher/devices-ibm/assets/site-viewer-vendor-BI3YB0Ka.js was preloaded using link preload but not used within a few seconds from the window's load event. Please make sure it has an appropriate `as` value and it is preloaded intentionally. @ https://w3.ibm.com/w3publisher/devices-ibm/return-your-device:0
[91558296ms] [ERROR] Failed to load resource: net::ERR_NAME_NOT_RESOLVED @ https://w3.s81c.com/w3publisher/site-service/health/ping:0
[91558297ms] AxiosError: Network Error
    at h.onerror (https://w3.ibm.com/w3publisher/assets/site-viewer-vendor-BI3YB0Ka.js:26:17204)
    at qx.request (https://w3.ibm.com/w3publisher/assets/site-viewer-vendor-BI3YB0Ka.js:28:2131)
    at async Lh (https://w3.ibm.com/w3publisher/assets/index-M7xrVzMj.js:318:23696)
    at async qS.Rh (https://w3.ibm.com/w3publisher/assets/index-M7xrVzMj.js:318:23763)
[91561298ms] [WARNING] The resource https://w3.ibm.com/w3publisher/devices-ibm/assets/rolldown-runtime-DAXXjFlN.js was preloaded using link preload but not used within a few seconds from the window's load event. Please make sure it has an appropriate `as` value and it is preloaded intentionally. @ https://w3.ibm.com/w3publisher/devices-ibm/return-your-device:0
[91561298ms] [WARNING] The resource https://w3.ibm.com/w3publisher/devices-ibm/assets/site-viewer-vendor-BI3YB0Ka.js was preloaded using link preload but not used within a few seconds from the window's load event. Please make sure it has an appropriate `as` value and it is preloaded intentionally. @ https://w3.ibm.com/w3publisher/devices-ibm/return-your-device:0
[92458286ms] [ERROR] Failed to load resource: net::ERR_NAME_NOT_RESOLVED @ https://w3.s81c.com/w3publisher/site-service/health/ping:0
[92458288ms] AxiosError: Network Error
    at h.onerror (https://w3.ibm.com/w3publisher/assets/site-viewer-vendor-BI3YB0Ka.js:26:17204)
    at qx.request (https://w3.ibm.com/w3publisher/assets/site-viewer-vendor-BI3YB0Ka.js:28:2131)
    at async Lh (https://w3.ibm.com/w3publisher/assets/index-M7xrVzMj.js:318:23696)
    at async qS.Rh (https://w3.ibm.com/w3publisher/assets/index-M7xrVzMj.js:318:23763)
[92461288ms] [WARNING] The resource https://w3.ibm.com/w3publisher/devices-ibm/assets/rolldown-runtime-DAXXjFlN.js was preloaded using link preload but not used within a few seconds from the window's load event. Please make sure it has an appropriate `as` value and it is preloaded intentionally. @ https://w3.ibm.com/w3publisher/devices-ibm/return-your-device:0
[92461288ms] [WARNING] The resource https://w3.ibm.com/w3publisher/devices-ibm/assets/site-viewer-vendor-BI3YB0Ka.js was preloaded using link preload but not used within a few seconds from the window's load event. Please make sure it has an appropriate `as` value and it is preloaded intentionally. @ https://w3.ibm.com/w3publisher/devices-ibm/return-your-device:0
[93358248ms] [ERROR] Failed to load resource: net::ERR_NAME_NOT_RESOLVED @ https://w3.s81c.com/w3publisher/site-service/health/ping:0
[93358256ms] AxiosError: Network Error
    at h.onerror (https://w3.ibm.com/w3publisher/assets/site-viewer-vendor-BI3YB0Ka.js:26:17204)
    at qx.request (https://w3.ibm.com/w3publisher/assets/site-viewer-vendor-BI3YB0Ka.js:28:2131)
    at async Lh (https://w3.ibm.com/w3publisher/assets/index-M7xrVzMj.js:318:23696)
    at async qS.Rh (https://w3.ibm.com/w3publisher/assets/index-M7xrVzMj.js:318:23763)
[93361250ms] [WARNING] The resource https://w3.ibm.com/w3publisher/devices-ibm/assets/rolldown-runtime-DAXXjFlN.js was preloaded using link preload but not used within a few seconds from the window's load event. Please make sure it has an appropriate `as` value and it is preloaded intentionally. @ https://w3.ibm.com/w3publisher/devices-ibm/return-your-device:0
[93361251ms] [WARNING] The resource https://w3.ibm.com/w3publisher/devices-ibm/assets/site-viewer-vendor-BI3YB0Ka.js was preloaded using link preload but not used within a few seconds from the window's load event. Please make sure it has an appropriate `as` value and it is preloaded intentionally. @ https://w3.ibm.com/w3publisher/devices-ibm/return-your-device:0
[94258284ms] [ERROR] Failed to load resource: net::ERR_NAME_NOT_RESOLVED @ https://w3.s81c.com/w3publisher/site-service/health/ping:0
[94258285ms] AxiosError: Network Error
    at h.onerror (https://w3.ibm.com/w3publisher/assets/site-viewer-vendor-BI3YB0Ka.js:26:17204)
    at qx.request (https://w3.ibm.com/w3publisher/assets/site-viewer-vendor-BI3YB0Ka.js:28:2131)
    at async Lh (https://w3.ibm.com/w3publisher/assets/index-M7xrVzMj.js:318:23696)
    at async qS.Rh (https://w3.ibm.com/w3publisher/assets/index-M7xrVzMj.js:318:23763)
[94261285ms] [WARNING] The resource https://w3.ibm.com/w3publisher/devices-ibm/assets/rolldown-runtime-DAXXjFlN.js was preloaded using link preload but not used within a few seconds from the window's load event. Please make sure it has an appropriate `as` value and it is preloaded intentionally. @ https://w3.ibm.com/w3publisher/devices-ibm/return-your-device:0
[94261285ms] [WARNING] The resource https://w3.ibm.com/w3publisher/devices-ibm/assets/site-viewer-vendor-BI3YB0Ka.js was preloaded using link preload but not used within a few seconds from the window's load event. Please make sure it has an appropriate `as` value and it is preloaded intentionally. @ https://w3.ibm.com/w3publisher/devices-ibm/return-your-device:0
[95158251ms] [ERROR] Failed to load resource: net::ERR_NAME_NOT_RESOLVED @ https://w3.s81c.com/w3publisher/site-service/health/ping:0
[95158253ms] AxiosError: Network Error
    at h.onerror (https://w3.ibm.com/w3publisher/assets/site-viewer-vendor-BI3YB0Ka.js:26:17204)
    at qx.request (https://w3.ibm.com/w3publisher/assets/site-viewer-vendor-BI3YB0Ka.js:28:2131)
    at async Lh (https://w3.ibm.com/w3publisher/assets/index-M7xrVzMj.js:318:23696)
    at async qS.Rh (https://w3.ibm.com/w3publisher/assets/index-M7xrVzMj.js:318:23763)
[95161253ms] [WARNING] The resource https://w3.ibm.com/w3publisher/devices-ibm/assets/rolldown-runtime-DAXXjFlN.js was preloaded using link preload but not used within a few seconds from the window's load event. Please make sure it has an appropriate `as` value and it is preloaded intentionally. @ https://w3.ibm.com/w3publisher/devices-ibm/return-your-device:0
[95161253ms] [WARNING] The resource https://w3.ibm.com/w3publisher/devices-ibm/assets/site-viewer-vendor-BI3YB0Ka.js was preloaded using link preload but not used within a few seconds from the window's load event. Please make sure it has an appropriate `as` value and it is preloaded intentionally. @ https://w3.ibm.com/w3publisher/devices-ibm/return-your-device:0
[96058304ms] [ERROR] Failed to load resource: net::ERR_NAME_NOT_RESOLVED @ https://w3.s81c.com/w3publisher/site-service/health/ping:0
[96058307ms] AxiosError: Network Error
    at h.onerror (https://w3.ibm.com/w3publisher/assets/site-viewer-vendor-BI3YB0Ka.js:26:17204)
    at qx.request (https://w3.ibm.com/w3publisher/assets/site-viewer-vendor-BI3YB0Ka.js:28:2131)
    at async Lh (https://w3.ibm.com/w3publisher/assets/index-M7xrVzMj.js:318:23696)
    at async qS.Rh (https://w3.ibm.com/w3publisher/assets/index-M7xrVzMj.js:318:23763)
[96061307ms] [WARNING] The resource https://w3.ibm.com/w3publisher/devices-ibm/assets/rolldown-runtime-DAXXjFlN.js was preloaded using link preload but not used within a few seconds from the window's load event. Please make sure it has an appropriate `as` value and it is preloaded intentionally. @ https://w3.ibm.com/w3publisher/devices-ibm/return-your-device:0
[96061307ms] [WARNING] The resource https://w3.ibm.com/w3publisher/devices-ibm/assets/site-viewer-vendor-BI3YB0Ka.js was preloaded using link preload but not used within a few seconds from the window's load event. Please make sure it has an appropriate `as` value and it is preloaded intentionally. @ https://w3.ibm.com/w3publisher/devices-ibm/return-your-device:0
[96958249ms] [ERROR] Failed to load resource: net::ERR_NAME_NOT_RESOLVED @ https://w3.s81c.com/w3publisher/site-service/health/ping:0
[96958253ms] AxiosError: Network Error
    at h.onerror (https://w3.ibm.com/w3publisher/assets/site-viewer-vendor-BI3YB0Ka.js:26:17204)
    at qx.request (https://w3.ibm.com/w3publisher/assets/site-viewer-vendor-BI3YB0Ka.js:28:2131)
    at async Lh (https://w3.ibm.com/w3publisher/assets/index-M7xrVzMj.js:318:23696)
    at async qS.Rh (https://w3.ibm.com/w3publisher/assets/index-M7xrVzMj.js:318:23763)
[96961251ms] [WARNING] The resource https://w3.ibm.com/w3publisher/devices-ibm/assets/rolldown-runtime-DAXXjFlN.js was preloaded using link preload but not used within a few seconds from the window's load event. Please make sure it has an appropriate `as` value and it is preloaded intentionally. @ https://w3.ibm.com/w3publisher/devices-ibm/return-your-device:0
[96961252ms] [WARNING] The resource https://w3.ibm.com/w3publisher/devices-ibm/assets/site-viewer-vendor-BI3YB0Ka.js was preloaded using link preload but not used within a few seconds from the window's load event. Please make sure it has an appropriate `as` value and it is preloaded intentionally. @ https://w3.ibm.com/w3publisher/devices-ibm/return-your-device:0
[97858282ms] [ERROR] Failed to load resource: net::ERR_NAME_NOT_RESOLVED @ https://w3.s81c.com/w3publisher/site-service/health/ping:0
[97858284ms] AxiosError: Network Error
    at h.onerror (https://w3.ibm.com/w3publisher/assets/site-viewer-vendor-BI3YB0Ka.js:26:17204)
    at qx.request (https://w3.ibm.com/w3publisher/assets/site-viewer-vendor-BI3YB0Ka.js:28:2131)
    at async Lh (https://w3.ibm.com/w3publisher/assets/index-M7xrVzMj.js:318:23696)
    at async qS.Rh (https://w3.ibm.com/w3publisher/assets/index-M7xrVzMj.js:318:23763)
[97861283ms] [WARNING] The resource https://w3.ibm.com/w3publisher/devices-ibm/assets/rolldown-runtime-DAXXjFlN.js was preloaded using link preload but not used within a few seconds from the window's load event. Please make sure it has an appropriate `as` value and it is preloaded intentionally. @ https://w3.ibm.com/w3publisher/devices-ibm/return-your-device:0
[97861283ms] [WARNING] The resource https://w3.ibm.com/w3publisher/devices-ibm/assets/site-viewer-vendor-BI3YB0Ka.js was preloaded using link preload but not used within a few seconds from the window's load event. Please make sure it has an appropriate `as` value and it is preloaded intentionally. @ https://w3.ibm.com/w3publisher/devices-ibm/return-your-device:0
[98758281ms] [ERROR] Failed to load resource: net::ERR_NAME_NOT_RESOLVED @ https://w3.s81c.com/w3publisher/site-service/health/ping:0
[98758282ms] AxiosError: Network Error
    at h.onerror (https://w3.ibm.com/w3publisher/assets/site-viewer-vendor-BI3YB0Ka.js:26:17204)
    at qx.request (https://w3.ibm.com/w3publisher/assets/site-viewer-vendor-BI3YB0Ka.js:28:2131)
    at async Lh (https://w3.ibm.com/w3publisher/assets/index-M7xrVzMj.js:318:23696)
    at async qS.Rh (https://w3.ibm.com/w3publisher/assets/index-M7xrVzMj.js:318:23763)
[98761283ms] [WARNING] The resource https://w3.ibm.com/w3publisher/devices-ibm/assets/rolldown-runtime-DAXXjFlN.js was preloaded using link preload but not used within a few seconds from the window's load event. Please make sure it has an appropriate `as` value and it is preloaded intentionally. @ https://w3.ibm.com/w3publisher/devices-ibm/return-your-device:0
[98761283ms] [WARNING] The resource https://w3.ibm.com/w3publisher/devices-ibm/assets/site-viewer-vendor-BI3YB0Ka.js was preloaded using link preload but not used within a few seconds from the window's load event. Please make sure it has an appropriate `as` value and it is preloaded intentionally. @ https://w3.ibm.com/w3publisher/devices-ibm/return-your-device:0
[99658380ms] [ERROR] Failed to load resource: net::ERR_NAME_NOT_RESOLVED @ https://w3.s81c.com/w3publisher/site-service/health/ping:0
[99658383ms] AxiosError: Network Error
    at h.onerror (https://w3.ibm.com/w3publisher/assets/site-viewer-vendor-BI3YB0Ka.js:26:17204)
    at qx.request (https://w3.ibm.com/w3publisher/assets/site-viewer-vendor-BI3YB0Ka.js:28:2131)
    at async Lh (https://w3.ibm.com/w3publisher/assets/index-M7xrVzMj.js:318:23696)
    at async qS.Rh (https://w3.ibm.com/w3publisher/assets/index-M7xrVzMj.js:318:23763)
[99661382ms] [WARNING] The resource https://w3.ibm.com/w3publisher/devices-ibm/assets/rolldown-runtime-DAXXjFlN.js was preloaded using link preload but not used within a few seconds from the window's load event. Please make sure it has an appropriate `as` value and it is preloaded intentionally. @ https://w3.ibm.com/w3publisher/devices-ibm/return-your-device:0
[99661382ms] [WARNING] The resource https://w3.ibm.com/w3publisher/devices-ibm/assets/site-viewer-vendor-BI3YB0Ka.js was preloaded using link preload but not used within a few seconds from the window's load event. Please make sure it has an appropriate `as` value and it is preloaded intentionally. @ https://w3.ibm.com/w3publisher/devices-ibm/return-your-device:0
[100558297ms] [ERROR] Failed to load resource: net::ERR_NAME_NOT_RESOLVED @ https://w3.s81c.com/w3publisher/site-service/health/ping:0
[100558299ms] AxiosError: Network Error
    at h.onerror (https://w3.ibm.com/w3publisher/assets/site-viewer-vendor-BI3YB0Ka.js:26:17204)
    at qx.request (https://w3.ibm.com/w3publisher/assets/site-viewer-vendor-BI3YB0Ka.js:28:2131)
    at async Lh (https://w3.ibm.com/w3publisher/assets/index-M7xrVzMj.js:318:23696)
    at async qS.Rh (https://w3.ibm.com/w3publisher/assets/index-M7xrVzMj.js:318:23763)
[100561299ms] [WARNING] The resource https://w3.ibm.com/w3publisher/devices-ibm/assets/rolldown-runtime-DAXXjFlN.js was preloaded using link preload but not used within a few seconds from the window's load event. Please make sure it has an appropriate `as` value and it is preloaded intentionally. @ https://w3.ibm.com/w3publisher/devices-ibm/return-your-device:0
[100561299ms] [WARNING] The resource https://w3.ibm.com/w3publisher/devices-ibm/assets/site-viewer-vendor-BI3YB0Ka.js was preloaded using link preload but not used within a few seconds from the window's load event. Please make sure it has an appropriate `as` value and it is preloaded intentionally. @ https://w3.ibm.com/w3publisher/devices-ibm/return-your-device:0
[101458273ms] [ERROR] Failed to load resource: net::ERR_NAME_NOT_RESOLVED @ https://w3.s81c.com/w3publisher/site-service/health/ping:0
[101458276ms] AxiosError: Network Error
    at h.onerror (https://w3.ibm.com/w3publisher/assets/site-viewer-vendor-BI3YB0Ka.js:26:17204)
    at qx.request (https://w3.ibm.com/w3publisher/assets/site-viewer-vendor-BI3YB0Ka.js:28:2131)
    at async Lh (https://w3.ibm.com/w3publisher/assets/index-M7xrVzMj.js:318:23696)
    at async qS.Rh (https://w3.ibm.com/w3publisher/assets/index-M7xrVzMj.js:318:23763)
[101461274ms] [WARNING] The resource https://w3.ibm.com/w3publisher/devices-ibm/assets/rolldown-runtime-DAXXjFlN.js was preloaded using link preload but not used within a few seconds from the window's load event. Please make sure it has an appropriate `as` value and it is preloaded intentionally. @ https://w3.ibm.com/w3publisher/devices-ibm/return-your-device:0
[101461274ms] [WARNING] The resource https://w3.ibm.com/w3publisher/devices-ibm/assets/site-viewer-vendor-BI3YB0Ka.js was preloaded using link preload but not used within a few seconds from the window's load event. Please make sure it has an appropriate `as` value and it is preloaded intentionally. @ https://w3.ibm.com/w3publisher/devices-ibm/return-your-device:0
[102358318ms] [ERROR] Failed to load resource: net::ERR_NAME_NOT_RESOLVED @ https://w3.s81c.com/w3publisher/site-service/health/ping:0
[102358322ms] AxiosError: Network Error
    at h.onerror (https://w3.ibm.com/w3publisher/assets/site-viewer-vendor-BI3YB0Ka.js:26:17204)
    at qx.request (https://w3.ibm.com/w3publisher/assets/site-viewer-vendor-BI3YB0Ka.js:28:2131)
    at async Lh (https://w3.ibm.com/w3publisher/assets/index-M7xrVzMj.js:318:23696)
    at async qS.Rh (https://w3.ibm.com/w3publisher/assets/index-M7xrVzMj.js:318:23763)
[102361319ms] [WARNING] The resource https://w3.ibm.com/w3publisher/devices-ibm/assets/rolldown-runtime-DAXXjFlN.js was preloaded using link preload but not used within a few seconds from the window's load event. Please make sure it has an appropriate `as` value and it is preloaded intentionally. @ https://w3.ibm.com/w3publisher/devices-ibm/return-your-device:0
[102361320ms] [WARNING] The resource https://w3.ibm.com/w3publisher/devices-ibm/assets/site-viewer-vendor-BI3YB0Ka.js was preloaded using link preload but not used within a few seconds from the window's load event. Please make sure it has an appropriate `as` value and it is preloaded intentionally. @ https://w3.ibm.com/w3publisher/devices-ibm/return-your-device:0
[103258398ms] [ERROR] Failed to load resource: net::ERR_NAME_NOT_RESOLVED @ https://w3.s81c.com/w3publisher/site-service/health/ping:0
[103258400ms] AxiosError: Network Error
    at h.onerror (https://w3.ibm.com/w3publisher/assets/site-viewer-vendor-BI3YB0Ka.js:26:17204)
    at qx.request (https://w3.ibm.com/w3publisher/assets/site-viewer-vendor-BI3YB0Ka.js:28:2131)
    at async Lh (https://w3.ibm.com/w3publisher/assets/index-M7xrVzMj.js:318:23696)
    at async qS.Rh (https://w3.ibm.com/w3publisher/assets/index-M7xrVzMj.js:318:23763)
[103261399ms] [WARNING] The resource https://w3.ibm.com/w3publisher/devices-ibm/assets/rolldown-runtime-DAXXjFlN.js was preloaded using link preload but not used within a few seconds from the window's load event. Please make sure it has an appropriate `as` value and it is preloaded intentionally. @ https://w3.ibm.com/w3publisher/devices-ibm/return-your-device:0
[103261400ms] [WARNING] The resource https://w3.ibm.com/w3publisher/devices-ibm/assets/site-viewer-vendor-BI3YB0Ka.js was preloaded using link preload but not used within a few seconds from the window's load event. Please make sure it has an appropriate `as` value and it is preloaded intentionally. @ https://w3.ibm.com/w3publisher/devices-ibm/return-your-device:0
[104158327ms] [ERROR] Failed to load resource: net::ERR_NAME_NOT_RESOLVED @ https://w3.s81c.com/w3publisher/site-service/health/ping:0
[104158333ms] AxiosError: Network Error
    at h.onerror (https://w3.ibm.com/w3publisher/assets/site-viewer-vendor-BI3YB0Ka.js:26:17204)
    at qx.request (https://w3.ibm.com/w3publisher/assets/site-viewer-vendor-BI3YB0Ka.js:28:2131)
    at async Lh (https://w3.ibm.com/w3publisher/assets/index-M7xrVzMj.js:318:23696)
    at async qS.Rh (https://w3.ibm.com/w3publisher/assets/index-M7xrVzMj.js:318:23763)
[104161328ms] [WARNING] The resource https://w3.ibm.com/w3publisher/devices-ibm/assets/rolldown-runtime-DAXXjFlN.js was preloaded using link preload but not used within a few seconds from the window's load event. Please make sure it has an appropriate `as` value and it is preloaded intentionally. @ https://w3.ibm.com/w3publisher/devices-ibm/return-your-device:0
[104161329ms] [WARNING] The resource https://w3.ibm.com/w3publisher/devices-ibm/assets/site-viewer-vendor-BI3YB0Ka.js was preloaded using link preload but not used within a few seconds from the window's load event. Please make sure it has an appropriate `as` value and it is preloaded intentionally. @ https://w3.ibm.com/w3publisher/devices-ibm/return-your-device:0
[105058328ms] [ERROR] Failed to load resource: net::ERR_NAME_NOT_RESOLVED @ https://w3.s81c.com/w3publisher/site-service/health/ping:0
[105058330ms] AxiosError: Network Error
    at h.onerror (https://w3.ibm.com/w3publisher/assets/site-viewer-vendor-BI3YB0Ka.js:26:17204)
    at qx.request (https://w3.ibm.com/w3publisher/assets/site-viewer-vendor-BI3YB0Ka.js:28:2131)
    at async Lh (https://w3.ibm.com/w3publisher/assets/index-M7xrVzMj.js:318:23696)
    at async qS.Rh (https://w3.ibm.com/w3publisher/assets/index-M7xrVzMj.js:318:23763)
[105061330ms] [WARNING] The resource https://w3.ibm.com/w3publisher/devices-ibm/assets/rolldown-runtime-DAXXjFlN.js was preloaded using link preload but not used within a few seconds from the window's load event. Please make sure it has an appropriate `as` value and it is preloaded intentionally. @ https://w3.ibm.com/w3publisher/devices-ibm/return-your-device:0
[105061330ms] [WARNING] The resource https://w3.ibm.com/w3publisher/devices-ibm/assets/site-viewer-vendor-BI3YB0Ka.js was preloaded using link preload but not used within a few seconds from the window's load event. Please make sure it has an appropriate `as` value and it is preloaded intentionally. @ https://w3.ibm.com/w3publisher/devices-ibm/return-your-device:0
[105958368ms] [ERROR] Failed to load resource: net::ERR_NAME_NOT_RESOLVED @ https://w3.s81c.com/w3publisher/site-service/health/ping:0
[105958370ms] AxiosError: Network Error
    at h.onerror (https://w3.ibm.com/w3publisher/assets/site-viewer-vendor-BI3YB0Ka.js:26:17204)
    at qx.request (https://w3.ibm.com/w3publisher/assets/site-viewer-vendor-BI3YB0Ka.js:28:2131)
    at async Lh (https://w3.ibm.com/w3publisher/assets/index-M7xrVzMj.js:318:23696)
    at async qS.Rh (https://w3.ibm.com/w3publisher/assets/index-M7xrVzMj.js:318:23763)
[105961370ms] [WARNING] The resource https://w3.ibm.com/w3publisher/devices-ibm/assets/rolldown-runtime-DAXXjFlN.js was preloaded using link preload but not used within a few seconds from the window's load event. Please make sure it has an appropriate `as` value and it is preloaded intentionally. @ https://w3.ibm.com/w3publisher/devices-ibm/return-your-device:0
[105961371ms] [WARNING] The resource https://w3.ibm.com/w3publisher/devices-ibm/assets/site-viewer-vendor-BI3YB0Ka.js was preloaded using link preload but not used within a few seconds from the window's load event. Please make sure it has an appropriate `as` value and it is preloaded intentionally. @ https://w3.ibm.com/w3publisher/devices-ibm/return-your-device:0
[106858501ms] [ERROR] Failed to load resource: net::ERR_NAME_NOT_RESOLVED @ https://w3.s81c.com/w3publisher/site-service/health/ping:0
[106858504ms] AxiosError: Network Error
    at h.onerror (https://w3.ibm.com/w3publisher/assets/site-viewer-vendor-BI3YB0Ka.js:26:17204)
    at qx.request (https://w3.ibm.com/w3publisher/assets/site-viewer-vendor-BI3YB0Ka.js:28:2131)
    at async Lh (https://w3.ibm.com/w3publisher/assets/index-M7xrVzMj.js:318:23696)
    at async qS.Rh (https://w3.ibm.com/w3publisher/assets/index-M7xrVzMj.js:318:23763)
[106861502ms] [WARNING] The resource https://w3.ibm.com/w3publisher/devices-ibm/assets/rolldown-runtime-DAXXjFlN.js was preloaded using link preload but not used within a few seconds from the window's load event. Please make sure it has an appropriate `as` value and it is preloaded intentionally. @ https://w3.ibm.com/w3publisher/devices-ibm/return-your-device:0
[106861503ms] [WARNING] The resource https://w3.ibm.com/w3publisher/devices-ibm/assets/site-viewer-vendor-BI3YB0Ka.js was preloaded using link preload but not used within a few seconds from the window's load event. Please make sure it has an appropriate `as` value and it is preloaded intentionally. @ https://w3.ibm.com/w3publisher/devices-ibm/return-your-device:0
[107758923ms] [ERROR] Failed to load resource: net::ERR_NAME_NOT_RESOLVED @ https://w3.s81c.com/w3publisher/site-service/health/ping:0
[107758925ms] AxiosError: Network Error
    at h.onerror (https://w3.ibm.com/w3publisher/assets/site-viewer-vendor-BI3YB0Ka.js:26:17204)
    at qx.request (https://w3.ibm.com/w3publisher/assets/site-viewer-vendor-BI3YB0Ka.js:28:2131)
    at async Lh (https://w3.ibm.com/w3publisher/assets/index-M7xrVzMj.js:318:23696)
    at async qS.Rh (https://w3.ibm.com/w3publisher/assets/index-M7xrVzMj.js:318:23763)
[107761925ms] [WARNING] The resource https://w3.ibm.com/w3publisher/devices-ibm/assets/rolldown-runtime-DAXXjFlN.js was preloaded using link preload but not used within a few seconds from the window's load event. Please make sure it has an appropriate `as` value and it is preloaded intentionally. @ https://w3.ibm.com/w3publisher/devices-ibm/return-your-device:0
[107761925ms] [WARNING] The resource https://w3.ibm.com/w3publisher/devices-ibm/assets/site-viewer-vendor-BI3YB0Ka.js was preloaded using link preload but not used within a few seconds from the window's load event. Please make sure it has an appropriate `as` value and it is preloaded intentionally. @ https://w3.ibm.com/w3publisher/devices-ibm/return-your-device:0
[108658364ms] [ERROR] Failed to load resource: net::ERR_NAME_NOT_RESOLVED @ https://w3.s81c.com/w3publisher/site-service/health/ping:0
[108658366ms] AxiosError: Network Error
    at h.onerror (https://w3.ibm.com/w3publisher/assets/site-viewer-vendor-BI3YB0Ka.js:26:17204)
    at qx.request (https://w3.ibm.com/w3publisher/assets/site-viewer-vendor-BI3YB0Ka.js:28:2131)
    at async Lh (https://w3.ibm.com/w3publisher/assets/index-M7xrVzMj.js:318:23696)
    at async qS.Rh (https://w3.ibm.com/w3publisher/assets/index-M7xrVzMj.js:318:23763)
[108661367ms] [WARNING] The resource https://w3.ibm.com/w3publisher/devices-ibm/assets/rolldown-runtime-DAXXjFlN.js was preloaded using link preload but not used within a few seconds from the window's load event. Please make sure it has an appropriate `as` value and it is preloaded intentionally. @ https://w3.ibm.com/w3publisher/devices-ibm/return-your-device:0
[108661367ms] [WARNING] The resource https://w3.ibm.com/w3publisher/devices-ibm/assets/site-viewer-vendor-BI3YB0Ka.js was preloaded using link preload but not used within a few seconds from the window's load event. Please make sure it has an appropriate `as` value and it is preloaded intentionally. @ https://w3.ibm.com/w3publisher/devices-ibm/return-your-device:0
[109558365ms] [ERROR] Failed to load resource: net::ERR_NAME_NOT_RESOLVED @ https://w3.s81c.com/w3publisher/site-service/health/ping:0
[109558367ms] AxiosError: Network Error
    at h.onerror (https://w3.ibm.com/w3publisher/assets/site-viewer-vendor-BI3YB0Ka.js:26:17204)
    at qx.request (https://w3.ibm.com/w3publisher/assets/site-viewer-vendor-BI3YB0Ka.js:28:2131)
    at async Lh (https://w3.ibm.com/w3publisher/assets/index-M7xrVzMj.js:318:23696)
    at async qS.Rh (https://w3.ibm.com/w3publisher/assets/index-M7xrVzMj.js:318:23763)
[109561368ms] [WARNING] The resource https://w3.ibm.com/w3publisher/devices-ibm/assets/rolldown-runtime-DAXXjFlN.js was preloaded using link preload but not used within a few seconds from the window's load event. Please make sure it has an appropriate `as` value and it is preloaded intentionally. @ https://w3.ibm.com/w3publisher/devices-ibm/return-your-device:0
[109561368ms] [WARNING] The resource https://w3.ibm.com/w3publisher/devices-ibm/assets/site-viewer-vendor-BI3YB0Ka.js was preloaded using link preload but not used within a few seconds from the window's load event. Please make sure it has an appropriate `as` value and it is preloaded intentionally. @ https://w3.ibm.com/w3publisher/devices-ibm/return-your-device:0
[110458452ms] [ERROR] Failed to load resource: net::ERR_NAME_NOT_RESOLVED @ https://w3.s81c.com/w3publisher/site-service/health/ping:0
[110458455ms] AxiosError: Network Error
    at h.onerror (https://w3.ibm.com/w3publisher/assets/site-viewer-vendor-BI3YB0Ka.js:26:17204)
    at qx.request (https://w3.ibm.com/w3publisher/assets/site-viewer-vendor-BI3YB0Ka.js:28:2131)
    at async Lh (https://w3.ibm.com/w3publisher/assets/index-M7xrVzMj.js:318:23696)
    at async qS.Rh (https://w3.ibm.com/w3publisher/assets/index-M7xrVzMj.js:318:23763)
[110461454ms] [WARNING] The resource https://w3.ibm.com/w3publisher/devices-ibm/assets/rolldown-runtime-DAXXjFlN.js was preloaded using link preload but not used within a few seconds from the window's load event. Please make sure it has an appropriate `as` value and it is preloaded intentionally. @ https://w3.ibm.com/w3publisher/devices-ibm/return-your-device:0
[110461455ms] [WARNING] The resource https://w3.ibm.com/w3publisher/devices-ibm/assets/site-viewer-vendor-BI3YB0Ka.js was preloaded using link preload but not used within a few seconds from the window's load event. Please make sure it has an appropriate `as` value and it is preloaded intentionally. @ https://w3.ibm.com/w3publisher/devices-ibm/return-your-device:0
[111358422ms] [ERROR] Failed to load resource: net::ERR_NAME_NOT_RESOLVED @ https://w3.s81c.com/w3publisher/site-service/health/ping:0
[111358426ms] AxiosError: Network Error
    at h.onerror (https://w3.ibm.com/w3publisher/assets/site-viewer-vendor-BI3YB0Ka.js:26:17204)
    at qx.request (https://w3.ibm.com/w3publisher/assets/site-viewer-vendor-BI3YB0Ka.js:28:2131)
    at async Lh (https://w3.ibm.com/w3publisher/assets/index-M7xrVzMj.js:318:23696)
    at async qS.Rh (https://w3.ibm.com/w3publisher/assets/index-M7xrVzMj.js:318:23763)
[111361425ms] [WARNING] The resource https://w3.ibm.com/w3publisher/devices-ibm/assets/rolldown-runtime-DAXXjFlN.js was preloaded using link preload but not used within a few seconds from the window's load event. Please make sure it has an appropriate `as` value and it is preloaded intentionally. @ https://w3.ibm.com/w3publisher/devices-ibm/return-your-device:0
[111361425ms] [WARNING] The resource https://w3.ibm.com/w3publisher/devices-ibm/assets/site-viewer-vendor-BI3YB0Ka.js was preloaded using link preload but not used within a few seconds from the window's load event. Please make sure it has an appropriate `as` value and it is preloaded intentionally. @ https://w3.ibm.com/w3publisher/devices-ibm/return-your-device:0
[112258436ms] [ERROR] Failed to load resource: net::ERR_NAME_NOT_RESOLVED @ https://w3.s81c.com/w3publisher/site-service/health/ping:0
[112258439ms] AxiosError: Network Error
    at h.onerror (https://w3.ibm.com/w3publisher/assets/site-viewer-vendor-BI3YB0Ka.js:26:17204)
    at qx.request (https://w3.ibm.com/w3publisher/assets/site-viewer-vendor-BI3YB0Ka.js:28:2131)
    at async Lh (https://w3.ibm.com/w3publisher/assets/index-M7xrVzMj.js:318:23696)
    at async qS.Rh (https://w3.ibm.com/w3publisher/assets/index-M7xrVzMj.js:318:23763)
[112261439ms] [WARNING] The resource https://w3.ibm.com/w3publisher/devices-ibm/assets/rolldown-runtime-DAXXjFlN.js was preloaded using link preload but not used within a few seconds from the window's load event. Please make sure it has an appropriate `as` value and it is preloaded intentionally. @ https://w3.ibm.com/w3publisher/devices-ibm/return-your-device:0
[112261439ms] [WARNING] The resource https://w3.ibm.com/w3publisher/devices-ibm/assets/site-viewer-vendor-BI3YB0Ka.js was preloaded using link preload but not used within a few seconds from the window's load event. Please make sure it has an appropriate `as` value and it is preloaded intentionally. @ https://w3.ibm.com/w3publisher/devices-ibm/return-your-device:0
[113158430ms] [ERROR] Failed to load resource: net::ERR_NAME_NOT_RESOLVED @ https://w3.s81c.com/w3publisher/site-service/health/ping:0
[113158432ms] AxiosError: Network Error
    at h.onerror (https://w3.ibm.com/w3publisher/assets/site-viewer-vendor-BI3YB0Ka.js:26:17204)
    at qx.request (https://w3.ibm.com/w3publisher/assets/site-viewer-vendor-BI3YB0Ka.js:28:2131)
    at async Lh (https://w3.ibm.com/w3publisher/assets/index-M7xrVzMj.js:318:23696)
    at async qS.Rh (https://w3.ibm.com/w3publisher/assets/index-M7xrVzMj.js:318:23763)
[113161432ms] [WARNING] The resource https://w3.ibm.com/w3publisher/devices-ibm/assets/rolldown-runtime-DAXXjFlN.js was preloaded using link preload but not used within a few seconds from the window's load event. Please make sure it has an appropriate `as` value and it is preloaded intentionally. @ https://w3.ibm.com/w3publisher/devices-ibm/return-your-device:0
[113161432ms] [WARNING] The resource https://w3.ibm.com/w3publisher/devices-ibm/assets/site-viewer-vendor-BI3YB0Ka.js was preloaded using link preload but not used within a few seconds from the window's load event. Please make sure it has an appropriate `as` value and it is preloaded intentionally. @ https://w3.ibm.com/w3publisher/devices-ibm/return-your-device:0
[114058502ms] [ERROR] Failed to load resource: net::ERR_NAME_NOT_RESOLVED @ https://w3.s81c.com/w3publisher/site-service/health/ping:0
[114058505ms] AxiosError: Network Error
    at h.onerror (https://w3.ibm.com/w3publisher/assets/site-viewer-vendor-BI3YB0Ka.js:26:17204)
    at qx.request (https://w3.ibm.com/w3publisher/assets/site-viewer-vendor-BI3YB0Ka.js:28:2131)
    at async Lh (https://w3.ibm.com/w3publisher/assets/index-M7xrVzMj.js:318:23696)
    at async qS.Rh (https://w3.ibm.com/w3publisher/assets/index-M7xrVzMj.js:318:23763)
[114061506ms] [WARNING] The resource https://w3.ibm.com/w3publisher/devices-ibm/assets/rolldown-runtime-DAXXjFlN.js was preloaded using link preload but not used within a few seconds from the window's load event. Please make sure it has an appropriate `as` value and it is preloaded intentionally. @ https://w3.ibm.com/w3publisher/devices-ibm/return-your-device:0
[114061506ms] [WARNING] The resource https://w3.ibm.com/w3publisher/devices-ibm/assets/site-viewer-vendor-BI3YB0Ka.js was preloaded using link preload but not used within a few seconds from the window's load event. Please make sure it has an appropriate `as` value and it is preloaded intentionally. @ https://w3.ibm.com/w3publisher/devices-ibm/return-your-device:0
[114958398ms] [ERROR] Failed to load resource: net::ERR_NAME_NOT_RESOLVED @ https://w3.s81c.com/w3publisher/site-service/health/ping:0
[114958401ms] AxiosError: Network Error
    at h.onerror (https://w3.ibm.com/w3publisher/assets/site-viewer-vendor-BI3YB0Ka.js:26:17204)
    at qx.request (https://w3.ibm.com/w3publisher/assets/site-viewer-vendor-BI3YB0Ka.js:28:2131)
    at async Lh (https://w3.ibm.com/w3publisher/assets/index-M7xrVzMj.js:318:23696)
    at async qS.Rh (https://w3.ibm.com/w3publisher/assets/index-M7xrVzMj.js:318:23763)
[114961400ms] [WARNING] The resource https://w3.ibm.com/w3publisher/devices-ibm/assets/rolldown-runtime-DAXXjFlN.js was preloaded using link preload but not used within a few seconds from the window's load event. Please make sure it has an appropriate `as` value and it is preloaded intentionally. @ https://w3.ibm.com/w3publisher/devices-ibm/return-your-device:0
[114961400ms] [WARNING] The resource https://w3.ibm.com/w3publisher/devices-ibm/assets/site-viewer-vendor-BI3YB0Ka.js was preloaded using link preload but not used within a few seconds from the window's load event. Please make sure it has an appropriate `as` value and it is preloaded intentionally. @ https://w3.ibm.com/w3publisher/devices-ibm/return-your-device:0
[115858399ms] [ERROR] Failed to load resource: net::ERR_NAME_NOT_RESOLVED @ https://w3.s81c.com/w3publisher/site-service/health/ping:0
[115858406ms] AxiosError: Network Error
    at h.onerror (https://w3.ibm.com/w3publisher/assets/site-viewer-vendor-BI3YB0Ka.js:26:17204)
    at qx.request (https://w3.ibm.com/w3publisher/assets/site-viewer-vendor-BI3YB0Ka.js:28:2131)
    at async Lh (https://w3.ibm.com/w3publisher/assets/index-M7xrVzMj.js:318:23696)
    at async qS.Rh (https://w3.ibm.com/w3publisher/assets/index-M7xrVzMj.js:318:23763)
[115861402ms] [WARNING] The resource https://w3.ibm.com/w3publisher/devices-ibm/assets/rolldown-runtime-DAXXjFlN.js was preloaded using link preload but not used within a few seconds from the window's load event. Please make sure it has an appropriate `as` value and it is preloaded intentionally. @ https://w3.ibm.com/w3publisher/devices-ibm/return-your-device:0
[115861402ms] [WARNING] The resource https://w3.ibm.com/w3publisher/devices-ibm/assets/site-viewer-vendor-BI3YB0Ka.js was preloaded using link preload but not used within a few seconds from the window's load event. Please make sure it has an appropriate `as` value and it is preloaded intentionally. @ https://w3.ibm.com/w3publisher/devices-ibm/return-your-device:0
